id,first_name,last_name,email,gender,country
1,John,Torres,jtorres0@irs.gov,Male,Canada
2,Thomas,Jacobs,tjacobs1@si.edu,Male,Mexico
3,Lawrence,Cunningham,lcunningham2@twitpic.com,Male,Canada
4,Annie,Hughes,ahughes3@gnu.org,Female,United States
5,Jeffrey,Garrett,jgarrett4@mtv.com,Male,United States
6,Chris,Stone,cstone5@woothemes.com,Male,Canada
7,Keith,Brooks,kbrooks6@mozilla.com,Male,United States
8,Judith,Snyder,jsnyder7@unblog.fr,Female,United States
9,Laura,Rivera,lrivera8@weather.com,Female,United States
10,Judith,Little,jlittle9@utexas.edu,Female,United States
11,Lillian,Sanchez,lsancheza@craigslist.org,Female,Mexico
12,Eric,Campbell,ecampbellb@vinaora.com,Male,Canada
13,Phillip,Wallace,,Male,Canada
14,Kathleen,Crawford,kcrawfordd@altervista.org,Female,Mexico
15,Deborah,Gutierrez,dgutierreze@imgur.com,Female,Mexico
16,Kathryn,Henry,khenryf@yandex.ru,Female,Canada
17,Stephanie,Marshall,smarshallg@hubpages.com,Female,Canada
18,Douglas,Reyes,dreyesh@sciencedaily.com,Male,Canada
19,Norma,Garza,ngarzai@dion.ne.jp,Female,Canada
20,Diane,Cruz,dcruzj@discovery.com,Female,United States
21,Juan,Sanders,,Male,Mexico
22,Johnny,Simmons,jsimmonsl@meetup.com,Male,United States
23,Janice,Morris,jmorrism@sakura.ne.jp,Female,Mexico
24,Keith,Garza,kgarzan@domainmarket.com,Male,United States
25,Julia,Jones,jjoneso@craigslist.org,Female,Mexico
26,Andrew,Bishop,abishopp@g.co,Male,Canada
27,Louise,Dunn,ldunnq@weebly.com,Female,Canada
28,Jeremy,Watkins,jwatkinsr@theatlantic.com,Male,Canada
29,Lori,Wells,lwellss@zimbio.com,Female,United States
30,Jean,Hicks,jhickst@networkadvertising.org,Female,United States
31,Willie,Nguyen,wnguyenu@hhs.gov,Male,United States
32,Ronald,Carr,rcarrv@cpanel.net,Male,United States
33,Joyce,Hill,jhillw@indiegogo.com,Female,Canada
34,Jacqueline,Garza,jgarzax@weibo.com,Female,Mexico
35,Jimmy,Dean,jdeany@aol.com,Male,United States
36,Antonio,Garrett,agarrettz@php.net,Male,United States
37,Jimmy,Ward,jward10@posterous.com,Male,Mexico
38,Steve,Fuller,sfuller11@telegraph.co.uk,Male,United States
39,Nicholas,Knight,nknight12@de.vu,Male,United States
40,Jesse,Bennett,jbennett13@wunderground.com,Male,Canada
41,Andrew,Long,along14@archive.org,Male,Mexico
42,Scott,Cruz,scruz15@cloudflare.com,Male,United States
43,Marie,Wagner,mwagner16@g.co,Female,United States
44,Joe,Matthews,jmatthews17@indiatimes.com,Male,Mexico
45,Diana,Hudson,dhudson18@walmart.com,Female,Mexico
46,Anna,Ortiz,aortiz19@usa.gov,Female,United States
47,Keith,Rodriguez,krodriguez1a@tiny.cc,Male,United States
48,Julie,Hernandez,jhernandez1b@google.com.au,Female,Mexico
49,Dorothy,Wheeler,dwheeler1c@naver.com,Female,Mexico
50,Aaron,Cruz,acruz1d@trellian.com,Male,Mexico
51,Melissa,Owens,mowens1e@stanford.edu,Female,Canada
52,Rose,Little,rlittle1f@studiopress.com,Female,Canada
53,Ruth,Garrett,rgarrett1g@irs.gov,Female,Canada
54,Helen,Cox,hcox1h@posterous.com,Female,Canada
55,Elizabeth,Austin,eaustin1i@sohu.com,Female,United States
56,Ruby,Mendoza,rmendoza1j@cnbc.com,Female,United States
57,Walter,Powell,wpowell1k@yahoo.com,Male,United States
58,Frank,Perez,fperez1l@jalbum.net,Male,United States
59,Robin,Richards,rrichards1m@cdbaby.com,Female,United States
60,Teresa,Ryan,tryan1n@yahoo.com,Female,United States
61,Paula,Carter,pcarter1o@samsung.com,Female,United States
62,Ronald,Lopez,rlopez1p@tuttocitta.it,Male,United States
63,Kelly,Gilbert,kgilbert1q@kickstarter.com,Female,United States
64,Carolyn,Berry,cberry1r@walmart.com,Female,Mexico
65,Frank,Webb,fwebb1s@squidoo.com,Male,United States
66,Debra,Fowler,dfowler1t@mac.com,Female,Canada
67,Diana,Lane,dlane1u@princeton.edu,Female,United States
68,Todd,Knight,tknight1v@seattletimes.com,Male,United States
69,Cheryl,Moore,cmoore1w@wikipedia.org,Female,United States
70,George,Hunt,ghunt1x@weibo.com,Male,Mexico
71,Deborah,Sullivan,dsullivan1y@jiathis.com,Female,United States
72,Louise,Sims,lsims1z@cnbc.com,Female,United States
73,Antonio,Burns,aburns20@state.tx.us,Male,United States
74,Lois,Henry,lhenry21@psu.edu,Female,Mexico
75,Marilyn,Peters,mpeters22@biblegateway.com,Female,United States
76,Harold,Ferguson,hferguson23@ox.ac.uk,Male,United States
77,Joyce,Porter,jporter24@eepurl.com,Female,Mexico
78,Harry,Robinson,hrobinson25@omniture.com,Male,Canada
79,Albert,Rogers,arogers26@cam.ac.uk,Male,United States
80,Denise,Hansen,dhansen27@netvibes.com,Female,Mexico
81,Margaret,Fernandez,mfernandez28@domainmarket.com,Female,United States
82,Harry,Spencer,hspencer29@mit.edu,Male,United States
83,Stephanie,Owens,sowens2a@cpanel.net,Female,Canada
84,Ernest,Fisher,efisher2b@abc.net.au,Male,Mexico
85,Craig,Garza,cgarza2c@nsw.gov.au,Male,United States
86,Frances,Ward,fward2d@oracle.com,Female,Canada
87,Ronald,Wood,rwood2e@imgur.com,Male,United States
88,Matthew,Rivera,,Male,Canada
89,Ruby,Day,rday2g@artisteer.com,Female,United States
90,Lori,Hayes,lhayes2h@last.fm,Female,United States
91,Martha,Stephens,mstephens2i@meetup.com,Female,United States
92,Antonio,Carter,acarter2j@blog.com,Male,United States
93,Irene,Reyes,ireyes2k@businessinsider.com,Female,United States
94,Brian,Woods,bwoods2l@cmu.edu,Male,Mexico
95,Teresa,Washington,twashington2m@washington.edu,Female,Mexico
96,Mary,Cruz,mcruz2n@dailymail.co.uk,Female,Canada
97,Lori,Carpenter,lcarpenter2o@mashable.com,Female,Canada
98,Joseph,Cunningham,jcunningham2p@tamu.edu,Male,United States
99,Philip,Ramirez,pramirez2q@yellowpages.com,Male,Mexico
100,Marilyn,Carter,mcarter2r@sbwire.com,Female,Canada
101,Julie,Alvarez,jalvarez2s@arstechnica.com,Female,Canada
102,Phillip,Cruz,pcruz2t@soup.io,Male,United States
103,Robert,Griffin,rgriffin2u@gravatar.com,Male,United States
104,Martha,Russell,mrussell2v@sourceforge.net,Female,Canada
105,Benjamin,Romero,bromero2w@skype.com,Male,United States
106,John,Chapman,jchapman2x@ebay.co.uk,Male,Canada
107,Peter,King,pking2y@pagesperso-orange.fr,Male,Canada
108,Harry,Holmes,hholmes2z@comcast.net,Male,Mexico
109,Anthony,Pierce,apierce30@oaic.gov.au,Male,Canada
110,Emily,Simmons,esimmons31@digg.com,Female,Mexico
111,Jeremy,Diaz,jdiaz32@shareasale.com,Male,United States
112,Andrea,Kim,akim33@globo.com,Female,United States
113,Doris,Sanchez,dsanchez34@storify.com,Female,Mexico
114,Carlos,Austin,caustin35@psu.edu,Male,United States
115,Johnny,Miller,jmiller36@squarespace.com,Male,United States
116,Lois,Day,lday37@dropbox.com,Female,Canada
117,Ann,Mcdonald,amcdonald38@soundcloud.com,Female,Canada
118,Janet,Gutierrez,jgutierrez39@usatoday.com,Female,Canada
119,Roger,Harper,rharper3a@vkontakte.ru,Male,United States
120,Sean,Simmons,ssimmons3b@geocities.com,Male,Mexico
121,Linda,Mitchell,lmitchell3c@example.com,Female,Canada
122,Phyllis,Ortiz,portiz3d@walmart.com,Female,United States
123,Mark,Nelson,mnelson3e@umich.edu,Male,United States
124,Roger,Hanson,,Male,United States
125,Gloria,Robinson,grobinson3g@shareasale.com,Female,Mexico
126,Jonathan,Howell,jhowell3h@sogou.com,Male,Canada
127,Janice,Hall,jhall3i@nytimes.com,Female,United States
128,Kelly,Wilson,kwilson3j@paginegialle.it,Female,Canada
129,Roy,Jacobs,rjacobs3k@jimdo.com,Male,Mexico
130,Mary,Wallace,mwallace3l@mediafire.com,Female,United States
131,Lois,Jackson,ljackson3m@squarespace.com,Female,Canada
132,Adam,Wilson,,Male,United States
133,Pamela,Hansen,phansen3o@free.fr,Female,United States
134,Kathleen,Greene,kgreene3p@cbc.ca,Female,Mexico
135,John,Harvey,jharvey3q@google.nl,Male,Canada
136,Linda,Day,lday3r@columbia.edu,Female,Mexico
137,Joseph,Bailey,jbailey3s@upenn.edu,Male,Canada
138,Brenda,Rose,brose3t@narod.ru,Female,United States
139,Ruth,Morgan,rmorgan3u@unblog.fr,Female,Mexico
140,Matthew,Ramos,mramos3v@scientificamerican.com,Male,United States
141,Katherine,Scott,kscott3w@dropbox.com,Female,United States
142,Daniel,Palmer,dpalmer3x@smh.com.au,Male,United States
143,Louise,Young,lyoung3y@newsvine.com,Female,Canada
144,Jack,Davis,jdavis3z@taobao.com,Male,United States
145,Julia,Gonzales,jgonzales40@independent.co.uk,Female,United States
146,Laura,Matthews,lmatthews41@java.com,Female,United States
147,George,Martin,gmartin42@wisc.edu,Male,Canada
148,Louis,Williamson,lwilliamson43@marriott.com,Male,Mexico
149,Phyllis,Welch,pwelch44@youku.com,Female,Canada
150,Marie,George,mgeorge45@hibu.com,Female,United States
151,Steve,Bailey,sbailey46@domainmarket.com,Male,Mexico
152,Shirley,Hamilton,shamilton47@tamu.edu,Female,United States
153,Virginia,Snyder,vsnyder48@skype.com,Female,United States
154,George,Coleman,gcoleman49@tinyurl.com,Male,Mexico
155,Carlos,Matthews,cmatthews4a@harvard.edu,Male,Mexico
156,Jennifer,Adams,jadams4b@hc360.com,Female,Canada
157,Charles,Mitchell,cmitchell4c@studiopress.com,Male,United States
158,Elizabeth,Thomas,ethomas4d@tumblr.com,Female,United States
159,Randy,Martin,rmartin4e@merriam-webster.com,Male,Mexico
160,Robert,Anderson,randerson4f@clickbank.net,Male,United States
161,David,Green,dgreen4g@cloudflare.com,Male,United States
162,Christopher,Stanley,cstanley4h@mlb.com,Male,United States
163,Gloria,Mason,gmason4i@usgs.gov,Female,Mexico
164,Benjamin,Ellis,bellis4j@answers.com,Male,Mexico
165,Lillian,West,lwest4k@pinterest.com,Female,United States
166,Martin,Ford,mford4l@umich.edu,Male,United States
167,Barbara,Allen,,Female,Mexico
168,Daniel,Lynch,dlynch4n@abc.net.au,Male,United States
169,Michael,Hill,mhill4o@trellian.com,Male,United States
170,Randy,Martinez,rmartinez4p@scientificamerican.com,Male,Canada
171,Keith,Robertson,,Male,Canada
172,Charles,Alvarez,calvarez4r@engadget.com,Male,United States
173,Rachel,Fernandez,rfernandez4s@ebay.co.uk,Female,Mexico
174,Joyce,Evans,jevans4t@tripadvisor.com,Female,United States
175,Keith,Nelson,knelson4u@1und1.de,Male,Canada
176,Gerald,Ross,,Male,Mexico
177,Elizabeth,Butler,ebutler4w@latimes.com,Female,United States
178,Lawrence,Peters,lpeters4x@google.ru,Male,Mexico
179,Marie,Butler,mbutler4y@pbs.org,Female,United States
180,Julia,Phillips,jphillips4z@xinhuanet.com,Female,Canada
181,Jeffrey,Rose,jrose50@livejournal.com,Male,Mexico
182,Cheryl,Day,cday51@webmd.com,Female,United States
183,Lawrence,Nelson,lnelson52@feedburner.com,Male,United States
184,Beverly,Peterson,bpeterson53@timesonline.co.uk,Female,United States
185,Louise,Clark,lclark54@csmonitor.com,Female,United States
186,Andrew,Romero,aromero55@prweb.com,Male,United States
187,Juan,Alexander,,Male,Canada
188,Nicholas,Burns,nburns57@rediff.com,Male,Mexico
189,Carol,Mendoza,cmendoza58@mac.com,Female,Mexico
190,Alice,Cunningham,acunningham59@surveymonkey.com,Female,Mexico
191,Juan,Reyes,jreyes5a@ustream.tv,Male,Canada
192,Kenneth,Mills,kmills5b@canalblog.com,Male,United States
193,Lillian,Nguyen,lnguyen5c@zimbio.com,Female,United States
194,Christina,Olson,colson5d@reverbnation.com,Female,United States
195,Tina,Stone,tstone5e@weebly.com,Female,United States
196,Fred,Hall,fhall5f@utexas.edu,Male,Canada
197,Donald,Holmes,dholmes5g@usa.gov,Male,United States
198,Carolyn,Price,cprice5h@uiuc.edu,Female,Mexico
199,Tammy,Lee,,Female,Mexico
200,Frank,Mendoza,fmendoza5j@nhs.uk,Male,United States
201,Timothy,Bradley,tbradley5k@meetup.com,Male,Mexico
202,Roger,Burns,rburns5l@twitter.com,Male,United States
203,Peter,Sanders,psanders5m@ca.gov,Male,United States
204,Jennifer,Franklin,jfranklin5n@nymag.com,Female,Canada
205,Joan,Foster,jfoster5o@qq.com,Female,United States
206,Justin,Torres,jtorres5p@reuters.com,Male,United States
207,Rebecca,Simpson,rsimpson5q@miitbeian.gov.cn,Female,United States
208,Albert,Jacobs,ajacobs5r@answers.com,Male,United States
209,Edward,Allen,eallen5s@noaa.gov,Male,Mexico
210,Steve,Knight,sknight5t@aol.com,Male,United States
211,Karen,Palmer,kpalmer5u@stumbleupon.com,Female,United States
212,Amanda,Watkins,awatkins5v@oaic.gov.au,Female,Canada
213,Cheryl,Foster,cfoster5w@t-online.de,Female,United States
214,Mary,Perry,mperry5x@reuters.com,Female,United States
215,George,Fuller,gfuller5y@acquirethisname.com,Male,Canada
216,Virginia,Tucker,vtucker5z@springer.com,Female,United States
217,Martha,Fields,mfields60@eepurl.com,Female,United States
218,Wanda,Hill,,Female,Mexico
219,Teresa,Pierce,tpierce62@msn.com,Female,United States
220,Karen,Andrews,kandrews63@diigo.com,Female,Mexico
221,David,Collins,dcollins64@nature.com,Male,Mexico
222,Catherine,Sanders,csanders65@comcast.net,Female,Canada
223,Jose,Jordan,jjordan66@ucla.edu,Male,Canada
224,Brian,Ortiz,bortiz67@telegraph.co.uk,Male,Canada
225,George,Burton,gburton68@xrea.com,Male,Mexico
226,Heather,Sanchez,hsanchez69@slashdot.org,Female,United States
227,Shirley,Watkins,swatkins6a@bing.com,Female,Canada
228,Diana,Kelly,,Female,Mexico
229,Harold,Wilson,hwilson6c@feedburner.com,Male,Canada
230,Helen,Miller,hmiller6d@wordpress.com,Female,Mexico
231,Susan,Bailey,sbailey6e@columbia.edu,Female,United States
232,Ryan,Roberts,rroberts6f@ustream.tv,Male,United States
233,Steven,Butler,sbutler6g@discovery.com,Male,Mexico
234,Chris,Burke,cburke6h@nsw.gov.au,Male,Mexico
235,Michael,Perkins,mperkins6i@wikia.com,Male,United States
236,Wayne,Gardner,wgardner6j@skype.com,Male,Canada
237,David,Rodriguez,drodriguez6k@scientificamerican.com,Male,United States
238,Samuel,Chapman,schapman6l@google.ca,Male,United States
239,Sharon,Warren,swarren6m@utexas.edu,Female,Mexico
240,Sean,Russell,srussell6n@google.com,Male,Canada
241,Jesse,Campbell,jcampbell6o@hp.com,Male,Mexico
242,Craig,Butler,cbutler6p@dropbox.com,Male,Mexico
243,Diane,Austin,daustin6q@state.tx.us,Female,Mexico
244,Peter,Watkins,pwatkins6r@studiopress.com,Male,Canada
245,Ernest,Brown,ebrown6s@wordpress.org,Male,Mexico
246,Randy,Rose,,Male,Canada
247,Keith,Hicks,khicks6u@creativecommons.org,Male,United States
248,Dennis,Hall,,Male,United States
249,Doris,Day,dday6w@weibo.com,Female,United States
250,Robin,Burke,rburke6x@soundcloud.com,Female,Mexico
251,Carol,Murray,cmurray6y@flavors.me,Female,Canada
252,Michelle,Perez,mperez6z@vk.com,Female,United States
253,Judith,Dean,jdean70@dailymail.co.uk,Female,Canada
254,Janet,Cooper,jcooper71@npr.org,Female,Canada
255,Gerald,Hernandez,ghernandez72@mapy.cz,Male,United States
256,Eugene,Stewart,estewart73@goo.ne.jp,Male,United States
257,Patricia,Palmer,ppalmer74@opera.com,Female,United States
258,Katherine,Olson,kolson75@europa.eu,Female,Mexico
259,Kevin,Pierce,kpierce76@eepurl.com,Male,United States
260,Emily,Freeman,efreeman77@merriam-webster.com,Female,Mexico
261,Walter,Fisher,wfisher78@java.com,Male,Canada
262,Mark,Ruiz,mruiz79@usda.gov,Male,United States
263,Joyce,Mitchell,jmitchell7a@exblog.jp,Female,Canada
264,Brenda,George,bgeorge7b@nps.gov,Female,Mexico
265,Benjamin,Parker,bparker7c@netvibes.com,Male,United States
266,Wanda,Hawkins,whawkins7d@who.int,Female,United States
267,Daniel,Castillo,dcastillo7e@indiegogo.com,Male,Mexico
268,Samuel,Gomez,sgomez7f@imdb.com,Male,United States
269,Peter,Lane,plane7g@ow.ly,Male,United States
270,Rose,Reed,rreed7h@amazon.de,Female,Mexico
271,Timothy,Burton,tburton7i@angelfire.com,Male,United States
272,Roy,Reed,rreed7j@usatoday.com,Male,United States
273,Amanda,Parker,aparker7k@google.com.hk,Female,United States
274,Stephen,Schmidt,sschmidt7l@ft.com,Male,United States
275,Jonathan,Spencer,jspencer7m@creativecommons.org,Male,Canada
276,Jacqueline,Bradley,jbradley7n@cloudflare.com,Female,Mexico
277,Beverly,Torres,btorres7o@pen.io,Female,United States
278,Walter,Thomas,wthomas7p@cbc.ca,Male,United States
279,Gloria,Jones,gjones7q@ihg.com,Female,Canada
280,Stephanie,Palmer,spalmer7r@businesswire.com,Female,United States
281,Tina,Harris,tharris7s@addtoany.com,Female,Canada
282,Earl,Day,eday7t@biglobe.ne.jp,Male,Mexico
283,Martin,Wheeler,mwheeler7u@discuz.net,Male,United States
284,Kathryn,Mills,kmills7v@godaddy.com,Female,Mexico
285,Albert,Fernandez,afernandez7w@washingtonpost.com,Male,Mexico
286,Andrew,Stevens,astevens7x@wufoo.com,Male,Canada
287,Ernest,Turner,eturner7y@hexun.com,Male,Canada
288,Ralph,Stevens,rstevens7z@marketwatch.com,Male,Canada
289,Joe,Burton,jburton80@ted.com,Male,Canada
290,Ruth,Howell,rhowell81@msn.com,Female,Canada
291,Jane,Washington,jwashington82@mozilla.com,Female,United States
292,Laura,Mccoy,lmccoy83@tamu.edu,Female,United States
293,Cheryl,Medina,cmedina84@angelfire.com,Female,United States
294,Antonio,Cook,,Male,United States
295,Frances,Andrews,fandrews86@mayoclinic.com,Female,United States
296,Antonio,Martin,amartin87@google.com,Male,United States
297,William,Dean,wdean88@patch.com,Male,Canada
298,Margaret,Barnes,mbarnes89@netscape.com,Female,United States
299,Virginia,Hicks,vhicks8a@nifty.com,Female,Canada
300,Andrew,Hunt,ahunt8b@dyndns.org,Male,Canada
301,Shawn,Cooper,scooper8c@army.mil,Male,Mexico
302,Laura,Medina,lmedina8d@gizmodo.com,Female,United States
303,Betty,Larson,,Female,Mexico
304,Fred,Brown,fbrown8f@friendfeed.com,Male,United States
305,Jessica,Baker,jbaker8g@buzzfeed.com,Female,United States
306,Lori,Austin,laustin8h@behance.net,Female,United States
307,Paula,Ellis,pellis8i@aol.com,Female,United States
308,Ernest,Richardson,,Male,Mexico
309,Lori,Nichols,,Female,Canada
310,Ernest,Cook,ecook8l@vimeo.com,Male,Canada
311,Jimmy,Lewis,jlewis8m@edublogs.org,Male,Mexico
312,Richard,Shaw,rshaw8n@g.co,Male,Mexico
313,Jane,Cooper,jcooper8o@goo.ne.jp,Female,United States
314,Dennis,George,dgeorge8p@theglobeandmail.com,Male,Mexico
315,Elizabeth,Ramirez,eramirez8q@ibm.com,Female,Mexico
316,Diane,Jordan,djordan8r@facebook.com,Female,United States
317,Angela,Smith,asmith8s@mozilla.com,Female,United States
318,Mildred,Perry,mperry8t@techcrunch.com,Female,United States
319,Howard,Morgan,hmorgan8u@hugedomains.com,Male,Mexico
320,Frank,Roberts,,Male,United States
321,Michelle,Franklin,mfranklin8w@yahoo.com,Female,United States
322,Amy,George,ageorge8x@de.vu,Female,United States
323,Phyllis,Oliver,poliver8y@oakley.com,Female,Canada
324,Raymond,Gibson,rgibson8z@blogger.com,Male,United States
325,Earl,Clark,eclark90@cnn.com,Male,United States
326,Karen,George,kgeorge91@paginegialle.it,Female,Mexico
327,Todd,Hughes,thughes92@japanpost.jp,Male,Canada
328,Patrick,Thompson,pthompson93@google.com.hk,Male,United States
329,Amanda,Franklin,afranklin94@vistaprint.com,Female,Mexico
330,Michael,Adams,madams95@uol.com.br,Male,United States
331,Brandon,Cole,bcole96@nytimes.com,Male,United States
332,Ronald,Rogers,rrogers97@shop-pro.jp,Male,Mexico
333,Michelle,Wood,mwood98@joomla.org,Female,Mexico
334,Martin,Gonzalez,mgonzalez99@blogspot.com,Male,Canada
335,Brenda,Kelly,bkelly9a@1und1.de,Female,United States
336,Annie,Mendoza,amendoza9b@cbsnews.com,Female,United States
337,Joe,Roberts,jroberts9c@altervista.org,Male,United States
338,Sandra,Pierce,spierce9d@youku.com,Female,United States
339,Edward,Wheeler,ewheeler9e@nytimes.com,Male,Canada
340,Judith,Reyes,jreyes9f@bluehost.com,Female,Canada
341,Joseph,Phillips,jphillips9g@dion.ne.jp,Male,United States
342,Frank,Gray,fgray9h@wisc.edu,Male,Canada
343,Richard,Harper,rharper9i@amazon.com,Male,United States
344,Fred,Campbell,fcampbell9j@blogger.com,Male,Canada
345,Kevin,Jenkins,kjenkins9k@alexa.com,Male,Mexico
346,Ashley,Jones,ajones9l@is.gd,Female,Mexico
347,Andrew,Reid,areid9m@spiegel.de,Male,United States
348,Tina,Sims,tsims9n@opera.com,Female,Mexico
349,Lisa,Reyes,,Female,United States
350,Jesse,Henry,jhenry9p@state.gov,Male,Canada
351,Debra,Kim,dkim9q@youku.com,Female,Mexico
352,Jack,Pierce,jpierce9r@csmonitor.com,Male,Canada
353,Shawn,Perry,sperry9s@cisco.com,Male,United States
354,Tammy,Evans,tevans9t@ehow.com,Female,Canada
355,William,Cruz,wcruz9u@craigslist.org,Male,Canada
356,Jason,Thomas,jthomas9v@salon.com,Male,Canada
357,Willie,Stephens,wstephens9w@over-blog.com,Male,Canada
358,Marilyn,Walker,mwalker9x@ow.ly,Female,Mexico
359,Christine,Adams,cadams9y@de.vu,Female,Mexico
360,Kathleen,Woods,kwoods9z@arstechnica.com,Female,Canada
361,Jonathan,Roberts,jrobertsa0@wiley.com,Male,Mexico
362,David,Ward,dwarda1@redcross.org,Male,Mexico
363,Willie,Peterson,wpetersona2@prlog.org,Male,United States
364,Kathryn,Johnson,kjohnsona3@ucsd.edu,Female,Canada
365,Amy,Hanson,ahansona4@trellian.com,Female,United States
366,Virginia,Palmer,vpalmera5@linkedin.com,Female,United States
367,Kathryn,Watkins,kwatkinsa6@delicious.com,Female,Mexico
368,Harold,Russell,hrussella7@amazon.co.uk,Male,United States
369,Carl,Snyder,csnydera8@squarespace.com,Male,Canada
370,Denise,Campbell,,Female,Mexico
371,Theresa,James,tjamesaa@parallels.com,Female,United States
372,Heather,Dean,hdeanab@storify.com,Female,United States
373,Wanda,Jacobs,wjacobsac@g.co,Female,Canada
374,Jennifer,Burns,jburnsad@senate.gov,Female,United States
375,Sara,King,skingae@list-manage.com,Female,Canada
376,Albert,Ward,awardaf@statcounter.com,Male,Canada
377,Evelyn,Hanson,ehansonag@ow.ly,Female,United States
378,Kathleen,Greene,kgreeneah@cbc.ca,Female,Mexico
379,Andrea,Price,apriceai@uiuc.edu,Female,Canada
380,Martha,Frazier,mfrazieraj@patch.com,Female,United States
381,Kathy,Warren,kwarrenak@sakura.ne.jp,Female,Mexico
382,Randy,Cole,rcoleal@loc.gov,Male,United States
383,Jane,Tucker,jtuckeram@timesonline.co.uk,Female,United States
384,Russell,Long,rlongan@histats.com,Male,Mexico
385,Lori,Banks,lbanksao@mapy.cz,Female,Canada
386,Tina,Fox,tfoxap@cbc.ca,Female,Canada
387,Sharon,Montgomery,,Female,Canada
388,Jack,Cole,jcolear@blogs.com,Male,United States
389,Martin,Ortiz,mortizas@yahoo.com,Male,United States
390,Michael,Hart,mhartat@pen.io,Male,United States
391,Bobby,Lewis,blewisau@amazonaws.com,Male,Canada
392,Catherine,Hansen,chansenav@wisc.edu,Female,United States
393,Todd,Stephens,tstephensaw@gov.uk,Male,Canada
394,Julia,Tucker,jtuckerax@dailymotion.com,Female,United States
395,Walter,Carpenter,wcarpenteray@dion.ne.jp,Male,Mexico
396,Louise,Hughes,lhughesaz@acquirethisname.com,Female,United States
397,Brian,Harrison,bharrisonb0@mlb.com,Male,Canada
398,Gregory,Franklin,gfranklinb1@xrea.com,Male,United States
399,Arthur,Gomez,agomezb2@cnbc.com,Male,United States
400,Kathy,Gardner,kgardnerb3@ucsd.edu,Female,United States
401,Henry,Pierce,hpierceb4@163.com,Male,United States
402,Melissa,Stevens,mstevensb5@aol.com,Female,United States
403,Diana,Hunt,dhuntb6@exblog.jp,Female,United States
404,Dorothy,Robertson,drobertsonb7@mlb.com,Female,Mexico
405,Wayne,Richardson,wrichardsonb8@blog.com,Male,Mexico
406,Howard,Wood,hwoodb9@aol.com,Male,United States
407,Nicole,Rogers,nrogersba@issuu.com,Female,Mexico
408,Angela,Carter,acarterbb@wikimedia.org,Female,United States
409,Kimberly,Arnold,karnoldbc@typepad.com,Female,Mexico
410,Brandon,Diaz,bdiazbd@networkadvertising.org,Male,Canada
411,Virginia,Ramirez,vramirezbe@auda.org.au,Female,Canada
412,Martha,Fox,mfoxbf@samsung.com,Female,Canada
413,Nancy,Thompson,nthompsonbg@wordpress.org,Female,Mexico
414,Angela,Parker,aparkerbh@wordpress.com,Female,United States
415,Elizabeth,Scott,escottbi@gov.uk,Female,United States
416,Ann,Perez,aperezbj@reddit.com,Female,Mexico
417,Timothy,Evans,tevansbk@slate.com,Male,Mexico
418,Stephanie,Gilbert,sgilbertbl@ox.ac.uk,Female,Mexico
419,Julia,Peters,jpetersbm@cdc.gov,Female,United States
420,Jerry,Cooper,jcooperbn@nifty.com,Male,United States
421,Ann,Mcdonald,amcdonaldbo@wikispaces.com,Female,Mexico
422,Robin,Harper,rharperbp@squidoo.com,Female,Canada
423,Samuel,Arnold,sarnoldbq@newsvine.com,Male,United States
424,Joshua,Cox,jcoxbr@jigsy.com,Male,Canada
425,Doris,Sanders,dsandersbs@jugem.jp,Female,Mexico
426,Eugene,Sanchez,esanchezbt@blogspot.com,Male,United States
427,William,Oliver,woliverbu@tripadvisor.com,Male,United States
428,Deborah,Bishop,dbishopbv@twitter.com,Female,United States
429,Elizabeth,Peterson,epetersonbw@gov.uk,Female,Canada
430,Patricia,Russell,prussellbx@npr.org,Female,United States
431,Steven,Ellis,sellisby@nifty.com,Male,Canada
432,John,Shaw,jshawbz@vkontakte.ru,Male,Mexico
433,Roger,Schmidt,rschmidtc0@wordpress.org,Male,United States
434,Benjamin,Thompson,bthompsonc1@mysql.com,Male,Mexico
435,Susan,Hansen,shansenc2@bbc.co.uk,Female,Mexico
436,Robert,Taylor,rtaylorc3@blogspot.com,Male,Canada
437,Peter,Collins,pcollinsc4@goo.gl,Male,United States
438,Norma,Bishop,,Female,United States
439,Brandon,Ruiz,bruizc6@samsung.com,Male,United States
440,Peter,Evans,pevansc7@weather.com,Male,United States
441,Jose,Daniels,jdanielsc8@360.cn,Male,Mexico
442,Ernest,Payne,epaynec9@edublogs.org,Male,Canada
443,Patrick,Porter,pporterca@mail.ru,Male,Canada
444,Kathryn,Riley,krileycb@europa.eu,Female,Canada
445,Anna,Bell,abellcc@blogtalkradio.com,Female,United States
446,Laura,Ortiz,lortizcd@archive.org,Female,United States
447,Mark,Jenkins,mjenkinsce@umn.edu,Male,Mexico
448,Brian,Fisher,bfishercf@google.co.jp,Male,Canada
449,Michelle,Simmons,msimmonscg@ebay.com,Female,United States
450,Thomas,Ellis,tellisch@google.fr,Male,Canada
451,Kimberly,Fields,kfieldsci@rambler.ru,Female,United States
452,Henry,Grant,hgrantcj@mail.ru,Male,United States
453,Nicole,Watkins,nwatkinsck@hatena.ne.jp,Female,Mexico
454,Mark,Carroll,mcarrollcl@instagram.com,Male,Canada
455,Katherine,Hughes,khughescm@nbcnews.com,Female,Canada
456,Christopher,Ward,cwardcn@pbs.org,Male,United States
457,Terry,Hunt,thuntco@diigo.com,Male,United States
458,Justin,Arnold,jarnoldcp@google.nl,Male,United States
459,Aaron,Garcia,agarciacq@msu.edu,Male,United States
460,Joseph,Brown,jbrowncr@xinhuanet.com,Male,Canada
461,Julia,Mendoza,jmendozacs@scientificamerican.com,Female,Canada
462,Louise,Jacobs,ljacobsct@ucla.edu,Female,Canada
463,Ralph,Howell,rhowellcu@umich.edu,Male,Canada
464,Shirley,Stephens,sstephenscv@oaic.gov.au,Female,Mexico
465,Justin,Hart,jhartcw@dailymotion.com,Male,Mexico
466,Bruce,Evans,bevanscx@last.fm,Male,Canada
467,Philip,Miller,pmillercy@plala.or.jp,Male,United States
468,Patricia,Tucker,ptuckercz@census.gov,Female,United States
469,Jeffrey,Stevens,jstevensd0@i2i.jp,Male,United States
470,Kelly,Washington,kwashingtond1@rambler.ru,Female,Mexico
471,Diane,Cruz,dcruzd2@tinyurl.com,Female,Canada
472,Christine,Harris,charrisd3@mashable.com,Female,United States
473,Albert,Wheeler,awheelerd4@behance.net,Male,Canada
474,Joe,Reed,jreedd5@japanpost.jp,Male,United States
475,Martha,Ramos,mramosd6@twitter.com,Female,Mexico
476,Kathy,Bell,kbelld7@sogou.com,Female,Mexico
477,Martin,Hicks,,Male,United States
478,Frances,Bryant,fbryantd9@washington.edu,Female,Canada
479,Virginia,Duncan,vduncanda@soundcloud.com,Female,United States
480,Antonio,Myers,amyersdb@imdb.com,Male,United States
481,Ruby,Diaz,rdiazdc@twitter.com,Female,Mexico
482,Frances,Dixon,fdixondd@npr.org,Female,United States
483,Robert,Gordon,rgordonde@blogtalkradio.com,Male,United States
484,Emily,Reyes,ereyesdf@sina.com.cn,Female,Canada
485,Irene,Hughes,ihughesdg@elpais.com,Female,United States
486,Judy,Carter,,Female,United States
487,Johnny,Ortiz,jortizdi@state.tx.us,Male,Mexico
488,James,Jackson,jjacksondj@webeden.co.uk,Male,United States
489,Ruby,Hudson,,Female,Canada
490,Donna,Edwards,dedwardsdl@youku.com,Female,Canada
491,David,Hall,dhalldm@friendfeed.com,Male,United States
492,Joan,Reynolds,jreynoldsdn@indiegogo.com,Female,Mexico
493,Ann,Diaz,adiazdo@google.ru,Female,United States
494,Martin,Hicks,mhicksdp@pinterest.com,Male,United States
495,Jessica,Taylor,,Female,United States
496,Lois,Knight,,Female,Canada
497,Scott,Hill,,Male,United States
498,Timothy,Stewart,tstewartdt@com.com,Male,United States
499,Christina,Carpenter,ccarpenterdu@ihg.com,Female,Mexico
500,Ralph,Hansen,rhansendv@clickbank.net,Male,United States
501,Christina,Dixon,cdixondw@tripadvisor.com,Female,United States
502,Walter,Garcia,wgarciadx@netvibes.com,Male,Canada
503,Ralph,Morrison,rmorrisondy@bbb.org,Male,United States
504,Sean,Morris,smorrisdz@quantcast.com,Male,United States
505,Adam,Warren,awarrene0@networkadvertising.org,Male,United States
506,Carolyn,Boyd,cboyde1@craigslist.org,Female,United States
507,Shirley,Ruiz,sruize2@networkadvertising.org,Female,United States
508,Ryan,Russell,rrusselle3@economist.com,Male,United States
509,Shawn,Ray,sraye4@tinyurl.com,Male,Canada
510,Justin,Evans,jevanse5@de.vu,Male,United States
511,Ruth,Snyder,rsnydere6@addthis.com,Female,Mexico
512,Christine,Montgomery,cmontgomerye7@feedburner.com,Female,Canada
513,Kimberly,Howell,khowelle8@youtu.be,Female,Canada
514,Phillip,Hanson,phansone9@hhs.gov,Male,Canada
515,Michael,Willis,mwillisea@sun.com,Male,Canada
516,Cynthia,Kennedy,ckennedyeb@timesonline.co.uk,Female,United States
517,Jesse,Wood,jwoodec@nydailynews.com,Male,Canada
518,Juan,Morris,jmorrised@bluehost.com,Male,United States
519,Laura,Nichols,lnicholsee@economist.com,Female,Mexico
520,Angela,Andrews,aandrewsef@intel.com,Female,United States
521,Lawrence,Grant,lgranteg@army.mil,Male,United States
522,Judith,Barnes,jbarneseh@imgur.com,Female,Canada
523,Brian,Bowman,bbowmanei@un.org,Male,Canada
524,Sara,Austin,saustinej@japanpost.jp,Female,Canada
525,Julia,Morris,jmorrisek@ft.com,Female,United States
526,Bruce,Simpson,bsimpsonel@ezinearticles.com,Male,United States
527,Jane,Stephens,jstephensem@stumbleupon.com,Female,Canada
528,Donna,Crawford,dcrawforden@wix.com,Female,Canada
529,Sandra,Weaver,sweavereo@wix.com,Female,United States
530,Wayne,Castillo,wcastilloep@wisc.edu,Male,Canada
531,Randy,Evans,revanseq@howstuffworks.com,Male,Canada
532,Irene,Mills,imillser@ifeng.com,Female,United States
533,Carolyn,Berry,cberryes@princeton.edu,Female,Mexico
534,Kathy,Reed,kreedet@vk.com,Female,Canada
535,Bruce,Crawford,bcrawfordeu@jugem.jp,Male,United States
536,Shawn,Fields,sfieldsev@utexas.edu,Male,United States
537,Lawrence,Riley,lrileyew@stumbleupon.com,Male,United States
538,Steve,Myers,smyersex@ed.gov,Male,Canada
539,Ryan,Frazier,rfrazierey@wisc.edu,Male,United States
540,Tammy,Oliver,toliverez@princeton.edu,Female,Mexico
541,Michelle,Rogers,mrogersf0@odnoklassniki.ru,Female,United States
542,Keith,Chavez,kchavezf1@live.com,Male,United States
543,Johnny,Morales,jmoralesf2@amazonaws.com,Male,United States
544,Charles,Cunningham,ccunninghamf3@xinhuanet.com,Male,United States
545,Anna,Gonzales,agonzalesf4@fotki.com,Female,United States
546,Julie,Medina,jmedinaf5@xrea.com,Female,Canada
547,Jonathan,Duncan,,Male,Canada
548,Shawn,Weaver,sweaverf7@yolasite.com,Male,United States
549,David,Green,dgreenf8@globo.com,Male,Canada
550,Janice,Price,jpricef9@time.com,Female,United States
551,Frances,Reynolds,freynoldsfa@timesonline.co.uk,Female,Canada
552,Eugene,Stevens,estevensfb@tmall.com,Male,United States
553,Thomas,Palmer,tpalmerfc@washington.edu,Male,Mexico
554,Nicholas,Mcdonald,nmcdonaldfd@discuz.net,Male,Canada
555,Jack,Payne,jpaynefe@slate.com,Male,United States
556,Douglas,Payne,dpayneff@wordpress.org,Male,Mexico
557,Doris,Holmes,,Female,Canada
558,Mildred,Burke,mburkefh@mapy.cz,Female,United States
559,Chris,Montgomery,cmontgomeryfi@slate.com,Male,United States
560,Sandra,Riley,srileyfj@indiegogo.com,Female,Canada
561,Arthur,Hansen,ahansenfk@mlb.com,Male,United States
562,Brandon,Daniels,,Male,United States
563,Jeremy,Banks,jbanksfm@ucoz.com,Male,Canada
564,Amanda,Wells,awellsfn@123-reg.co.uk,Female,Mexico
565,Douglas,Medina,dmedinafo@craigslist.org,Male,Mexico
566,Jessica,Collins,jcollinsfp@scribd.com,Female,Mexico
567,William,Robinson,wrobinsonfq@booking.com,Male,Mexico
568,Joyce,Gibson,jgibsonfr@digg.com,Female,United States
569,Andrew,Martinez,amartinezfs@scientificamerican.com,Male,Canada
570,Billy,Burke,bburkeft@nps.gov,Male,United States
571,Clarence,Wright,cwrightfu@instagram.com,Male,United States
572,Brenda,Grant,bgrantfv@networksolutions.com,Female,Mexico
573,Jacqueline,Lopez,jlopezfw@angelfire.com,Female,Mexico
574,Elizabeth,Armstrong,earmstrongfx@multiply.com,Female,Canada
575,Catherine,Reid,creidfy@mapquest.com,Female,United States
576,Janet,Hayes,jhayesfz@miitbeian.gov.cn,Female,United States
577,Nancy,Fernandez,nfernandezg0@tiny.cc,Female,United States
578,Billy,Lawson,blawsong1@goodreads.com,Male,United States
579,Bobby,Moore,bmooreg2@cnet.com,Male,United States
580,Sharon,Hudson,shudsong3@hibu.com,Female,United States
581,Mark,Rice,mriceg4@myspace.com,Male,Mexico
582,Ryan,Mills,rmillsg5@sbwire.com,Male,United States
583,Carolyn,Stanley,cstanleyg6@lycos.com,Female,Mexico
584,Kimberly,Olson,kolsong7@google.de,Female,Canada
585,Donald,Edwards,dedwardsg8@4shared.com,Male,Canada
586,Joe,Bishop,jbishopg9@soup.io,Male,Mexico
587,Amanda,Perry,aperryga@census.gov,Female,United States
588,Louise,Ruiz,lruizgb@google.nl,Female,Canada
589,Carl,Young,cyounggc@lulu.com,Male,Mexico
590,Rachel,Ruiz,rruizgd@ow.ly,Female,Canada
591,Ann,Perez,aperezge@google.ru,Female,Mexico
592,Carol,Harper,charpergf@sourceforge.net,Female,United States
593,Lawrence,Hughes,lhughesgg@newsvine.com,Male,Mexico
594,Annie,Simmons,asimmonsgh@umn.edu,Female,Mexico
595,Henry,Day,hdaygi@cbc.ca,Male,Canada
596,Martha,Carr,mcarrgj@squarespace.com,Female,United States
597,Shirley,Moore,smooregk@xinhuanet.com,Female,Mexico
598,Phillip,Baker,pbakergl@jalbum.net,Male,Mexico
599,Deborah,Murray,,Female,Mexico
600,Anthony,Morgan,amorgangn@posterous.com,Male,United States
601,Barbara,Reid,breidgo@army.mil,Female,United States
602,Mary,Kelly,mkellygp@vimeo.com,Female,United States
603,Ernest,Holmes,eholmesgq@soup.io,Male,United States
604,Rose,Wallace,rwallacegr@umich.edu,Female,United States
605,Ralph,Rose,rrosegs@harvard.edu,Male,Mexico
606,Douglas,Bowman,dbowmangt@cargocollective.com,Male,Canada
607,Christopher,Washington,cwashingtongu@yale.edu,Male,United States
608,Janet,Adams,jadamsgv@kickstarter.com,Female,Mexico
609,Martha,Stewart,mstewartgw@dion.ne.jp,Female,Mexico
610,Marie,Berry,mberrygx@netvibes.com,Female,United States
611,Richard,Kelley,rkelleygy@feedburner.com,Male,Mexico
612,Ann,Carr,acarrgz@dedecms.com,Female,United States
613,Jeremy,Nguyen,jnguyenh0@linkedin.com,Male,United States
614,Judy,Stone,jstoneh1@google.ca,Female,Canada
615,Fred,Simmons,fsimmonsh2@chron.com,Male,Canada
616,Jessica,Price,jpriceh3@booking.com,Female,Canada
617,Steve,Gardner,sgardnerh4@newyorker.com,Male,United States
618,Jennifer,Hicks,jhicksh5@yale.edu,Female,United States
619,Antonio,Ward,awardh6@addtoany.com,Male,United States
620,Stephen,Fuller,sfullerh7@instagram.com,Male,Canada
621,Shirley,Morales,smoralesh8@cpanel.net,Female,Canada
622,Frances,Ray,frayh9@cam.ac.uk,Female,United States
623,Jose,Hernandez,jhernandezha@gizmodo.com,Male,Canada
624,Scott,Little,slittlehb@geocities.com,Male,Canada
625,Helen,Sullivan,hsullivanhc@fastcompany.com,Female,United States
626,Martha,Cook,mcookhd@phpbb.com,Female,Mexico
627,Diana,Rivera,driverahe@csmonitor.com,Female,United States
628,Martin,Butler,mbutlerhf@ebay.com,Male,Mexico
629,James,Kelly,jkellyhg@facebook.com,Male,United States
630,Julia,Ferguson,jfergusonhh@google.com.au,Female,United States
631,Craig,George,cgeorgehi@prlog.org,Male,Mexico
632,Janet,Robertson,jrobertsonhj@chron.com,Female,Canada
633,Amy,Phillips,aphillipshk@ocn.ne.jp,Female,United States
634,Thomas,Berry,tberryhl@sphinn.com,Male,Mexico
635,Henry,Allen,,Male,United States
636,Henry,Franklin,hfranklinhn@netlog.com,Male,Canada
637,Antonio,Nelson,anelsonho@google.de,Male,United States
638,Robin,Hayes,rhayeshp@delicious.com,Female,Canada
639,Jonathan,Duncan,jduncanhq@yolasite.com,Male,United States
640,Edward,Cooper,ecooperhr@sina.com.cn,Male,Canada
641,Walter,Daniels,wdanielshs@icq.com,Male,United States
642,Michelle,Butler,mbutlerht@webeden.co.uk,Female,Canada
643,James,Watkins,,Male,United States
644,Ralph,Bryant,rbryanthv@simplemachines.org,Male,United States
645,Judy,Mason,jmasonhw@qq.com,Female,United States
646,Nancy,Sims,nsimshx@amazon.de,Female,Mexico
647,Christopher,Wood,cwoodhy@amazon.de,Male,United States
648,Nancy,Hall,nhallhz@hp.com,Female,United States
649,Pamela,Webb,pwebbi0@ucsd.edu,Female,Mexico
650,Alice,Montgomery,amontgomeryi1@joomla.org,Female,Canada
651,Ryan,Gardner,rgardneri2@java.com,Male,Mexico
652,Annie,Montgomery,amontgomeryi3@opera.com,Female,United States
653,Fred,Cruz,fcruzi4@deliciousdays.com,Male,United States
654,Christopher,Lopez,clopezi5@instagram.com,Male,United States
655,Joseph,Allen,jalleni6@bbb.org,Male,Canada
656,Elizabeth,Willis,ewillisi7@weather.com,Female,Mexico
657,Louis,Mccoy,lmccoyi8@blogs.com,Male,United States
658,Willie,Price,wpricei9@trellian.com,Male,United States
659,Cheryl,West,cwestia@reverbnation.com,Female,United States
660,David,Bishop,dbishopib@prlog.org,Male,Mexico
661,Mildred,Burke,,Female,Mexico
662,Kevin,Snyder,,Male,United States
663,Ruth,Phillips,rphillipsie@seesaa.net,Female,Canada
664,Katherine,Franklin,kfranklinif@reverbnation.com,Female,United States
665,Albert,Hudson,ahudsonig@friendfeed.com,Male,Canada
666,Dennis,Perry,dperryih@jalbum.net,Male,United States
667,Christina,Davis,cdavisii@state.tx.us,Female,United States
668,Jennifer,Sanchez,jsanchezij@google.pl,Female,United States
669,Irene,Lee,ileeik@prnewswire.com,Female,Mexico
670,Ernest,Bell,ebellil@symantec.com,Male,United States
671,Irene,Freeman,ifreemanim@soundcloud.com,Female,United States
672,Steven,Bowman,sbowmanin@forbes.com,Male,United States
673,Howard,Mitchell,hmitchellio@devhub.com,Male,United States
674,Todd,Rice,triceip@businessweek.com,Male,United States
675,Jeffrey,Scott,jscottiq@qq.com,Male,Mexico
676,Christina,Moreno,cmorenoir@cargocollective.com,Female,Mexico
677,Kathy,Gutierrez,kgutierrezis@google.com.hk,Female,Mexico
678,Johnny,Adams,jadamsit@zimbio.com,Male,United States
679,George,Castillo,gcastilloiu@foxnews.com,Male,United States
680,Jennifer,Bryant,jbryantiv@cnn.com,Female,Mexico
681,Michael,Richards,mrichardsiw@gmpg.org,Male,Mexico
682,Janice,Cunningham,jcunninghamix@scribd.com,Female,Canada
683,Roy,Matthews,rmatthewsiy@1und1.de,Male,United States
684,Walter,Knight,wknightiz@vistaprint.com,Male,Mexico
685,Sara,Boyd,sboydj0@amazon.co.jp,Female,Mexico
686,Susan,Barnes,sbarnesj1@stumbleupon.com,Female,Canada
687,Roy,Thomas,rthomasj2@php.net,Male,Mexico
688,Linda,Rose,lrosej3@xing.com,Female,Canada
689,Samuel,Reid,sreidj4@bluehost.com,Male,Mexico
690,Debra,Morgan,,Female,United States
691,Gloria,Allen,gallenj6@bravesites.com,Female,United States
692,Eric,Myers,emyersj7@smugmug.com,Male,Canada
693,Robin,Burns,rburnsj8@chicagotribune.com,Female,Canada
694,Cheryl,Jordan,cjordanj9@vinaora.com,Female,Canada
695,William,Garza,,Male,United States
696,Matthew,Riley,mrileyjb@chronoengine.com,Male,United States
697,Mary,White,,Female,Canada
698,Theresa,Webb,twebbjd@techcrunch.com,Female,United States
699,Lori,Hicks,lhicksje@istockphoto.com,Female,Mexico
700,Henry,Simmons,hsimmonsjf@craigslist.org,Male,Mexico
701,Judith,Roberts,jrobertsjg@yandex.ru,Female,Mexico
702,Ruth,Reyes,rreyesjh@miitbeian.gov.cn,Female,United States
703,Amy,Stone,astoneji@disqus.com,Female,United States
704,Matthew,Cunningham,mcunninghamjj@irs.gov,Male,Canada
705,Chris,Fisher,cfisherjk@gnu.org,Male,Mexico
706,Diane,Stanley,dstanleyjl@businessinsider.com,Female,United States
707,Donald,Hill,dhilljm@elpais.com,Male,Canada
708,Raymond,Porter,rporterjn@sphinn.com,Male,United States
709,Jonathan,Davis,jdavisjo@mediafire.com,Male,Canada
710,Phyllis,Cunningham,pcunninghamjp@digg.com,Female,United States
711,Barbara,Ramirez,bramirezjq@google.es,Female,Canada
712,Timothy,Andrews,tandrewsjr@mediafire.com,Male,Canada
713,Robert,Fernandez,,Male,Mexico
714,Angela,Meyer,ameyerjt@engadget.com,Female,United States
715,Jesse,Castillo,jcastilloju@sciencedirect.com,Male,United States
716,Raymond,Perkins,rperkinsjv@senate.gov,Male,Canada
717,Helen,Moreno,hmorenojw@yandex.ru,Female,United States
718,Edward,Matthews,ematthewsjx@slideshare.net,Male,Mexico
719,Barbara,Lawrence,blawrencejy@purevolume.com,Female,Mexico
720,Rose,Smith,rsmithjz@friendfeed.com,Female,Mexico
721,George,Gomez,ggomezk0@si.edu,Male,Canada
722,Anna,Crawford,acrawfordk1@nps.gov,Female,United States
723,Willie,Morris,wmorrisk2@usda.gov,Male,United States
724,Angela,Hanson,ahansonk3@telegraph.co.uk,Female,Canada
725,Susan,Nichols,snicholsk4@fda.gov,Female,Mexico
726,Teresa,Lopez,tlopezk5@ucoz.ru,Female,United States
727,Alice,Hunter,,Female,Mexico
728,Jeffrey,Sims,jsimsk7@bbb.org,Male,United States
729,Julie,Wheeler,jwheelerk8@e-recht24.de,Female,Canada
730,Douglas,Holmes,dholmesk9@vk.com,Male,United States
731,Doris,Henry,dhenryka@godaddy.com,Female,Mexico
732,Lawrence,Turner,lturnerkb@ted.com,Male,United States
733,Douglas,Kelly,dkellykc@ucoz.com,Male,Canada
734,Marie,Moreno,mmorenokd@exblog.jp,Female,United States
735,Brandon,Foster,bfosterke@technorati.com,Male,United States
736,Roy,Watkins,rwatkinskf@bravesites.com,Male,Canada
737,Denise,Taylor,dtaylorkg@usnews.com,Female,United States
738,Louis,Sims,lsimskh@constantcontact.com,Male,United States
739,Scott,Day,sdayki@engadget.com,Male,United States
740,Arthur,Fernandez,afernandezkj@latimes.com,Male,Mexico
741,Roy,Nguyen,rnguyenkk@nifty.com,Male,United States
742,Aaron,Diaz,adiazkl@ucoz.ru,Male,Mexico
743,Bobby,Diaz,bdiazkm@joomla.org,Male,United States
744,Jessica,Garrett,jgarrettkn@indiatimes.com,Female,United States
745,Carlos,Nelson,cnelsonko@indiegogo.com,Male,United States
746,Stephanie,Jackson,sjacksonkp@wordpress.com,Female,Mexico
747,Stephen,Weaver,sweaverkq@census.gov,Male,United States
748,Louis,Harris,lharriskr@booking.com,Male,United States
749,Benjamin,Black,bblackks@weebly.com,Male,Mexico
750,Virginia,Brooks,vbrookskt@google.ru,Female,Mexico
751,Mary,Nguyen,mnguyenku@intel.com,Female,Mexico
752,Joyce,Wright,jwrightkv@hibu.com,Female,United States
753,Robin,Robinson,rrobinsonkw@tuttocitta.it,Female,Canada
754,Irene,Hall,ihallkx@creativecommons.org,Female,Canada
755,Heather,Knight,hknightky@cloudflare.com,Female,Canada
756,Mildred,Patterson,mpattersonkz@uiuc.edu,Female,Canada
757,Randy,Chapman,rchapmanl0@deviantart.com,Male,United States
758,Martin,Richardson,mrichardsonl1@de.vu,Male,Mexico
759,Charles,Jones,cjonesl2@shop-pro.jp,Male,Canada
760,Annie,Parker,aparkerl3@hud.gov,Female,Canada
761,Victor,Wallace,vwallacel4@usgs.gov,Male,United States
762,Roger,Burton,rburtonl5@dmoz.org,Male,Mexico
763,Roy,Harper,rharperl6@samsung.com,Male,United States
764,Gregory,Armstrong,garmstrongl7@mozilla.org,Male,Mexico
765,Steve,Simmons,ssimmonsl8@shop-pro.jp,Male,Canada
766,Andrew,Larson,alarsonl9@blinklist.com,Male,United States
767,Jason,Gibson,jgibsonla@so-net.ne.jp,Male,United States
768,Sandra,Cox,scoxlb@usatoday.com,Female,United States
769,William,White,wwhitelc@blogtalkradio.com,Male,United States
770,Paula,Alvarez,palvarezld@discuz.net,Female,Canada
771,Russell,Ford,rfordle@indiegogo.com,Male,United States
772,Richard,Richardson,rrichardsonlf@google.pl,Male,United States
773,Joshua,Reynolds,jreynoldslg@symantec.com,Male,United States
774,Patrick,Stone,pstonelh@bigcartel.com,Male,United States
775,Richard,Day,rdayli@simplemachines.org,Male,Canada
776,Raymond,Stevens,,Male,United States
777,Joe,Tucker,jtuckerlk@ibm.com,Male,United States
778,Samuel,Patterson,,Male,United States
779,Virginia,Arnold,varnoldlm@salon.com,Female,United States
780,Nancy,Smith,nsmithln@fda.gov,Female,United States
781,Gerald,Miller,gmillerlo@mysql.com,Male,United States
782,Martin,Patterson,mpattersonlp@ehow.com,Male,United States
783,Fred,Jenkins,fjenkinslq@geocities.jp,Male,Canada
784,Norma,Harrison,nharrisonlr@delicious.com,Female,Mexico
785,Jonathan,Thomas,jthomasls@tmall.com,Male,United States
786,Raymond,Adams,radamslt@fastcompany.com,Male,Mexico
787,Sean,Warren,swarrenlu@ask.com,Male,United States
788,Ronald,Reid,rreidlv@123-reg.co.uk,Male,Canada
789,Jason,Kelley,jkelleylw@illinois.edu,Male,Canada
790,Janet,Perry,jperrylx@jalbum.net,Female,Mexico
791,Joseph,Morrison,jmorrisonly@rediff.com,Male,Mexico
792,Sandra,Oliver,,Female,United States
793,Antonio,Turner,aturnerm0@diigo.com,Male,Canada
794,Russell,Perry,rperrym1@springer.com,Male,Mexico
795,Alice,Richards,arichardsm2@networkadvertising.org,Female,United States
796,Donna,Rose,drosem3@nasa.gov,Female,United States
797,Laura,Willis,lwillism4@un.org,Female,United States
798,Denise,Coleman,dcolemanm5@blogs.com,Female,United States
799,Jose,Nichols,jnicholsm6@163.com,Male,Canada
800,Amy,Lopez,alopezm7@furl.net,Female,Canada
801,Bonnie,Thomas,bthomasm8@bluehost.com,Female,United States
802,Stephen,Moore,smoorem9@chron.com,Male,United States
803,Edward,Ellis,eellisma@dion.ne.jp,Male,United States
804,Anne,Russell,arussellmb@google.de,Female,Mexico
805,Anthony,Lewis,alewismc@google.co.jp,Male,Mexico
806,Aaron,Matthews,,Male,Canada
807,Jean,Cole,jcoleme@bigcartel.com,Female,Canada
808,Karen,Gibson,kgibsonmf@comcast.net,Female,Mexico
809,Jimmy,Kelley,jkelleymg@squarespace.com,Male,Canada
810,Carl,Watson,cwatsonmh@w3.org,Male,Mexico
811,Roy,Lewis,rlewismi@senate.gov,Male,Mexico
812,Annie,Stewart,astewartmj@google.pl,Female,United States
813,Theresa,Mason,tmasonmk@dailymotion.com,Female,United States
814,Nicole,Edwards,nedwardsml@indiatimes.com,Female,United States
815,Ryan,Rogers,rrogersmm@nationalgeographic.com,Male,United States
816,Lillian,Bennett,lbennettmn@census.gov,Female,United States
817,Annie,Burns,aburnsmo@paypal.com,Female,Canada
818,Kathleen,Ruiz,kruizmp@bloglines.com,Female,Canada
819,William,Flores,wfloresmq@zimbio.com,Male,United States
820,Rachel,Woods,rwoodsmr@jigsy.com,Female,United States
821,Angela,Lawson,alawsonms@odnoklassniki.ru,Female,United States
822,Carl,Young,cyoungmt@noaa.gov,Male,United States
823,Douglas,Gordon,dgordonmu@so-net.ne.jp,Male,Canada
824,Janice,Hall,jhallmv@hhs.gov,Female,United States
825,Steven,Pierce,spiercemw@nbcnews.com,Male,Mexico
826,Harold,Montgomery,hmontgomerymx@webmd.com,Male,United States
827,Angela,Lopez,alopezmy@ed.gov,Female,Canada
828,Antonio,Allen,aallenmz@google.es,Male,United States
829,Carolyn,Woods,cwoodsn0@infoseek.co.jp,Female,Canada
830,Larry,Gardner,lgardnern1@nhs.uk,Male,United States
831,Ruth,Ward,rwardn2@themeforest.net,Female,United States
832,Evelyn,Williams,ewilliamsn3@oaic.gov.au,Female,United States
833,Annie,Ramirez,aramirezn4@barnesandnoble.com,Female,United States
834,Sharon,Ruiz,sruizn5@nymag.com,Female,United States
835,Kathy,Banks,kbanksn6@odnoklassniki.ru,Female,United States
836,Gloria,Murphy,gmurphyn7@rediff.com,Female,United States
837,Ruth,Olson,rolsonn8@topsy.com,Female,Mexico
838,Laura,Ward,lwardn9@myspace.com,Female,Mexico
839,Louis,Lane,llanena@feedburner.com,Male,Mexico
840,Christina,Howard,,Female,Canada
841,Gerald,Black,gblacknc@nifty.com,Male,Canada
842,Phillip,Greene,pgreenend@sciencedaily.com,Male,United States
843,Joseph,Stephens,jstephensne@dagondesign.com,Male,United States
844,Joshua,Reyes,jreyesnf@whitehouse.gov,Male,Mexico
845,Philip,Olson,polsonng@apple.com,Male,United States
846,Kathryn,Rodriguez,krodrigueznh@1und1.de,Female,United States
847,Carlos,Meyer,cmeyerni@accuweather.com,Male,United States
848,Arthur,Scott,ascottnj@surveymonkey.com,Male,United States
849,Patrick,Wilson,pwilsonnk@ca.gov,Male,United States
850,Robin,King,rkingnl@artisteer.com,Female,United States
851,Kathryn,Freeman,kfreemannm@instagram.com,Female,United States
852,Fred,Bryant,fbryantnn@columbia.edu,Male,United States
853,Christine,Hudson,chudsonno@unblog.fr,Female,United States
854,Diane,Knight,dknightnp@sciencedaily.com,Female,Mexico
855,Sandra,Williams,swilliamsnq@sun.com,Female,United States
856,Chris,Torres,ctorresnr@wikia.com,Male,United States
857,Eric,Rodriguez,erodriguezns@salon.com,Male,United States
858,Ernest,Thompson,ethompsonnt@ifeng.com,Male,United States
859,Virginia,Mccoy,vmccoynu@jugem.jp,Female,United States
860,Harry,Bennett,hbennettnv@artisteer.com,Male,United States
861,Samuel,Pierce,spiercenw@nature.com,Male,United States
862,Mildred,Perry,mperrynx@yellowbook.com,Female,United States
863,Betty,Stanley,bstanleyny@stumbleupon.com,Female,United States
864,Ruth,Sullivan,rsullivannz@oracle.com,Female,Canada
865,Tammy,Robinson,trobinsono0@youku.com,Female,United States
866,Angela,Hansen,ahanseno1@house.gov,Female,Mexico
867,Aaron,Willis,awilliso2@elegantthemes.com,Male,Canada
868,Marilyn,Price,mpriceo3@nba.com,Female,Canada
869,Walter,Bowman,wbowmano4@flavors.me,Male,United States
870,Benjamin,Mitchell,bmitchello5@goo.gl,Male,Canada
871,Justin,Bryant,jbryanto6@comsenz.com,Male,United States
872,Ruby,Reyes,rreyeso7@yellowpages.com,Female,United States
873,Frank,Meyer,fmeyero8@hostgator.com,Male,Canada
874,Laura,Woods,lwoodso9@feedburner.com,Female,Canada
875,Amy,Jenkins,ajenkinsoa@mapquest.com,Female,Mexico
876,Juan,Collins,jcollinsob@ucoz.ru,Male,Canada
877,Todd,Cunningham,tcunninghamoc@jimdo.com,Male,United States
878,Jeffrey,Kelly,jkellyod@sina.com.cn,Male,Mexico
879,Amy,Fowler,afowleroe@usda.gov,Female,United States
880,Donna,Mitchell,dmitchellof@shutterfly.com,Female,United States
881,Dorothy,Bennett,dbennettog@cbsnews.com,Female,Mexico
882,Julia,Young,jyoungoh@apple.com,Female,United States
883,Dorothy,Lynch,dlynchoi@smugmug.com,Female,United States
884,Norma,Frazier,nfrazieroj@github.com,Female,United States
885,Joan,Boyd,jboydok@twitpic.com,Female,Canada
886,Ruby,Daniels,rdanielsol@seesaa.net,Female,United States
887,Howard,Armstrong,harmstrongom@tinypic.com,Male,United States
888,Kathy,Rivera,kriveraon@smugmug.com,Female,United States
889,Jack,Stanley,jstanleyoo@pagesperso-orange.fr,Male,Canada
890,Mildred,Foster,mfosterop@thetimes.co.uk,Female,United States
891,Beverly,Sims,bsimsoq@chicagotribune.com,Female,United States
892,Diana,Medina,dmedinaor@nationalgeographic.com,Female,United States
893,Katherine,Wood,kwoodos@pcworld.com,Female,United States
894,Marilyn,Mendoza,mmendozaot@disqus.com,Female,United States
895,Thomas,Rivera,triveraou@dell.com,Male,United States
896,Jimmy,Richards,jrichardsov@cbsnews.com,Male,Mexico
897,Jean,Ryan,jryanow@nasa.gov,Female,United States
898,Sandra,Green,sgreenox@alexa.com,Female,United States
899,Kathleen,Welch,kwelchoy@state.gov,Female,Mexico
900,Nicole,Edwards,nedwardsoz@chron.com,Female,United States
901,Rachel,Hansen,rhansenp0@printfriendly.com,Female,Canada
902,Phyllis,Mason,pmasonp1@cdbaby.com,Female,Canada
903,Angela,Armstrong,aarmstrongp2@lycos.com,Female,Mexico
904,Mary,Payne,mpaynep3@apple.com,Female,United States
905,Joyce,Hawkins,jhawkinsp4@uiuc.edu,Female,Canada
906,Anna,Cox,acoxp5@apache.org,Female,Canada
907,Kathryn,Hayes,khayesp6@dedecms.com,Female,United States
908,Jesse,Ray,jrayp7@mapquest.com,Male,Mexico
909,Gloria,Ruiz,gruizp8@mozilla.com,Female,United States
910,Dorothy,Fuller,dfullerp9@pinterest.com,Female,United States
911,Marie,Richardson,mrichardsonpa@flavors.me,Female,United States
912,Lois,Wells,lwellspb@ft.com,Female,United States
913,Ralph,Foster,rfosterpc@zimbio.com,Male,Canada
914,Patrick,Stewart,pstewartpd@twitter.com,Male,United States
915,Ruth,King,rkingpe@yandex.ru,Female,United States
916,Frank,Bennett,fbennettpf@phpbb.com,Male,Canada
917,Johnny,Kelly,,Male,Canada
918,Kathleen,Alexander,kalexanderph@cmu.edu,Female,United States
919,Robin,Wood,rwoodpi@trellian.com,Female,United States
920,Joan,Turner,jturnerpj@cbc.ca,Female,United States
921,Walter,King,wkingpk@wikipedia.org,Male,Canada
922,Patricia,Andrews,pandrewspl@ed.gov,Female,United States
923,Robert,Cook,,Male,United States
924,Theresa,Diaz,,Female,Mexico
925,Paula,Vasquez,pvasquezpo@biglobe.ne.jp,Female,United States
926,Tammy,Morales,tmoralespp@nytimes.com,Female,United States
927,Virginia,Knight,vknightpq@biblegateway.com,Female,Mexico
928,Charles,Long,clongpr@engadget.com,Male,Mexico
929,Evelyn,Jenkins,ejenkinsps@twitter.com,Female,Mexico
930,Kathleen,Dixon,kdixonpt@abc.net.au,Female,United States
931,Annie,Cook,acookpu@hhs.gov,Female,United States
932,Evelyn,Owens,eowenspv@intel.com,Female,United States
933,Ronald,Day,rdaypw@google.es,Male,United States
934,Amanda,Henry,ahenrypx@nifty.com,Female,United States
935,Lori,Bennett,lbennettpy@cornell.edu,Female,United States
936,Pamela,Wells,pwellspz@instagram.com,Female,Canada
937,Eric,Howell,ehowellq0@java.com,Male,Mexico
938,Earl,Gonzalez,egonzalezq1@parallels.com,Male,United States
939,Juan,Bennett,jbennettq2@vistaprint.com,Male,United States
940,Patrick,Hunter,phunterq3@google.nl,Male,Mexico
941,Joyce,Schmidt,,Female,United States
942,Ralph,Arnold,rarnoldq5@hatena.ne.jp,Male,United States
943,Michael,Robinson,mrobinsonq6@usa.gov,Male,United States
944,Jerry,Gonzales,jgonzalesq7@123-reg.co.uk,Male,Mexico
945,Thomas,Robinson,trobinsonq8@kickstarter.com,Male,United States
946,Justin,Lynch,jlynchq9@ihg.com,Male,United States
947,William,Morales,wmoralesqa@washingtonpost.com,Male,United States
948,Christopher,Riley,,Male,Mexico
949,Donna,Mitchell,dmitchellqc@list-manage.com,Female,United States
950,Joshua,Ray,jrayqd@japanpost.jp,Male,Canada
951,Emily,Weaver,eweaverqe@unc.edu,Female,United States
952,Emily,Myers,emyersqf@mail.ru,Female,United States
953,Kelly,Cook,kcookqg@skyrock.com,Female,Canada
954,Sandra,Lopez,slopezqh@nps.gov,Female,United States
955,Louise,Crawford,lcrawfordqi@a8.net,Female,Canada
956,Samuel,Sanchez,ssanchezqj@icq.com,Male,United States
957,Bobby,Little,blittleqk@apache.org,Male,Canada
958,Phyllis,Stanley,pstanleyql@wufoo.com,Female,United States
959,Shirley,Kelly,skellyqm@home.pl,Female,United States
960,Elizabeth,Evans,eevansqn@nsw.gov.au,Female,Canada
961,Marie,Brooks,mbrooksqo@java.com,Female,Mexico
962,Heather,Thompson,hthompsonqp@npr.org,Female,Mexico
963,Lawrence,Ryan,lryanqq@cornell.edu,Male,United States
964,Diane,Hunter,dhunterqr@biblegateway.com,Female,Canada
965,Joe,Evans,jevansqs@usgs.gov,Male,United States
966,Billy,Kennedy,bkennedyqt@cdbaby.com,Male,Canada
967,Beverly,Mendoza,bmendozaqu@sitemeter.com,Female,Canada
968,Barbara,Graham,bgrahamqv@mail.ru,Female,United States
969,Janet,Garcia,jgarciaqw@fda.gov,Female,Canada
970,Craig,Scott,cscottqx@epa.gov,Male,United States
971,Martin,Nichols,mnicholsqy@wired.com,Male,United States
972,Brenda,Boyd,,Female,Mexico
973,Brenda,Morrison,bmorrisonr0@wufoo.com,Female,United States
974,Brandon,Nichols,bnicholsr1@a8.net,Male,Mexico
975,Richard,Reyes,rreyesr2@geocities.com,Male,United States
976,Doris,Howell,dhowellr3@chronoengine.com,Female,Mexico
977,Jacqueline,Gardner,jgardnerr4@github.io,Female,United States
978,Roger,Holmes,rholmesr5@unesco.org,Male,Mexico
979,Todd,Mason,tmasonr6@elpais.com,Male,United States
980,Nicholas,Gardner,ngardnerr7@moonfruit.com,Male,United States
981,Bobby,Little,blittler8@ucoz.com,Male,Canada
982,Phillip,Peters,ppetersr9@hc360.com,Male,Mexico
983,Diana,Romero,dromerora@nps.gov,Female,United States
984,Earl,Bowman,ebowmanrb@livejournal.com,Male,United States
985,Tammy,Davis,tdavisrc@yahoo.co.jp,Female,Mexico
986,Judy,Ellis,jellisrd@loc.gov,Female,Canada
987,Shawn,Arnold,sarnoldre@gov.uk,Male,United States
988,Eric,Collins,ecollinsrf@businessweek.com,Male,United States
989,Nicole,Moore,nmoorerg@hugedomains.com,Female,United States
990,Tammy,Coleman,tcolemanrh@scribd.com,Female,United States
991,Justin,Gilbert,jgilbertri@mediafire.com,Male,Mexico
992,Christina,Scott,cscottrj@washington.edu,Female,United States
993,Joan,Greene,jgreenerk@ucoz.ru,Female,United States
994,Jane,Torres,jtorresrl@ft.com,Female,United States
995,Harry,Robinson,hrobinsonrm@psu.edu,Male,United States
996,Chris,Scott,cscottrn@prlog.org,Male,Mexico
997,Patrick,Gomez,pgomezro@twitpic.com,Male,United States
998,Patrick,Spencer,pspencerrp@globo.com,Male,Canada
999,Frances,Lee,fleerq@sciencedaily.com,Female,Mexico
1000,Paula,Andrews,pandrewsrr@forbes.com,Female,Canada
