id,first_name,last_name,email,gender,country
1,Patrick,Reyes,preyes0@studiopress.com,Male,United States
2,George,Foster,gfoster1@techcrunch.com,Male,Canada
3,Phillip,White,pwhite2@dailymotion.com,Male,Mexico
4,Christopher,Hawkins,chawkins3@imdb.com,Male,United States
5,Gary,Rogers,grogers4@moonfruit.com,Male,Canada
6,Jennifer,Reed,jreed5@imageshack.us,Female,United States
7,Terry,Kennedy,tkennedy6@blog.com,Male,United States
8,Amanda,Wallace,awallace7@github.io,Female,Mexico
9,Barbara,Carter,bcarter8@hugedomains.com,Female,United States
10,Stephanie,Olson,solson9@amazon.co.uk,Female,United States
11,Judy,Diaz,jdiaza@ft.com,Female,United States
12,Craig,Perez,,Male,Canada
13,Roger,Dixon,rdixonc@tuttocitta.it,Male,United States
14,Kevin,Bradley,kbradleyd@ovh.net,Male,Mexico
15,Betty,Hall,bhalle@microsoft.com,Female,United States
16,Michelle,Kelley,mkelleyf@eventbrite.com,Female,United States
17,Justin,Porter,jporterg@ovh.net,Male,Mexico
18,Arthur,Berry,aberryh@hhs.gov,Male,United States
19,Jennifer,Ray,jrayi@freewebs.com,Female,United States
20,Gregory,Gonzalez,ggonzalezj@hibu.com,Male,Canada
21,Larry,Bradley,lbradleyk@sohu.com,Male,United States
22,Aaron,Gray,agrayl@infoseek.co.jp,Male,United States
23,Arthur,Rogers,arogersm@globo.com,Male,Canada
24,George,Griffin,ggriffinn@latimes.com,Male,Canada
25,Janice,Mills,jmillso@behance.net,Female,United States
26,Lawrence,Patterson,lpattersonp@prnewswire.com,Male,Canada
27,Kathy,Harrison,kharrisonq@instagram.com,Female,Canada
28,Tina,Davis,tdavisr@blogger.com,Female,Mexico
29,Louis,Gonzalez,lgonzalezs@independent.co.uk,Male,Mexico
30,Earl,Berry,eberryt@about.me,Male,Mexico
31,Marilyn,Gonzales,mgonzalesu@wsj.com,Female,United States
32,Carlos,Ramirez,cramirezv@yahoo.com,Male,United States
33,Theresa,Morris,tmorrisw@rakuten.co.jp,Female,United States
34,William,Cruz,wcruzx@zdnet.com,Male,Mexico
35,Andrew,Lopez,alopezy@google.com,Male,Canada
36,Jerry,Webb,jwebbz@webmd.com,Male,Mexico
37,Jennifer,Watkins,jwatkins10@devhub.com,Female,Mexico
38,Brandon,Hamilton,bhamilton11@msn.com,Male,Mexico
39,Sharon,Lee,slee12@feedburner.com,Female,United States
40,Steven,Turner,sturner13@state.gov,Male,Canada
41,Jason,Thompson,jthompson14@fema.gov,Male,Canada
42,Steven,Coleman,scoleman15@yahoo.co.jp,Male,United States
43,Bobby,Morris,bmorris16@patch.com,Male,United States
44,Russell,Gray,rgray17@stanford.edu,Male,United States
45,Shawn,Hicks,shicks18@whitehouse.gov,Male,United States
46,Earl,Crawford,ecrawford19@shareasale.com,Male,Canada
47,Frank,Sims,fsims1a@china.com.cn,Male,Canada
48,Rose,Hall,rhall1b@irs.gov,Female,Canada
49,Robin,Lawson,rlawson1c@ted.com,Female,United States
50,Douglas,Ruiz,druiz1d@liveinternet.ru,Male,Mexico
51,Katherine,Franklin,kfranklin1e@diigo.com,Female,United States
52,Christopher,Weaver,cweaver1f@wikia.com,Male,United States
53,Ruth,Castillo,rcastillo1g@deviantart.com,Female,Canada
54,Susan,Owens,sowens1h@marriott.com,Female,United States
55,Richard,Carr,rcarr1i@twitter.com,Male,United States
56,Shawn,Olson,solson1j@google.pl,Male,Mexico
57,Patricia,Bishop,pbishop1k@seattletimes.com,Female,Mexico
58,Jessica,Hart,jhart1l@imageshack.us,Female,Canada
59,Frances,Collins,fcollins1m@hud.gov,Female,Canada
60,Bobby,Porter,bporter1n@blinklist.com,Male,United States
61,Elizabeth,Hughes,ehughes1o@ox.ac.uk,Female,United States
62,Carolyn,Foster,,Female,United States
63,Stephen,Jordan,sjordan1q@jalbum.net,Male,Canada
64,Juan,Perkins,jperkins1r@jiathis.com,Male,Mexico
65,Virginia,Washington,vwashington1s@census.gov,Female,Canada
66,Mark,Hayes,mhayes1t@xrea.com,Male,United States
67,Nicholas,Wilson,nwilson1u@upenn.edu,Male,Mexico
68,Amy,Moore,amoore1v@admin.ch,Female,United States
69,Sharon,Kim,skim1w@shutterfly.com,Female,Mexico
70,Brandon,Coleman,bcoleman1x@biblegateway.com,Male,Mexico
71,Peter,Carr,pcarr1y@so-net.ne.jp,Male,Mexico
72,Brandon,Oliver,boliver1z@senate.gov,Male,Canada
73,Martin,Harper,mharper20@nasa.gov,Male,Mexico
74,Dennis,Walker,dwalker21@sohu.com,Male,Mexico
75,Ernest,Mills,emills22@indiatimes.com,Male,Mexico
76,Tina,Collins,tcollins23@1und1.de,Female,United States
77,Ralph,Harvey,rharvey24@redcross.org,Male,United States
78,Adam,Wood,,Male,Canada
79,Larry,Ryan,lryan26@google.it,Male,United States
80,Patricia,Burke,pburke27@bluehost.com,Female,United States
81,Ernest,Cunningham,ecunningham28@sphinn.com,Male,United States
82,Lisa,Flores,lflores29@tuttocitta.it,Female,Mexico
83,Bruce,Evans,bevans2a@mtv.com,Male,United States
84,Rachel,Chavez,rchavez2b@netvibes.com,Female,United States
85,Alan,Burton,aburton2c@multiply.com,Male,United States
86,Donna,Butler,dbutler2d@ebay.co.uk,Female,Canada
87,Christina,Richardson,crichardson2e@intel.com,Female,United States
88,Brian,Bradley,bbradley2f@answers.com,Male,Canada
89,Patricia,Garrett,pgarrett2g@tamu.edu,Female,Canada
90,Jennifer,Sanchez,jsanchez2h@google.it,Female,Mexico
91,Brian,Robinson,brobinson2i@icq.com,Male,Canada
92,Virginia,Kennedy,vkennedy2j@webnode.com,Female,Canada
93,Joshua,Mitchell,jmitchell2k@discuz.net,Male,United States
94,Juan,Long,jlong2l@nsw.gov.au,Male,United States
95,Annie,Burke,aburke2m@mtv.com,Female,Mexico
96,Amanda,Hunter,ahunter2n@hexun.com,Female,United States
97,Diana,Kim,dkim2o@networksolutions.com,Female,United States
98,Amanda,Fernandez,afernandez2p@biglobe.ne.jp,Female,United States
99,Emily,Murphy,emurphy2q@kickstarter.com,Female,United States
100,Cynthia,Howell,chowell2r@shop-pro.jp,Female,United States
101,Frances,Sanders,fsanders2s@slate.com,Female,United States
102,Julie,Graham,jgraham2t@shutterfly.com,Female,United States
103,Lori,Wright,lwright2u@mapy.cz,Female,United States
104,Diana,Williams,dwilliams2v@jigsy.com,Female,Mexico
105,Brian,Oliver,boliver2w@bloglines.com,Male,Mexico
106,Dennis,Alexander,dalexander2x@mozilla.com,Male,Mexico
107,Laura,Howard,lhoward2y@apple.com,Female,Canada
108,Earl,Cooper,ecooper2z@adobe.com,Male,Canada
109,David,Watkins,dwatkins30@cbc.ca,Male,Canada
110,Lori,Knight,lknight31@zimbio.com,Female,Canada
111,Albert,Lawrence,alawrence32@stumbleupon.com,Male,Mexico
112,Earl,Hudson,,Male,Canada
113,Craig,Lee,clee34@tripod.com,Male,United States
114,Daniel,Chapman,dchapman35@sfgate.com,Male,Mexico
115,Julie,Hunter,jhunter36@boston.com,Female,Mexico
116,Steven,Smith,ssmith37@merriam-webster.com,Male,Canada
117,Juan,Myers,jmyers38@auda.org.au,Male,United States
118,Juan,Morales,jmorales39@spotify.com,Male,United States
119,Annie,Rice,arice3a@dot.gov,Female,Mexico
120,Craig,Gordon,cgordon3b@free.fr,Male,Canada
121,Amanda,Nguyen,anguyen3c@narod.ru,Female,Canada
122,Martin,Thompson,mthompson3d@ca.gov,Male,Canada
123,Roger,Fields,rfields3e@amazon.com,Male,United States
124,Gary,Collins,gcollins3f@cyberchimps.com,Male,Canada
125,Nancy,Hudson,nhudson3g@discuz.net,Female,Canada
126,Jessica,Bennett,jbennett3h@bloglovin.com,Female,Mexico
127,Samuel,Reed,sreed3i@cdc.gov,Male,United States
128,Jeremy,Bowman,jbowman3j@dedecms.com,Male,United States
129,Laura,Frazier,lfrazier3k@4shared.com,Female,Mexico
130,Brian,Baker,bbaker3l@devhub.com,Male,United States
131,Carolyn,Harrison,,Female,Mexico
132,Catherine,Williamson,cwilliamson3n@rakuten.co.jp,Female,Mexico
133,Bobby,Johnson,,Male,United States
134,George,Anderson,ganderson3p@discuz.net,Male,United States
135,Marie,Howard,mhoward3q@lulu.com,Female,United States
136,Paula,Myers,pmyers3r@nih.gov,Female,Canada
137,Kathryn,Kennedy,kkennedy3s@narod.ru,Female,Mexico
138,Maria,Burton,mburton3t@cafepress.com,Female,United States
139,Jimmy,Burns,jburns3u@yellowpages.com,Male,Mexico
140,Heather,Patterson,hpatterson3v@shop-pro.jp,Female,Canada
141,Howard,Robinson,hrobinson3w@nsw.gov.au,Male,United States
142,George,Sanders,gsanders3x@behance.net,Male,United States
143,Norma,Armstrong,narmstrong3y@whitehouse.gov,Female,Mexico
144,Pamela,Thompson,pthompson3z@altervista.org,Female,Mexico
145,Nicole,James,njames40@tinypic.com,Female,United States
146,Willie,Young,wyoung41@foxnews.com,Male,United States
147,George,Wells,gwells42@themeforest.net,Male,United States
148,Jose,Dixon,jdixon43@walmart.com,Male,United States
149,Anthony,Anderson,aanderson44@a8.net,Male,Mexico
150,Kevin,Berry,kberry45@theglobeandmail.com,Male,Mexico
151,Justin,Cox,jcox46@sphinn.com,Male,United States
152,Beverly,Hunter,bhunter47@hud.gov,Female,United States
153,Donna,Kelley,dkelley48@europa.eu,Female,United States
154,Richard,Jones,rjones49@networksolutions.com,Male,United States
155,Paula,Fowler,pfowler4a@slashdot.org,Female,Canada
156,Marilyn,Anderson,manderson4b@umich.edu,Female,United States
157,Pamela,Smith,psmith4c@xrea.com,Female,Mexico
158,Richard,Ellis,rellis4d@360.cn,Male,United States
159,Jose,Stevens,jstevens4e@printfriendly.com,Male,Canada
160,Catherine,Welch,cwelch4f@google.co.uk,Female,United States
161,Jane,Woods,jwoods4g@odnoklassniki.ru,Female,United States
162,George,Brooks,gbrooks4h@ning.com,Male,Mexico
163,Martha,Meyer,mmeyer4i@ezinearticles.com,Female,Canada
164,Edward,Owens,eowens4j@cornell.edu,Male,Canada
165,Kimberly,George,kgeorge4k@histats.com,Female,Mexico
166,Harry,Bishop,hbishop4l@mtv.com,Male,Mexico
167,Sean,Austin,saustin4m@unicef.org,Male,United States
168,Daniel,Jordan,djordan4n@reference.com,Male,Canada
169,Lillian,Scott,lscott4o@bloomberg.com,Female,United States
170,Nicholas,Matthews,nmatthews4p@msu.edu,Male,Canada
171,Justin,Torres,jtorres4q@reference.com,Male,Canada
172,Douglas,Diaz,ddiaz4r@fotki.com,Male,United States
173,Gloria,Brooks,gbrooks4s@about.com,Female,United States
174,Johnny,Bennett,jbennett4t@harvard.edu,Male,Canada
175,Amy,Fisher,afisher4u@a8.net,Female,United States
176,Kathryn,Rogers,krogers4v@shutterfly.com,Female,Mexico
177,Jean,Fox,jfox4w@cnn.com,Female,Mexico
178,Ryan,Harris,rharris4x@sitemeter.com,Male,Mexico
179,Nicholas,Gordon,ngordon4y@mac.com,Male,Mexico
180,Louis,Wood,lwood4z@posterous.com,Male,United States
181,Johnny,Johnson,jjohnson50@google.pl,Male,United States
182,Howard,Moore,hmoore51@google.es,Male,United States
183,Jessica,Wilson,jwilson52@wikispaces.com,Female,United States
184,Jeffrey,Adams,,Male,United States
185,Douglas,Price,dprice54@businesswire.com,Male,United States
186,Gerald,Burke,gburke55@businessweek.com,Male,United States
187,Jimmy,Russell,jrussell56@weebly.com,Male,Canada
188,Paula,Hanson,phanson57@tripod.com,Female,Mexico
189,Louise,Carroll,lcarroll58@wikispaces.com,Female,Canada
190,Henry,Thomas,hthomas59@yahoo.com,Male,United States
191,Antonio,Howard,ahoward5a@over-blog.com,Male,Canada
192,Frank,Jackson,fjackson5b@elpais.com,Male,United States
193,Peter,Ramirez,,Male,United States
194,Alan,Barnes,abarnes5d@diigo.com,Male,Canada
195,Amy,Turner,aturner5e@buzzfeed.com,Female,Mexico
196,Joe,Rice,jrice5f@webnode.com,Male,United States
197,Judith,Garrett,jgarrett5g@networkadvertising.org,Female,United States
198,Anthony,Webb,awebb5h@github.io,Male,United States
199,Dorothy,Holmes,dholmes5i@sina.com.cn,Female,United States
200,Cynthia,James,cjames5j@merriam-webster.com,Female,United States
201,Jimmy,Nguyen,jnguyen5k@psu.edu,Male,United States
202,Frank,Ford,fford5l@last.fm,Male,Canada
203,Daniel,Reyes,dreyes5m@cafepress.com,Male,Mexico
204,Angela,Coleman,acoleman5n@dmoz.org,Female,United States
205,Judy,Cruz,jcruz5o@nps.gov,Female,United States
206,Sara,Olson,solson5p@google.nl,Female,Canada
207,Diana,Dixon,ddixon5q@pcworld.com,Female,Canada
208,Jessica,Sims,jsims5r@harvard.edu,Female,Mexico
209,Christopher,Ford,cford5s@topsy.com,Male,Canada
210,Ryan,Parker,rparker5t@bloglines.com,Male,Canada
211,Alice,Kim,,Female,United States
212,Barbara,Fisher,bfisher5v@tumblr.com,Female,Canada
213,Howard,Ray,hray5w@vimeo.com,Male,Canada
214,Mary,Henry,mhenry5x@bluehost.com,Female,Canada
215,Douglas,Jenkins,djenkins5y@mapy.cz,Male,Canada
216,Stephanie,Allen,sallen5z@wired.com,Female,United States
217,Chris,Lopez,clopez60@apple.com,Male,Mexico
218,Gloria,Ray,gray61@boston.com,Female,Canada
219,Anna,Wheeler,awheeler62@army.mil,Female,United States
220,Tammy,Reyes,treyes63@slideshare.net,Female,United States
221,Walter,Ward,,Male,United States
222,Adam,Ellis,aellis65@ft.com,Male,United States
223,Diana,Williamson,dwilliamson66@miibeian.gov.cn,Female,United States
224,Amy,Mills,amills67@livejournal.com,Female,Canada
225,Gary,Butler,,Male,United States
226,Lawrence,Armstrong,larmstrong69@geocities.jp,Male,United States
227,Theresa,Carter,tcarter6a@fastcompany.com,Female,Canada
228,Thomas,Evans,tevans6b@weibo.com,Male,United States
229,Gloria,Diaz,gdiaz6c@exblog.jp,Female,United States
230,Shawn,Meyer,smeyer6d@rediff.com,Male,United States
231,Diane,Perez,dperez6e@sun.com,Female,United States
232,Jonathan,Stanley,jstanley6f@t.co,Male,Mexico
233,Gerald,Myers,gmyers6g@virginia.edu,Male,United States
234,Jimmy,Carr,jcarr6h@archive.org,Male,United States
235,Nancy,Austin,naustin6i@mozilla.com,Female,Canada
236,Gary,Ramos,gramos6j@ted.com,Male,Mexico
237,Pamela,Gilbert,pgilbert6k@guardian.co.uk,Female,United States
238,Billy,Snyder,bsnyder6l@globo.com,Male,Canada
239,Lois,Kelly,lkelly6m@webeden.co.uk,Female,Mexico
240,Diana,Rose,drose6n@msu.edu,Female,United States
241,Wanda,Burns,wburns6o@vimeo.com,Female,Canada
242,Sean,Sanders,ssanders6p@weebly.com,Male,Mexico
243,Nicholas,Franklin,nfranklin6q@bravesites.com,Male,United States
244,Irene,Scott,iscott6r@craigslist.org,Female,Canada
245,Deborah,Watson,dwatson6s@umn.edu,Female,United States
246,Diane,Fuller,dfuller6t@surveymonkey.com,Female,Mexico
247,Paul,Wallace,pwallace6u@quantcast.com,Male,United States
248,Roy,Boyd,rboyd6v@sitemeter.com,Male,Mexico
249,Jessica,Hicks,jhicks6w@washingtonpost.com,Female,Canada
250,Ryan,Miller,rmiller6x@dion.ne.jp,Male,Mexico
251,Matthew,Shaw,mshaw6y@dedecms.com,Male,Canada
252,Brian,Rice,brice6z@java.com,Male,United States
253,Teresa,Jenkins,tjenkins70@bing.com,Female,United States
254,Alan,Berry,aberry71@wikimedia.org,Male,Mexico
255,Barbara,Gilbert,bgilbert72@macromedia.com,Female,Canada
256,Eugene,Dixon,edixon73@fda.gov,Male,United States
257,James,Chapman,jchapman74@amazon.com,Male,United States
258,Gloria,Long,glong75@mashable.com,Female,United States
259,Sean,Larson,slarson76@yahoo.com,Male,United States
260,Stephen,Williamson,swilliamson77@trellian.com,Male,United States
261,Rose,Bradley,rbradley78@time.com,Female,Canada
262,Walter,Weaver,wweaver79@reverbnation.com,Male,Mexico
263,Anna,Martinez,amartinez7a@php.net,Female,United States
264,Michael,Kelley,mkelley7b@foxnews.com,Male,Canada
265,Justin,Porter,jporter7c@taobao.com,Male,United States
266,Diane,Myers,dmyers7d@studiopress.com,Female,United States
267,Bobby,Boyd,bboyd7e@joomla.org,Male,United States
268,Steven,Miller,,Male,United States
269,Dorothy,Elliott,delliott7g@archive.org,Female,Canada
270,Joseph,Cunningham,jcunningham7h@dropbox.com,Male,Canada
271,Brian,Griffin,,Male,United States
272,Alan,Gutierrez,agutierrez7j@t-online.de,Male,United States
273,Richard,Bell,rbell7k@globo.com,Male,United States
274,Fred,Nelson,fnelson7l@trellian.com,Male,Canada
275,Terry,Baker,tbaker7m@ucoz.ru,Male,Canada
276,Laura,Oliver,loliver7n@i2i.jp,Female,Canada
277,Amy,Medina,amedina7o@1und1.de,Female,Canada
278,Alice,Brown,abrown7p@weather.com,Female,Mexico
279,Andrea,Knight,aknight7q@yolasite.com,Female,Canada
280,Margaret,Morrison,mmorrison7r@sohu.com,Female,Mexico
281,Bonnie,Howard,bhoward7s@sourceforge.net,Female,United States
282,Howard,Knight,hknight7t@opera.com,Male,United States
283,Gloria,Williams,gwilliams7u@wiley.com,Female,United States
284,Earl,Morales,emorales7v@live.com,Male,Canada
285,Christopher,Davis,cdavis7w@accuweather.com,Male,Mexico
286,Adam,Gray,agray7x@kickstarter.com,Male,Canada
287,Karen,Bennett,kbennett7y@imdb.com,Female,United States
288,Craig,Ellis,cellis7z@joomla.org,Male,Mexico
289,Cynthia,Arnold,carnold80@hp.com,Female,United States
290,Donna,Ortiz,dortiz81@timesonline.co.uk,Female,Canada
291,Thomas,Reyes,treyes82@w3.org,Male,United States
292,Matthew,Young,myoung83@youtube.com,Male,Mexico
293,Clarence,Wagner,cwagner84@amazonaws.com,Male,United States
294,Kathy,Moore,kmoore85@wikispaces.com,Female,Mexico
295,Diana,Holmes,dholmes86@dot.gov,Female,Canada
296,Wanda,Vasquez,wvasquez87@apple.com,Female,Mexico
297,Marie,Chavez,mchavez88@friendfeed.com,Female,United States
298,Jose,Butler,jbutler89@google.com,Male,United States
299,Stephen,Wheeler,swheeler8a@sphinn.com,Male,United States
300,Carl,Arnold,carnold8b@a8.net,Male,Mexico
301,Maria,Gonzales,mgonzales8c@canalblog.com,Female,United States
302,David,Rogers,drogers8d@slideshare.net,Male,Mexico
303,Paula,White,,Female,Canada
304,Susan,Wagner,swagner8f@furl.net,Female,Canada
305,Mark,Watson,mwatson8g@wordpress.com,Male,Canada
306,Marie,Ferguson,mferguson8h@yahoo.com,Female,United States
307,Nicole,Turner,nturner8i@wunderground.com,Female,Canada
308,Laura,Peterson,,Female,Mexico
309,Mildred,Lopez,mlopez8k@ftc.gov,Female,United States
310,John,Ellis,jellis8l@google.com.br,Male,United States
311,Tina,Fernandez,tfernandez8m@fotki.com,Female,Mexico
312,Christine,Kim,ckim8n@blogs.com,Female,United States
313,Douglas,Mccoy,dmccoy8o@ed.gov,Male,United States
314,Janice,Carroll,jcarroll8p@weather.com,Female,Canada
315,Kathleen,Stevens,kstevens8q@youtu.be,Female,United States
316,Marilyn,Carr,mcarr8r@diigo.com,Female,United States
317,Frank,Hernandez,fhernandez8s@example.com,Male,Canada
318,Diana,Wells,dwells8t@gravatar.com,Female,United States
319,Lawrence,Watkins,lwatkins8u@newsvine.com,Male,Mexico
320,Joshua,Perry,jperry8v@ucla.edu,Male,Mexico
321,Ruth,Cook,rcook8w@ihg.com,Female,Canada
322,Arthur,Black,ablack8x@theglobeandmail.com,Male,United States
323,Kimberly,Black,kblack8y@fda.gov,Female,Canada
324,Charles,Thompson,cthompson8z@live.com,Male,Mexico
325,Billy,Price,bprice90@prlog.org,Male,United States
326,Aaron,Wheeler,awheeler91@myspace.com,Male,Canada
327,Willie,Holmes,wholmes92@mit.edu,Male,Mexico
328,Donald,Ward,dward93@japanpost.jp,Male,United States
329,Susan,Harper,,Female,Mexico
330,Linda,Johnson,ljohnson95@chicagotribune.com,Female,Canada
331,Frances,Cruz,fcruz96@harvard.edu,Female,United States
332,William,Ford,wford97@patch.com,Male,Mexico
333,John,Davis,jdavis98@princeton.edu,Male,Mexico
334,Ralph,Ward,rward99@disqus.com,Male,Mexico
335,Henry,Perez,,Male,Mexico
336,Charles,Hayes,chayes9b@gov.uk,Male,Canada
337,Marie,Oliver,,Female,United States
338,Jeremy,Rose,jrose9d@jigsy.com,Male,Mexico
339,Randy,Powell,rpowell9e@com.com,Male,United States
340,Frances,Kelly,fkelly9f@google.de,Female,United States
341,Walter,West,wwest9g@mozilla.com,Male,United States
342,Brandon,Duncan,bduncan9h@prnewswire.com,Male,Canada
343,Bonnie,Anderson,banderson9i@house.gov,Female,Canada
344,Justin,Jacobs,jjacobs9j@economist.com,Male,United States
345,Joseph,Green,jgreen9k@shinystat.com,Male,United States
346,Judith,Williamson,jwilliamson9l@buzzfeed.com,Female,United States
347,Mildred,Owens,mowens9m@live.com,Female,United States
348,Lisa,Rodriguez,lrodriguez9n@cargocollective.com,Female,United States
349,Daniel,James,djames9o@com.com,Male,United States
350,Kelly,Elliott,kelliott9p@adobe.com,Female,Canada
351,Anthony,Gutierrez,agutierrez9q@ucsd.edu,Male,Canada
352,Eric,Lane,,Male,Canada
353,Lawrence,Reid,lreid9s@youku.com,Male,Mexico
354,Ruby,Welch,rwelch9t@tiny.cc,Female,Mexico
355,Bonnie,Hunt,bhunt9u@senate.gov,Female,Mexico
356,Anna,Carroll,acarroll9v@friendfeed.com,Female,United States
357,Nicholas,Kennedy,nkennedy9w@msn.com,Male,Canada
358,Paul,King,,Male,United States
359,Bobby,Collins,,Male,Mexico
360,Craig,Carpenter,ccarpenter9z@blogs.com,Male,United States
361,Fred,Gonzalez,fgonzaleza0@google.ru,Male,Canada
362,Jose,Mendoza,,Male,Mexico
363,John,Taylor,jtaylora2@latimes.com,Male,Mexico
364,Thomas,Washington,,Male,Mexico
365,Louis,Diaz,ldiaza4@indiegogo.com,Male,United States
366,Ruby,Payne,,Female,Canada
367,Kathy,Frazier,,Female,Mexico
368,Debra,Simpson,dsimpsona7@engadget.com,Female,Canada
369,Marie,Dixon,mdixona8@newsvine.com,Female,Mexico
370,Rebecca,Hunt,rhunta9@godaddy.com,Female,Canada
371,Sharon,Pierce,,Female,United States
372,Aaron,Cunningham,acunninghamab@imageshack.us,Male,Mexico
373,Aaron,Black,ablackac@msu.edu,Male,United States
374,Donna,Hughes,dhughesad@howstuffworks.com,Female,Canada
375,Matthew,Cunningham,mcunninghamae@theglobeandmail.com,Male,Canada
376,Kevin,Schmidt,kschmidtaf@nbcnews.com,Male,Canada
377,James,Harvey,jharveyag@amazon.com,Male,United States
378,Teresa,Sanchez,tsanchezah@sciencedirect.com,Female,United States
379,Anna,Hall,ahallai@merriam-webster.com,Female,United States
380,Helen,Alvarez,halvarezaj@tinyurl.com,Female,United States
381,Ryan,Pierce,rpierceak@devhub.com,Male,Mexico
382,Carolyn,Mccoy,cmccoyal@seesaa.net,Female,Mexico
383,Juan,Wright,,Male,United States
384,Ronald,Parker,rparkeran@netvibes.com,Male,United States
385,Harry,Weaver,hweaverao@cloudflare.com,Male,United States
386,Amy,Bishop,abishopap@indiegogo.com,Female,Canada
387,Arthur,Riley,arileyaq@smugmug.com,Male,United States
388,Janice,Phillips,jphillipsar@ihg.com,Female,Canada
389,Carlos,Frazier,cfrazieras@nymag.com,Male,Canada
390,Diana,Rodriguez,drodriguezat@smugmug.com,Female,Mexico
391,Stephen,Wilson,swilsonau@cbsnews.com,Male,United States
392,Andrea,Powell,apowellav@patch.com,Female,United States
393,Andrew,Butler,abutleraw@histats.com,Male,United States
394,Marilyn,Harris,mharrisax@cdc.gov,Female,Mexico
395,Andrew,Torres,atorresay@uiuc.edu,Male,United States
396,Pamela,Patterson,ppattersonaz@twitter.com,Female,Mexico
397,Donna,Larson,dlarsonb0@princeton.edu,Female,Canada
398,Sandra,Diaz,,Female,United States
399,Margaret,Graham,mgrahamb2@friendfeed.com,Female,Canada
400,Kevin,Snyder,ksnyderb3@netvibes.com,Male,Mexico
401,Norma,Alvarez,nalvarezb4@cam.ac.uk,Female,United States
402,Michelle,Gardner,mgardnerb5@engadget.com,Female,United States
403,Janice,Lewis,jlewisb6@scribd.com,Female,United States
404,Steve,Stewart,sstewartb7@usnews.com,Male,United States
405,Thomas,Vasquez,tvasquezb8@wired.com,Male,Canada
406,Sarah,Robinson,srobinsonb9@purevolume.com,Female,Canada
407,Doris,Richards,drichardsba@blogs.com,Female,United States
408,Harry,Henry,hhenrybb@e-recht24.de,Male,Mexico
409,Louis,Russell,lrussellbc@nationalgeographic.com,Male,Canada
410,Steve,Lawrence,slawrencebd@dmoz.org,Male,Canada
411,Martha,Butler,mbutlerbe@uol.com.br,Female,United States
412,Harold,Howard,hhowardbf@wired.com,Male,Canada
413,Frances,Sims,fsimsbg@ibm.com,Female,United States
414,Pamela,Cunningham,pcunninghambh@yellowbook.com,Female,Canada
415,Wayne,Woods,wwoodsbi@nbcnews.com,Male,Canada
416,Joseph,Gomez,jgomezbj@patch.com,Male,Mexico
417,Billy,Stephens,bstephensbk@amazon.co.uk,Male,Mexico
418,Marie,Parker,mparkerbl@wufoo.com,Female,Canada
419,Kevin,Carter,kcarterbm@weibo.com,Male,United States
420,Jessica,Armstrong,,Female,Canada
421,Elizabeth,Walker,ewalkerbo@wiley.com,Female,Mexico
422,Martin,Ford,mfordbp@uol.com.br,Male,Canada
423,Amy,King,akingbq@geocities.jp,Female,United States
424,Randy,Ellis,rellisbr@furl.net,Male,Mexico
425,Melissa,Grant,mgrantbs@about.com,Female,Canada
426,Jennifer,Vasquez,jvasquezbt@prweb.com,Female,Canada
427,Ann,Perkins,aperkinsbu@msu.edu,Female,Canada
428,Bobby,Long,blongbv@ed.gov,Male,Canada
429,Larry,Hunter,lhunterbw@xinhuanet.com,Male,Mexico
430,Wanda,Tucker,wtuckerbx@walmart.com,Female,United States
431,Paula,Burke,,Female,Mexico
432,Raymond,Hanson,rhansonbz@bloomberg.com,Male,Mexico
433,Philip,Lawrence,plawrencec0@altervista.org,Male,United States
434,Teresa,Elliott,telliottc1@globo.com,Female,Mexico
435,Tina,White,twhitec2@intel.com,Female,United States
436,Earl,Washington,ewashingtonc3@google.nl,Male,Canada
437,Dennis,Vasquez,dvasquezc4@soundcloud.com,Male,Canada
438,Harry,Johnston,hjohnstonc5@instagram.com,Male,United States
439,Tammy,Lawrence,tlawrencec6@sakura.ne.jp,Female,United States
440,Rose,Mendoza,rmendozac7@tripod.com,Female,Canada
441,Peter,Ray,prayc8@nytimes.com,Male,United States
442,Virginia,Cooper,vcooperc9@amazon.de,Female,Canada
443,Earl,Ramirez,eramirezca@jigsy.com,Male,United States
444,Samuel,Matthews,smatthewscb@ucoz.com,Male,Mexico
445,Christina,Holmes,cholmescc@51.la,Female,United States
446,Jeremy,Reed,jreedcd@who.int,Male,United States
447,Norma,Bryant,nbryantce@list-manage.com,Female,United States
448,Clarence,Fox,,Male,United States
449,Pamela,Kelley,pkelleycg@wunderground.com,Female,Canada
450,Tina,Gordon,tgordonch@buzzfeed.com,Female,United States
451,Teresa,White,twhiteci@eepurl.com,Female,United States
452,Dorothy,Harper,dharpercj@ocn.ne.jp,Female,United States
453,William,Campbell,wcampbellck@symantec.com,Male,Mexico
454,Christina,Reynolds,creynoldscl@usgs.gov,Female,United States
455,Earl,Burns,eburnscm@mashable.com,Male,Canada
456,Virginia,Bennett,vbennettcn@godaddy.com,Female,Mexico
457,Ashley,Arnold,aarnoldco@usgs.gov,Female,United States
458,Jesse,Mitchell,jmitchellcp@godaddy.com,Male,United States
459,Betty,Ford,bfordcq@fc2.com,Female,Mexico
460,Angela,Gilbert,,Female,Mexico
461,Joan,Clark,jclarkcs@godaddy.com,Female,Mexico
462,Ralph,Hunter,rhunterct@photobucket.com,Male,Canada
463,Michelle,Reed,mreedcu@mtv.com,Female,United States
464,Sarah,Hall,shallcv@elegantthemes.com,Female,Mexico
465,Donald,Sullivan,dsullivancw@joomla.org,Male,United States
466,George,Lynch,glynchcx@intel.com,Male,Canada
467,Anna,Thompson,athompsoncy@columbia.edu,Female,United States
468,Eric,Riley,erileycz@digg.com,Male,Canada
469,Kimberly,Knight,kknightd0@wikia.com,Female,Canada
470,Richard,Berry,rberryd1@yellowbook.com,Male,United States
471,Deborah,Nelson,dnelsond2@constantcontact.com,Female,Canada
472,Louise,Ruiz,lruizd3@aboutads.info,Female,Mexico
473,Peter,Palmer,ppalmerd4@pagesperso-orange.fr,Male,United States
474,Evelyn,Gomez,egomezd5@about.me,Female,Mexico
475,Rose,Dixon,rdixond6@netvibes.com,Female,Mexico
476,Arthur,Kelly,akellyd7@homestead.com,Male,Mexico
477,Barbara,Morales,bmoralesd8@yelp.com,Female,United States
478,Anthony,Knight,aknightd9@diigo.com,Male,Mexico
479,Shawn,Burke,sburkeda@upenn.edu,Male,Canada
480,Denise,Myers,dmyersdb@weather.com,Female,United States
481,Nicole,Mccoy,,Female,Canada
482,Catherine,Owens,cowensdd@wufoo.com,Female,Mexico
483,Mark,Dixon,mdixonde@telegraph.co.uk,Male,Canada
484,Chris,Ruiz,cruizdf@latimes.com,Male,Canada
485,Doris,Bowman,dbowmandg@moonfruit.com,Female,Canada
486,Gloria,Mills,gmillsdh@time.com,Female,Canada
487,James,Howell,,Male,United States
488,Keith,Burke,kburkedj@redcross.org,Male,United States
489,Brenda,Thomas,bthomasdk@cyberchimps.com,Female,United States
490,Kenneth,Dean,kdeandl@usgs.gov,Male,United States
491,Barbara,Turner,bturnerdm@time.com,Female,Canada
492,Julia,Cunningham,,Female,United States
493,Denise,Harper,dharperdo@google.cn,Female,United States
494,Jimmy,Davis,jdavisdp@globo.com,Male,United States
495,Robin,Garza,rgarzadq@cisco.com,Female,Canada
496,Carolyn,Butler,cbutlerdr@parallels.com,Female,United States
497,Cynthia,Holmes,cholmesds@feedburner.com,Female,United States
498,Raymond,Sullivan,rsullivandt@toplist.cz,Male,United States
499,Virginia,Simmons,,Female,United States
500,Benjamin,Payne,bpaynedv@google.co.jp,Male,Canada
501,Ralph,Fox,rfoxdw@ucla.edu,Male,United States
502,Donald,Ruiz,druizdx@furl.net,Male,United States
503,Wayne,Walker,wwalkerdy@engadget.com,Male,Mexico
504,Rachel,Collins,rcollinsdz@imdb.com,Female,United States
505,Louis,Bradley,lbradleye0@pinterest.com,Male,Canada
506,Donna,Warren,dwarrene1@netscape.com,Female,Mexico
507,Nicholas,Franklin,nfrankline2@google.de,Male,United States
508,Mildred,Carpenter,mcarpentere3@chron.com,Female,Canada
509,Johnny,Carr,jcarre4@microsoft.com,Male,United States
510,Rose,Burke,rburkee5@example.com,Female,Mexico
511,Terry,Thomas,tthomase6@illinois.edu,Male,Mexico
512,Kathy,Lawson,klawsone7@360.cn,Female,United States
513,Frank,Medina,fmedinae8@nytimes.com,Male,Canada
514,Marilyn,Lane,mlanee9@blogs.com,Female,Mexico
515,Marie,Morgan,mmorganea@yale.edu,Female,United States
516,David,Payne,dpayneeb@g.co,Male,Mexico
517,Andrew,Barnes,abarnesec@hibu.com,Male,Mexico
518,Marie,Nichols,mnicholsed@redcross.org,Female,United States
519,Roy,Lane,rlaneee@oaic.gov.au,Male,Canada
520,Martha,Willis,mwillisef@forbes.com,Female,Canada
521,Anthony,Walker,awalkereg@mac.com,Male,United States
522,Irene,Perkins,iperkinseh@aboutads.info,Female,United States
523,Virginia,Torres,vtorresei@hubpages.com,Female,United States
524,Cynthia,Stewart,cstewartej@prweb.com,Female,United States
525,Cheryl,Washington,cwashingtonek@comcast.net,Female,United States
526,Patrick,Lewis,plewisel@seesaa.net,Male,United States
527,Albert,Russell,arussellem@wikispaces.com,Male,United States
528,Jack,Little,jlittleen@w3.org,Male,Canada
529,Brian,Hansen,bhanseneo@networkadvertising.org,Male,Mexico
530,Amy,Berry,aberryep@wsj.com,Female,Mexico
531,Judith,Bradley,jbradleyeq@symantec.com,Female,Canada
532,Julia,Daniels,jdanielser@google.com.hk,Female,United States
533,Todd,Mccoy,tmccoyes@nymag.com,Male,United States
534,Gary,Cooper,gcooperet@bbb.org,Male,United States
535,Ruth,Collins,rcollinseu@godaddy.com,Female,United States
536,Albert,Kennedy,akennedyev@example.com,Male,Canada
537,Emily,Elliott,eelliottew@vistaprint.com,Female,United States
538,Rose,Johnson,,Female,United States
539,Catherine,Mills,cmillsey@indiegogo.com,Female,United States
540,Daniel,Taylor,dtaylorez@stumbleupon.com,Male,United States
541,Carolyn,Daniels,cdanielsf0@domainmarket.com,Female,Mexico
542,Victor,Ruiz,vruizf1@webmd.com,Male,Mexico
543,Kenneth,Sims,ksimsf2@issuu.com,Male,United States
544,Virginia,Perkins,vperkinsf3@theguardian.com,Female,Mexico
545,Gary,Matthews,gmatthewsf4@webmd.com,Male,Mexico
546,Cheryl,Harvey,charveyf5@domainmarket.com,Female,United States
547,Jacqueline,Duncan,jduncanf6@addtoany.com,Female,Canada
548,Lisa,Mcdonald,lmcdonaldf7@symantec.com,Female,Mexico
549,Frank,Washington,fwashingtonf8@amazon.co.uk,Male,United States
550,Albert,Gordon,agordonf9@omniture.com,Male,United States
551,Phyllis,Gray,pgrayfa@is.gd,Female,Mexico
552,Beverly,Harris,bharrisfb@51.la,Female,United States
553,Lillian,Jacobs,ljacobsfc@dagondesign.com,Female,United States
554,Michael,Wright,,Male,United States
555,Brenda,Cruz,bcruzfe@unesco.org,Female,Canada
556,Nicholas,Rodriguez,nrodriguezff@weebly.com,Male,United States
557,Kimberly,Reyes,kreyesfg@ted.com,Female,Mexico
558,James,Black,jblackfh@si.edu,Male,Canada
559,William,Wilson,wwilsonfi@fastcompany.com,Male,United States
560,Victor,Matthews,vmatthewsfj@csmonitor.com,Male,United States
561,Julie,Ortiz,jortizfk@pcworld.com,Female,United States
562,Andrew,Ramirez,aramirezfl@vinaora.com,Male,Canada
563,John,Romero,jromerofm@shop-pro.jp,Male,United States
564,Barbara,Fields,bfieldsfn@ebay.co.uk,Female,Mexico
565,Rebecca,Harper,rharperfo@ezinearticles.com,Female,United States
566,Carol,Williams,cwilliamsfp@pcworld.com,Female,Canada
567,Thomas,Elliott,telliottfq@virginia.edu,Male,Canada
568,Carl,Carr,ccarrfr@mtv.com,Male,United States
569,Katherine,Green,kgreenfs@marriott.com,Female,Canada
570,Doris,Chavez,dchavezft@github.io,Female,United States
571,Kenneth,Myers,kmyersfu@ameblo.jp,Male,Canada
572,Stephen,Hernandez,shernandezfv@woothemes.com,Male,United States
573,Kathryn,Ryan,kryanfw@state.tx.us,Female,United States
574,Mark,Hayes,mhayesfx@squidoo.com,Male,United States
575,Betty,Gray,bgrayfy@technorati.com,Female,United States
576,Irene,Morrison,imorrisonfz@microsoft.com,Female,United States
577,Kimberly,Olson,kolsong0@cargocollective.com,Female,Mexico
578,Katherine,Price,kpriceg1@intel.com,Female,United States
579,Brandon,Bishop,bbishopg2@t.co,Male,Mexico
580,Bruce,Oliver,boliverg3@wunderground.com,Male,Canada
581,Andrea,Wilson,,Female,United States
582,Kelly,Hamilton,khamiltong5@jalbum.net,Female,United States
583,Michael,Jones,mjonesg6@hexun.com,Male,Mexico
584,Paula,West,pwestg7@mozilla.com,Female,United States
585,Joseph,Cole,,Male,Mexico
586,Emily,Riley,erileyg9@wikispaces.com,Female,Canada
587,Henry,Martin,hmartinga@bbc.co.uk,Male,Mexico
588,Maria,Owens,mowensgb@irs.gov,Female,United States
589,Antonio,Wood,awoodgc@google.co.jp,Male,United States
590,Judith,Ramos,jramosgd@jigsy.com,Female,United States
591,Anne,Stanley,astanleyge@tumblr.com,Female,Mexico
592,Anna,Jacobs,,Female,Mexico
593,Todd,Turner,tturnergg@mail.ru,Male,United States
594,Laura,Payne,lpaynegh@eepurl.com,Female,Mexico
595,Carl,Moore,cmooregi@cbslocal.com,Male,Canada
596,Kathleen,Richards,krichardsgj@amazon.com,Female,Mexico
597,Cynthia,Nichols,cnicholsgk@google.nl,Female,United States
598,Doris,Taylor,dtaylorgl@yale.edu,Female,United States
599,Annie,Walker,awalkergm@wikipedia.org,Female,Canada
600,Sarah,Hunter,shuntergn@icq.com,Female,United States
601,Kathy,Kim,kkimgo@thetimes.co.uk,Female,United States
602,Margaret,Andrews,mandrewsgp@weather.com,Female,Canada
603,Kelly,Mcdonald,kmcdonaldgq@walmart.com,Female,United States
604,Angela,Peterson,apetersongr@vimeo.com,Female,Canada
605,Melissa,Ward,mwardgs@springer.com,Female,Canada
606,Todd,Turner,,Male,Mexico
607,Jerry,Fields,jfieldsgu@blogger.com,Male,United States
608,Arthur,Moore,amooregv@alexa.com,Male,Canada
609,Patricia,Kim,pkimgw@berkeley.edu,Female,United States
610,Michael,Hart,mhartgx@bloglines.com,Male,Canada
611,Katherine,Bell,kbellgy@g.co,Female,United States
612,Cheryl,Nguyen,cnguyengz@msu.edu,Female,Canada
613,Bruce,Hunt,bhunth0@dion.ne.jp,Male,Mexico
614,Martin,Price,mpriceh1@godaddy.com,Male,Canada
615,Andrea,Washington,awashingtonh2@barnesandnoble.com,Female,Mexico
616,Tammy,Hunt,thunth3@myspace.com,Female,United States
617,Marie,Reyes,mreyesh4@scientificamerican.com,Female,Mexico
618,Joyce,Adams,jadamsh5@cam.ac.uk,Female,Mexico
619,Irene,Powell,ipowellh6@google.cn,Female,United States
620,Ronald,Romero,rromeroh7@imageshack.us,Male,Mexico
621,Johnny,Meyer,jmeyerh8@seesaa.net,Male,Mexico
622,Kevin,Gordon,kgordonh9@i2i.jp,Male,Canada
623,Melissa,Romero,mromeroha@omniture.com,Female,United States
624,Edward,Jordan,ejordanhb@feedburner.com,Male,United States
625,Mark,Owens,mowenshc@google.it,Male,Canada
626,Todd,Olson,tolsonhd@scribd.com,Male,Canada
627,Jane,Bell,jbellhe@ebay.com,Female,United States
628,Albert,Jacobs,ajacobshf@cnbc.com,Male,Mexico
629,Jeremy,Dixon,jdixonhg@stanford.edu,Male,Mexico
630,Joyce,Chapman,jchapmanhh@upenn.edu,Female,Canada
631,Sara,Nguyen,snguyenhi@amazonaws.com,Female,Canada
632,Theresa,Elliott,telliotthj@diigo.com,Female,Canada
633,Joe,Miller,jmillerhk@telegraph.co.uk,Male,United States
634,Ashley,Payne,apaynehl@eepurl.com,Female,United States
635,Judy,Jordan,jjordanhm@usgs.gov,Female,United States
636,Sharon,Morgan,smorganhn@seesaa.net,Female,Mexico
637,Janice,Andrews,jandrewsho@phpbb.com,Female,Canada
638,Richard,Morris,,Male,Canada
639,Norma,Moreno,nmorenohq@sourceforge.net,Female,United States
640,Sarah,Bishop,sbishophr@bandcamp.com,Female,Canada
641,Willie,Ford,wfordhs@blinklist.com,Male,United States
642,Timothy,Ellis,tellisht@umn.edu,Male,United States
643,Ryan,Edwards,redwardshu@histats.com,Male,United States
644,Nancy,Morgan,nmorganhv@instagram.com,Female,Canada
645,Kathleen,Simmons,ksimmonshw@economist.com,Female,Canada
646,James,Griffin,jgriffinhx@creativecommons.org,Male,Canada
647,Tammy,Rodriguez,trodriguezhy@qq.com,Female,Canada
648,Andrew,Gomez,agomezhz@amazon.de,Male,United States
649,Pamela,Williams,pwilliamsi0@dmoz.org,Female,Canada
650,Daniel,Morgan,dmorgani1@reuters.com,Male,Mexico
651,Denise,Long,dlongi2@icio.us,Female,United States
652,Sara,Bryant,sbryanti3@howstuffworks.com,Female,Mexico
653,Clarence,Holmes,cholmesi4@people.com.cn,Male,United States
654,Ann,Watson,awatsoni5@thetimes.co.uk,Female,United States
655,Thomas,Butler,tbutleri6@deliciousdays.com,Male,United States
656,Ashley,Oliver,aoliveri7@hc360.com,Female,Canada
657,Anthony,Meyer,ameyeri8@quantcast.com,Male,United States
658,Ashley,Reyes,areyesi9@stumbleupon.com,Female,United States
659,Dennis,Cunningham,dcunninghamia@163.com,Male,United States
660,Charles,Black,cblackib@ehow.com,Male,Canada
661,Anna,Garcia,agarciaic@ihg.com,Female,Mexico
662,Judith,Crawford,jcrawfordid@twitpic.com,Female,United States
663,Rachel,Myers,rmyersie@nih.gov,Female,Mexico
664,Jeremy,Miller,jmillerif@walmart.com,Male,United States
665,Joyce,Cook,jcookig@de.vu,Female,United States
666,Marie,Black,mblackih@usnews.com,Female,United States
667,Victor,White,vwhiteii@forbes.com,Male,United States
668,Jack,Jacobs,jjacobsij@bluehost.com,Male,Canada
669,Christopher,Mason,,Male,United States
670,Annie,White,awhiteil@purevolume.com,Female,Mexico
671,Scott,Lane,slaneim@unicef.org,Male,United States
672,Debra,Dunn,ddunnin@ocn.ne.jp,Female,Mexico
673,Joan,Nichols,jnicholsio@elegantthemes.com,Female,Mexico
674,Matthew,Fernandez,mfernandezip@noaa.gov,Male,United States
675,Angela,Stanley,astanleyiq@github.io,Female,Canada
676,Martin,Oliver,moliverir@prnewswire.com,Male,Canada
677,Joan,Davis,jdavisis@stumbleupon.com,Female,United States
678,Annie,Owens,aowensit@dailymail.co.uk,Female,Mexico
679,Ann,Parker,aparkeriu@globo.com,Female,United States
680,Dennis,Romero,dromeroiv@jalbum.net,Male,Canada
681,Willie,Chavez,wchaveziw@amazon.co.uk,Male,Canada
682,Martin,Murphy,mmurphyix@hatena.ne.jp,Male,United States
683,Carlos,Carpenter,ccarpenteriy@wisc.edu,Male,Mexico
684,Raymond,Brown,rbrowniz@cdc.gov,Male,United States
685,Todd,Fernandez,tfernandezj0@artisteer.com,Male,Canada
686,Virginia,Black,vblackj1@fema.gov,Female,United States
687,Julie,Hawkins,jhawkinsj2@ucla.edu,Female,Canada
688,Willie,Fernandez,wfernandezj3@disqus.com,Male,United States
689,Christopher,Carr,ccarrj4@w3.org,Male,Mexico
690,Diane,Simmons,dsimmonsj5@tiny.cc,Female,United States
691,George,Ford,gfordj6@vimeo.com,Male,Canada
692,Sean,Wagner,swagnerj7@marriott.com,Male,Canada
693,Willie,Riley,wrileyj8@meetup.com,Male,Canada
694,Linda,Alexander,lalexanderj9@163.com,Female,United States
695,Michael,Flores,mfloresja@facebook.com,Male,United States
696,Jesse,Lawson,jlawsonjb@google.com,Male,United States
697,Emily,Rivera,eriverajc@edublogs.org,Female,United States
698,Johnny,Brown,jbrownjd@narod.ru,Male,United States
699,Dennis,Matthews,dmatthewsje@merriam-webster.com,Male,Mexico
700,Antonio,Burton,aburtonjf@usgs.gov,Male,United States
701,Katherine,Bailey,kbaileyjg@canalblog.com,Female,Canada
702,Marie,Russell,mrusselljh@behance.net,Female,Mexico
703,Robert,Pierce,rpierceji@hatena.ne.jp,Male,United States
704,Kelly,Henry,khenryjj@jalbum.net,Female,United States
705,Sandra,Ferguson,sfergusonjk@bloglines.com,Female,United States
706,Cynthia,Brooks,cbrooksjl@wp.com,Female,United States
707,Jack,Brooks,jbrooksjm@furl.net,Male,Mexico
708,Michelle,Harris,mharrisjn@oracle.com,Female,Canada
709,Daniel,Gordon,dgordonjo@businessinsider.com,Male,Mexico
710,Stephanie,Bailey,sbaileyjp@storify.com,Female,Canada
711,Randy,Hicks,rhicksjq@disqus.com,Male,Canada
712,Keith,Hill,khilljr@salon.com,Male,Canada
713,Judy,Howell,jhowelljs@amazon.de,Female,Canada
714,Gerald,Lane,glanejt@redcross.org,Male,Canada
715,Debra,Long,dlongju@answers.com,Female,United States
716,Terry,Lawrence,tlawrencejv@amazon.co.jp,Male,Canada
717,Gloria,Flores,gfloresjw@tumblr.com,Female,Canada
718,Russell,Gibson,rgibsonjx@indiegogo.com,Male,Canada
719,Margaret,Mcdonald,mmcdonaldjy@unblog.fr,Female,Mexico
720,Juan,Hart,jhartjz@telegraph.co.uk,Male,United States
721,Alice,Garrett,agarrettk0@sciencedaily.com,Female,United States
722,Joseph,Kelly,jkellyk1@opera.com,Male,Canada
723,Evelyn,Frazier,efrazierk2@china.com.cn,Female,Mexico
724,Aaron,Taylor,ataylork3@pbs.org,Male,Canada
725,Sharon,Armstrong,sarmstrongk4@webnode.com,Female,Canada
726,Anne,Coleman,acolemank5@msn.com,Female,Mexico
727,Wanda,Owens,wowensk6@51.la,Female,United States
728,Steve,Burns,sburnsk7@cargocollective.com,Male,United States
729,Billy,Reed,breedk8@google.nl,Male,United States
730,Billy,Morris,bmorrisk9@gizmodo.com,Male,United States
731,Steven,Smith,ssmithka@fda.gov,Male,United States
732,Rose,Powell,rpowellkb@elpais.com,Female,United States
733,Martha,Ruiz,mruizkc@jugem.jp,Female,United States
734,Jessica,Reyes,jreyeskd@china.com.cn,Female,Canada
735,Thomas,Vasquez,tvasquezke@npr.org,Male,United States
736,Keith,Tucker,ktuckerkf@altervista.org,Male,Canada
737,Louise,Hicks,lhickskg@webeden.co.uk,Female,Canada
738,Annie,Nguyen,anguyenkh@mysql.com,Female,Canada
739,Sarah,Cooper,scooperki@theglobeandmail.com,Female,Canada
740,Edward,Edwards,eedwardskj@symantec.com,Male,Mexico
741,Doris,Peters,dpeterskk@mediafire.com,Female,Canada
742,Jason,Ellis,jelliskl@oaic.gov.au,Male,United States
743,Walter,Grant,wgrantkm@sun.com,Male,United States
744,Diane,Evans,devanskn@whitehouse.gov,Female,Canada
745,Janet,Patterson,,Female,United States
746,Mark,Lewis,mlewiskp@nature.com,Male,United States
747,Dorothy,Smith,dsmithkq@unicef.org,Female,United States
748,Barbara,Carpenter,bcarpenterkr@tiny.cc,Female,United States
749,Jose,Richardson,jrichardsonks@weibo.com,Male,Canada
750,Kelly,Arnold,karnoldkt@icio.us,Female,Canada
751,Juan,Gutierrez,jgutierrezku@illinois.edu,Male,United States
752,Kevin,Edwards,kedwardskv@facebook.com,Male,Canada
753,Eugene,Hunt,ehuntkw@blogspot.com,Male,United States
754,Paula,Bradley,pbradleykx@geocities.com,Female,Canada
755,Phyllis,Johnson,pjohnsonky@ox.ac.uk,Female,Mexico
756,Antonio,Henderson,ahendersonkz@bbc.co.uk,Male,United States
757,Ryan,Roberts,rrobertsl0@cam.ac.uk,Male,United States
758,Janice,Howard,jhowardl1@msu.edu,Female,Mexico
759,Carl,Harper,charperl2@cnbc.com,Male,Canada
760,Lisa,Campbell,lcampbelll3@mayoclinic.com,Female,Mexico
761,Rose,Stevens,rstevensl4@chronoengine.com,Female,United States
762,Paul,Hall,phalll5@redcross.org,Male,United States
763,Phillip,Stone,pstonel6@domainmarket.com,Male,United States
764,Jesse,Kim,jkiml7@devhub.com,Male,United States
765,Jessica,Bailey,jbaileyl8@abc.net.au,Female,United States
766,Lois,Patterson,lpattersonl9@sciencedirect.com,Female,Canada
767,Johnny,Oliver,joliverla@surveymonkey.com,Male,Canada
768,Lori,Greene,lgreenelb@chronoengine.com,Female,United States
769,Johnny,Gutierrez,jgutierrezlc@ibm.com,Male,United States
770,Katherine,Rogers,krogersld@diigo.com,Female,United States
771,Joe,Long,jlongle@prweb.com,Male,United States
772,David,Hill,dhilllf@webnode.com,Male,Canada
773,Victor,Lopez,vlopezlg@google.co.uk,Male,Mexico
774,Johnny,Carter,jcarterlh@whitehouse.gov,Male,Canada
775,Kevin,Lee,kleeli@cyberchimps.com,Male,Canada
776,Marilyn,Duncan,mduncanlj@house.gov,Female,Mexico
777,Angela,Anderson,aandersonlk@newsvine.com,Female,Canada
778,Emily,Mitchell,,Female,United States
779,Judith,Andrews,jandrewslm@ustream.tv,Female,Canada
780,John,Nguyen,jnguyenln@artisteer.com,Male,Mexico
781,Christina,Morrison,cmorrisonlo@last.fm,Female,Canada
782,Laura,Sullivan,lsullivanlp@1688.com,Female,United States
783,Susan,Collins,scollinslq@indiegogo.com,Female,Mexico
784,Jeffrey,Arnold,jarnoldlr@independent.co.uk,Male,Mexico
785,Maria,Crawford,,Female,Mexico
786,Terry,Lee,tleelt@pen.io,Male,Canada
787,Alice,Snyder,asnyderlu@statcounter.com,Female,United States
788,Randy,Rivera,rriveralv@ucoz.com,Male,Mexico
789,Roy,Spencer,rspencerlw@foxnews.com,Male,United States
790,Richard,Ray,rraylx@is.gd,Male,United States
791,Adam,Morrison,amorrisonly@mapquest.com,Male,United States
792,Pamela,Richardson,prichardsonlz@huffingtonpost.com,Female,Canada
793,Susan,Fowler,sfowlerm0@thetimes.co.uk,Female,Canada
794,Louise,Fisher,lfisherm1@simplemachines.org,Female,United States
795,Pamela,Allen,pallenm2@reuters.com,Female,United States
796,Douglas,Banks,dbanksm3@jalbum.net,Male,Canada
797,Philip,Barnes,pbarnesm4@wisc.edu,Male,Mexico
798,Debra,Webb,dwebbm5@census.gov,Female,United States
799,Laura,Peterson,lpetersonm6@sakura.ne.jp,Female,United States
800,Edward,Parker,eparkerm7@ezinearticles.com,Male,Canada
801,Doris,Ortiz,dortizm8@posterous.com,Female,United States
802,Gerald,Simmons,gsimmonsm9@elpais.com,Male,Mexico
803,Jeffrey,Howard,jhowardma@geocities.com,Male,United States
804,Lois,Weaver,lweavermb@home.pl,Female,Canada
805,Joseph,Hill,jhillmc@github.io,Male,Canada
806,Frank,Hansen,fhansenmd@bloglovin.com,Male,Mexico
807,Mary,Larson,mlarsonme@dion.ne.jp,Female,Mexico
808,Anthony,Gomez,agomezmf@issuu.com,Male,Canada
809,Judy,Reed,jreedmg@uiuc.edu,Female,Canada
810,Annie,Ramos,aramosmh@state.gov,Female,United States
811,Samuel,Anderson,sandersonmi@amazonaws.com,Male,Mexico
812,Walter,Mccoy,wmccoymj@hugedomains.com,Male,United States
813,Adam,Alvarez,aalvarezmk@time.com,Male,United States
814,Diana,Duncan,dduncanml@facebook.com,Female,United States
815,Shawn,Rice,sricemm@latimes.com,Male,United States
816,Tina,Ramirez,tramirezmn@hao123.com,Female,United States
817,Ernest,Jones,ejonesmo@webeden.co.uk,Male,United States
818,Evelyn,Hansen,ehansenmp@people.com.cn,Female,United States
819,Carolyn,Gardner,cgardnermq@miibeian.gov.cn,Female,United States
820,Brandon,Tucker,btuckermr@comcast.net,Male,Mexico
821,Paula,Stewart,pstewartms@scribd.com,Female,Canada
822,Donald,Hamilton,dhamiltonmt@arizona.edu,Male,Mexico
823,Janet,Murphy,jmurphymu@prnewswire.com,Female,Mexico
824,Bonnie,Kelly,bkellymv@addtoany.com,Female,United States
825,Karen,Ford,kfordmw@wikipedia.org,Female,Mexico
826,Paul,Olson,polsonmx@cdc.gov,Male,Mexico
827,Kathryn,Arnold,karnoldmy@redcross.org,Female,United States
828,Carolyn,Robinson,crobinsonmz@examiner.com,Female,Mexico
829,Dorothy,Johnson,djohnsonn0@nps.gov,Female,United States
830,Bruce,Howell,bhowelln1@unblog.fr,Male,United States
831,Amanda,Sullivan,asullivann2@independent.co.uk,Female,United States
832,Theresa,Ramos,tramosn3@cbsnews.com,Female,Mexico
833,Judy,Howard,jhowardn4@google.ru,Female,United States
834,Howard,Chapman,hchapmann5@vkontakte.ru,Male,United States
835,Marilyn,Romero,mromeron6@boston.com,Female,United States
836,Lisa,Berry,lberryn7@adobe.com,Female,United States
837,Craig,Mendoza,cmendozan8@yandex.ru,Male,United States
838,Nancy,Gray,ngrayn9@umich.edu,Female,Mexico
839,Joseph,Mitchell,jmitchellna@cdc.gov,Male,United States
840,Harry,Henry,hhenrynb@va.gov,Male,Mexico
841,Linda,Lewis,llewisnc@samsung.com,Female,United States
842,Kathy,Cruz,kcruznd@redcross.org,Female,United States
843,Bruce,Gilbert,bgilbertne@examiner.com,Male,United States
844,Mildred,Cooper,mcoopernf@hexun.com,Female,Canada
845,Alan,Medina,amedinang@qq.com,Male,Mexico
846,Martha,Carter,mcarternh@baidu.com,Female,United States
847,Patrick,Fisher,pfisherni@wordpress.org,Male,Mexico
848,Peter,Butler,pbutlernj@jimdo.com,Male,Canada
849,James,Shaw,jshawnk@narod.ru,Male,Mexico
850,Edward,Washington,ewashingtonnl@nifty.com,Male,Canada
851,Daniel,Fernandez,dfernandeznm@e-recht24.de,Male,Mexico
852,Cheryl,Harris,charrisnn@wordpress.org,Female,United States
853,Daniel,Knight,dknightno@tinyurl.com,Male,Mexico
854,Melissa,Bailey,mbaileynp@purevolume.com,Female,Mexico
855,Ruth,Marshall,rmarshallnq@live.com,Female,United States
856,Barbara,Hart,bhartnr@earthlink.net,Female,United States
857,Kenneth,Lawson,klawsonns@buzzfeed.com,Male,United States
858,Patrick,Sanchez,psancheznt@google.de,Male,United States
859,Craig,Hernandez,chernandeznu@hud.gov,Male,Canada
860,Paula,Austin,paustinnv@t.co,Female,United States
861,Kimberly,Mcdonald,kmcdonaldnw@timesonline.co.uk,Female,United States
862,Anna,Hernandez,ahernandeznx@msn.com,Female,United States
863,Ann,Grant,agrantny@mail.ru,Female,Canada
864,Kathryn,Bell,kbellnz@ucoz.com,Female,United States
865,Jesse,Perez,jperezo0@bigcartel.com,Male,Canada
866,Jose,Washington,jwashingtono1@creativecommons.org,Male,Mexico
867,Betty,Porter,bportero2@psu.edu,Female,Canada
868,Alice,Fernandez,afernandezo3@bbc.co.uk,Female,United States
869,Julia,Boyd,jboydo4@narod.ru,Female,United States
870,Patricia,Price,ppriceo5@pagesperso-orange.fr,Female,United States
871,Sarah,Knight,sknighto6@buzzfeed.com,Female,United States
872,Aaron,Powell,apowello7@booking.com,Male,Mexico
873,Cynthia,George,cgeorgeo8@cbslocal.com,Female,United States
874,Diane,Perez,dperezo9@mtv.com,Female,Mexico
875,Philip,Snyder,psnyderoa@cpanel.net,Male,United States
876,Michelle,Harrison,mharrisonob@howstuffworks.com,Female,United States
877,Daniel,Evans,devansoc@tuttocitta.it,Male,United States
878,Sarah,Coleman,scolemanod@unicef.org,Female,United States
879,Norma,Hill,nhilloe@wikia.com,Female,United States
880,Peter,Hughes,phughesof@discuz.net,Male,Canada
881,Kevin,Gray,kgrayog@nhs.uk,Male,Mexico
882,Janice,Wallace,jwallaceoh@rediff.com,Female,Mexico
883,Peter,Ward,pwardoi@themeforest.net,Male,United States
884,Harold,Mitchell,hmitchelloj@gnu.org,Male,Mexico
885,Jeffrey,Fields,jfieldsok@jugem.jp,Male,Canada
886,Judy,Hughes,jhughesol@adobe.com,Female,Mexico
887,Louis,Wheeler,lwheelerom@comcast.net,Male,Mexico
888,David,Alexander,dalexanderon@smh.com.au,Male,United States
889,Timothy,Foster,tfosteroo@walmart.com,Male,Canada
890,Joyce,Harris,jharrisop@go.com,Female,United States
891,Terry,Rose,troseoq@infoseek.co.jp,Male,United States
892,Ashley,Ellis,aellisor@hao123.com,Female,Mexico
893,Peter,Sanchez,psanchezos@ft.com,Male,United States
894,Charles,Lopez,clopezot@1688.com,Male,United States
895,Samuel,Chavez,schavezou@squidoo.com,Male,Canada
896,Dennis,Fields,dfieldsov@wufoo.com,Male,Mexico
897,Diana,Phillips,dphillipsow@ocn.ne.jp,Female,United States
898,Willie,Romero,wromeroox@bbc.co.uk,Male,United States
899,Joan,Mills,jmillsoy@google.pl,Female,Mexico
900,Kathleen,Martinez,kmartinezoz@istockphoto.com,Female,Mexico
901,Janet,Kim,jkimp0@dagondesign.com,Female,Mexico
902,Phillip,Rice,pricep1@deliciousdays.com,Male,Canada
903,Irene,Adams,iadamsp2@e-recht24.de,Female,Canada
904,James,Long,jlongp3@feedburner.com,Male,Mexico
905,Lois,Pierce,lpiercep4@cbc.ca,Female,United States
906,Angela,Arnold,aarnoldp5@t.co,Female,Mexico
907,Debra,King,dkingp6@usatoday.com,Female,Canada
908,Nicole,Cox,ncoxp7@engadget.com,Female,Mexico
909,Lori,Baker,lbakerp8@mediafire.com,Female,Canada
910,Benjamin,Turner,bturnerp9@disqus.com,Male,Canada
911,Bobby,Frazier,,Male,Mexico
912,William,Meyer,wmeyerpb@pcworld.com,Male,United States
913,Tammy,Spencer,tspencerpc@independent.co.uk,Female,Canada
914,Jason,Moreno,jmorenopd@latimes.com,Male,United States
915,Joshua,Ray,,Male,Mexico
916,Jean,Elliott,jelliottpf@wufoo.com,Female,United States
917,Amy,James,ajamespg@blogspot.com,Female,United States
918,Anna,Jenkins,,Female,Mexico
919,Andrea,Peterson,apetersonpi@google.com,Female,United States
920,Laura,Peterson,lpetersonpj@hugedomains.com,Female,Mexico
921,Brandon,Stephens,bstephenspk@census.gov,Male,Mexico
922,Willie,Jordan,wjordanpl@census.gov,Male,United States
923,Christina,Hall,challpm@blogs.com,Female,United States
924,Nicole,Henry,nhenrypn@addtoany.com,Female,United States
925,Victor,Owens,vowenspo@surveymonkey.com,Male,United States
926,Henry,Turner,hturnerpp@umn.edu,Male,United States
927,Sandra,Jordan,sjordanpq@yahoo.co.jp,Female,Canada
928,Charles,Reyes,creyespr@dedecms.com,Male,United States
929,Andrew,Porter,aporterps@umn.edu,Male,United States
930,Lois,Rice,lricept@qq.com,Female,Canada
931,Jacqueline,Meyer,jmeyerpu@stumbleupon.com,Female,United States
932,Clarence,Campbell,ccampbellpv@amazon.de,Male,United States
933,Christopher,Martin,cmartinpw@odnoklassniki.ru,Male,United States
934,Lisa,Moreno,lmorenopx@123-reg.co.uk,Female,Mexico
935,Andrea,Warren,awarrenpy@yelp.com,Female,Canada
936,Brian,Diaz,bdiazpz@imgur.com,Male,United States
937,Fred,Robertson,,Male,United States
938,Lawrence,Austin,laustinq1@sciencedaily.com,Male,United States
939,Donald,Henry,dhenryq2@rakuten.co.jp,Male,United States
940,Lisa,Weaver,lweaverq3@noaa.gov,Female,Mexico
941,Betty,Hunt,bhuntq4@google.ca,Female,United States
942,Kelly,Rodriguez,krodriguezq5@oakley.com,Female,United States
943,Janice,Nelson,jnelsonq6@themeforest.net,Female,United States
944,Katherine,Bowman,kbowmanq7@loc.gov,Female,Canada
945,Patrick,Dunn,pdunnq8@senate.gov,Male,Canada
946,Wanda,Rice,wriceq9@mayoclinic.com,Female,United States
947,Jason,Hicks,jhicksqa@samsung.com,Male,Mexico
948,Jimmy,Lewis,jlewisqb@domainmarket.com,Male,Canada
949,Christopher,Mason,cmasonqc@booking.com,Male,United States
950,Douglas,George,dgeorgeqd@ameblo.jp,Male,United States
951,Joyce,Washington,jwashingtonqe@smugmug.com,Female,Mexico
952,Henry,Montgomery,hmontgomeryqf@canalblog.com,Male,Mexico
953,Joe,Martin,jmartinqg@europa.eu,Male,United States
954,Laura,Marshall,lmarshallqh@mapquest.com,Female,United States
955,Philip,Pierce,ppierceqi@smugmug.com,Male,Mexico
956,Raymond,Fuller,rfullerqj@omniture.com,Male,Mexico
957,Fred,Carter,fcarterqk@infoseek.co.jp,Male,Canada
958,Julia,Rivera,jriveraql@google.es,Female,United States
959,Helen,Bowman,hbowmanqm@cnbc.com,Female,United States
960,Scott,Ellis,sellisqn@unc.edu,Male,Canada
961,Martha,Brown,mbrownqo@irs.gov,Female,Canada
962,Ryan,Cook,rcookqp@weebly.com,Male,United States
963,Teresa,Frazier,tfrazierqq@ebay.co.uk,Female,United States
964,Sandra,Campbell,scampbellqr@networkadvertising.org,Female,Canada
965,Ruth,Fisher,rfisherqs@dyndns.org,Female,Mexico
966,Martin,Thompson,,Male,Mexico
967,Lisa,Sanchez,lsanchezqu@forbes.com,Female,Canada
968,Brandon,Bryant,bbryantqv@ebay.co.uk,Male,United States
969,Kenneth,Simmons,ksimmonsqw@opensource.org,Male,Canada
970,John,Perry,jperryqx@ovh.net,Male,Canada
971,Louise,Perez,lperezqy@ca.gov,Female,United States
972,Benjamin,Brown,bbrownqz@furl.net,Male,United States
973,Patrick,White,pwhiter0@noaa.gov,Male,Canada
974,Kathryn,Stewart,kstewartr1@baidu.com,Female,Mexico
975,Bonnie,Fuller,bfullerr2@dagondesign.com,Female,United States
976,Bobby,Sims,bsimsr3@apache.org,Male,Mexico
977,Marie,Lawrence,mlawrencer4@stanford.edu,Female,Mexico
978,Joseph,Lynch,jlynchr5@multiply.com,Male,United States
979,Peter,Martinez,pmartinezr6@wiley.com,Male,Canada
980,Jose,Banks,jbanksr7@4shared.com,Male,Mexico
981,Diane,Romero,dromeror8@ucsd.edu,Female,Mexico
982,Tina,Bennett,tbennettr9@slideshare.net,Female,United States
983,Jonathan,Wright,jwrightra@mapy.cz,Male,United States
984,Sandra,Jenkins,sjenkinsrb@bloglovin.com,Female,Mexico
985,John,Foster,jfosterrc@xinhuanet.com,Male,United States
986,Marilyn,Myers,mmyersrd@yellowpages.com,Female,United States
987,Daniel,Riley,drileyre@tinyurl.com,Male,United States
988,Victor,Martin,vmartinrf@google.es,Male,United States
989,John,Wheeler,jwheelerrg@hhs.gov,Male,United States
990,Diane,Freeman,dfreemanrh@hibu.com,Female,Mexico
991,Charles,Anderson,candersonri@gizmodo.com,Male,Mexico
992,Carol,West,cwestrj@cam.ac.uk,Female,United States
993,Anna,Flores,afloresrk@wisc.edu,Female,Mexico
994,Ronald,Palmer,rpalmerrl@chicagotribune.com,Male,Canada
995,Louise,Henderson,lhendersonrm@baidu.com,Female,United States
996,Jennifer,Welch,jwelchrn@chron.com,Female,United States
997,Earl,Torres,etorresro@netvibes.com,Male,United States
998,Chris,Perry,cperryrp@upenn.edu,Male,Mexico
999,Rachel,Schmidt,rschmidtrq@freewebs.com,Female,Mexico
1000,Juan,Shaw,jshawrr@mozilla.org,Male,United States
