id,first_name,last_name,email,gender,country
1,Christine,Torres,ctorres0@dmoz.org,Female,Mexico
2,Lawrence,Ross,lross1@mayoclinic.com,Male,United States
3,Randy,Kennedy,rkennedy2@nifty.com,Male,Mexico
4,Christine,Turner,cturner3@army.mil,Female,United States
5,Angela,Grant,,Female,United States
6,Theresa,Coleman,tcoleman5@thetimes.co.uk,Female,United States
7,Alan,Snyder,asnyder6@shareasale.com,Male,United States
8,Jose,Andrews,jandrews7@samsung.com,Male,United States
9,Joe,Williams,jwilliams8@discovery.com,Male,United States
10,Kevin,Bell,kbell9@technorati.com,Male,Mexico
11,Brenda,Patterson,bpattersona@feedburner.com,Female,United States
12,Richard,Stevens,rstevensb@cisco.com,Male,United States
13,Kimberly,Burton,kburtonc@edublogs.org,Female,United States
14,Maria,Mcdonald,mmcdonaldd@mtv.com,Female,United States
15,Amanda,Knight,aknighte@omniture.com,Female,United States
16,Douglas,Oliver,doliverf@ft.com,Male,United States
17,Cynthia,Kennedy,ckennedyg@alexa.com,Female,United States
18,Joshua,Franklin,jfranklinh@abc.net.au,Male,United States
19,Mildred,Duncan,mduncani@sciencedaily.com,Female,United States
20,Carlos,Nichols,cnicholsj@etsy.com,Male,United States
21,Christina,Howard,chowardk@psu.edu,Female,Mexico
22,Fred,Hicks,fhicksl@statcounter.com,Male,United States
23,Matthew,Gutierrez,mgutierrezm@nhs.uk,Male,United States
24,Ashley,Morris,amorrisn@quantcast.com,Female,United States
25,Irene,Jackson,,Female,Canada
26,Eric,Allen,eallenp@europa.eu,Male,United States
27,Elizabeth,Nichols,enicholsq@shop-pro.jp,Female,United States
28,Ruth,Price,rpricer@yelp.com,Female,United States
29,Julie,Hanson,jhansons@tinypic.com,Female,Mexico
30,Ann,Thomas,athomast@dailymotion.com,Female,Mexico
31,Harold,Frazier,hfrazieru@canalblog.com,Male,United States
32,Joan,Wood,jwoodv@hao123.com,Female,Mexico
33,Adam,Cole,acolew@fda.gov,Male,Mexico
34,Barbara,Moore,bmoorex@google.com.hk,Female,United States
35,Carolyn,Willis,cwillisy@sitemeter.com,Female,United States
36,Amanda,Diaz,adiazz@telegraph.co.uk,Female,Mexico
37,Denise,Williams,dwilliams10@acquirethisname.com,Female,Mexico
38,Kathryn,Evans,kevans11@moonfruit.com,Female,Mexico
39,Joshua,Carr,jcarr12@bigcartel.com,Male,United States
40,Joan,Johnson,jjohnson13@cocolog-nifty.com,Female,United States
41,Amanda,Wheeler,awheeler14@chronoengine.com,Female,Canada
42,Aaron,Long,along15@people.com.cn,Male,United States
43,Carlos,Miller,,Male,Canada
44,Heather,Romero,hromero17@redcross.org,Female,Canada
45,Stephen,Garcia,sgarcia18@domainmarket.com,Male,Canada
46,Joshua,Thomas,jthomas19@cnet.com,Male,Canada
47,Michael,Wilson,mwilson1a@g.co,Male,United States
48,Diana,Ellis,dellis1b@addtoany.com,Female,Canada
49,Ruby,Palmer,rpalmer1c@nymag.com,Female,United States
50,Deborah,Taylor,dtaylor1d@ox.ac.uk,Female,United States
51,Sharon,Sanders,ssanders1e@mac.com,Female,Canada
52,Harold,Long,hlong1f@zdnet.com,Male,Mexico
53,Melissa,Fuller,mfuller1g@dedecms.com,Female,Canada
54,Henry,Williamson,hwilliamson1h@techcrunch.com,Male,Canada
55,Michelle,Alvarez,malvarez1i@yahoo.com,Female,United States
56,Michael,Jacobs,mjacobs1j@archive.org,Male,United States
57,Nicole,Andrews,nandrews1k@intel.com,Female,Canada
58,Denise,Mccoy,dmccoy1l@usgs.gov,Female,United States
59,Marilyn,Moore,mmoore1m@reference.com,Female,United States
60,Stephen,Snyder,ssnyder1n@mysql.com,Male,Canada
61,Ernest,Adams,eadams1o@blogtalkradio.com,Male,United States
62,Victor,Thomas,vthomas1p@webs.com,Male,Mexico
63,Maria,Woods,mwoods1q@latimes.com,Female,Canada
64,Maria,Bell,mbell1r@hugedomains.com,Female,Canada
65,Andrea,Nelson,,Female,United States
66,Jesse,Kelley,jkelley1t@blogger.com,Male,United States
67,Sharon,Flores,sflores1u@slate.com,Female,United States
68,Julia,Sims,jsims1v@arstechnica.com,Female,Mexico
69,Ruby,Warren,rwarren1w@businesswire.com,Female,Mexico
70,Ruth,Morgan,rmorgan1x@ucoz.com,Female,United States
71,Ernest,Washington,ewashington1y@skyrock.com,Male,Mexico
72,Craig,West,cwest1z@amazon.de,Male,Mexico
73,Christopher,Hudson,chudson20@paginegialle.it,Male,Canada
74,Todd,Ross,tross21@ted.com,Male,United States
75,Anna,Gonzalez,agonzalez22@youku.com,Female,Canada
76,Donald,Meyer,dmeyer23@cbslocal.com,Male,Canada
77,Bobby,Clark,bclark24@dyndns.org,Male,Mexico
78,Ann,Robinson,arobinson25@google.pl,Female,United States
79,Dennis,Harrison,dharrison26@cbslocal.com,Male,United States
80,Johnny,Johnson,jjohnson27@forbes.com,Male,United States
81,Randy,Bradley,rbradley28@ovh.net,Male,United States
82,Bruce,Hayes,bhayes29@cnet.com,Male,United States
83,Janet,Snyder,jsnyder2a@businessweek.com,Female,United States
84,Juan,Howard,jhoward2b@epa.gov,Male,United States
85,Justin,Hughes,jhughes2c@ed.gov,Male,Mexico
86,Karen,Rogers,krogers2d@weibo.com,Female,Mexico
87,Philip,Alvarez,palvarez2e@dion.ne.jp,Male,United States
88,Johnny,Kennedy,jkennedy2f@addtoany.com,Male,Mexico
89,Cheryl,Phillips,cphillips2g@opera.com,Female,Canada
90,Alice,Berry,aberry2h@tumblr.com,Female,Canada
91,Norma,Carroll,ncarroll2i@imageshack.us,Female,Canada
92,Jesse,Ward,jward2j@eepurl.com,Male,United States
93,Christopher,Wells,cwells2k@simplemachines.org,Male,Canada
94,Beverly,Alexander,balexander2l@123-reg.co.uk,Female,Mexico
95,Judith,Collins,jcollins2m@webeden.co.uk,Female,Canada
96,Norma,Hill,nhill2n@un.org,Female,United States
97,Daniel,Willis,,Male,Canada
98,Edward,Martin,emartin2p@vistaprint.com,Male,United States
99,Martha,Coleman,mcoleman2q@theguardian.com,Female,Mexico
100,Karen,Perez,kperez2r@techcrunch.com,Female,United States
101,Roy,Johnson,rjohnson2s@wunderground.com,Male,Canada
102,David,Elliott,delliott2t@examiner.com,Male,United States
103,Heather,Perez,hperez2u@google.es,Female,United States
104,Lisa,Harrison,lharrison2v@nymag.com,Female,Mexico
105,Nicole,Frazier,nfrazier2w@clickbank.net,Female,Canada
106,Carl,Rodriguez,crodriguez2x@sciencedirect.com,Male,Mexico
107,Kelly,Mcdonald,kmcdonald2y@symantec.com,Female,United States
108,Nancy,Green,ngreen2z@meetup.com,Female,Mexico
109,Harry,Marshall,hmarshall30@wikipedia.org,Male,Canada
110,Andrea,Webb,awebb31@aol.com,Female,United States
111,Lori,Carter,lcarter32@go.com,Female,Canada
112,Sharon,Armstrong,sarmstrong33@storify.com,Female,Mexico
113,Raymond,Ferguson,rferguson34@businesswire.com,Male,Canada
114,Walter,Hunt,whunt35@123-reg.co.uk,Male,United States
115,Karen,Dean,kdean36@epa.gov,Female,Canada
116,Nancy,Hamilton,,Female,Mexico
117,Andrew,Romero,aromero38@csmonitor.com,Male,United States
118,Timothy,Flores,tflores39@instagram.com,Male,Mexico
119,Robin,Jenkins,rjenkins3a@ihg.com,Female,United States
120,Shawn,Cook,,Male,United States
121,James,Rice,jrice3c@biglobe.ne.jp,Male,Mexico
122,Donald,Greene,dgreene3d@marketwatch.com,Male,United States
123,Edward,Rice,erice3e@printfriendly.com,Male,United States
124,Joan,Alexander,jalexander3f@cnet.com,Female,Canada
125,Karen,Ruiz,kruiz3g@uol.com.br,Female,United States
126,Cynthia,Hicks,,Female,Mexico
127,Benjamin,Welch,bwelch3i@blogger.com,Male,Canada
128,Jeffrey,Lane,,Male,United States
129,Andrew,Martinez,amartinez3k@rakuten.co.jp,Male,United States
130,Anthony,Gray,agray3l@shop-pro.jp,Male,Canada
131,Rachel,Kennedy,rkennedy3m@timesonline.co.uk,Female,Mexico
132,Diane,Jones,djones3n@sogou.com,Female,United States
133,Frances,Ross,fross3o@weibo.com,Female,Canada
134,Angela,Jackson,ajackson3p@dell.com,Female,Mexico
135,Sandra,Bishop,sbishop3q@ucla.edu,Female,Mexico
136,Joe,Lawson,jlawson3r@tripadvisor.com,Male,United States
137,Clarence,Spencer,cspencer3s@reuters.com,Male,United States
138,Martha,Gardner,mgardner3t@so-net.ne.jp,Female,United States
139,Matthew,Little,,Male,Canada
140,Gary,Scott,gscott3v@exblog.jp,Male,Mexico
141,Jack,Robinson,jrobinson3w@goo.ne.jp,Male,Mexico
142,Wayne,Greene,wgreene3x@com.com,Male,United States
143,Rebecca,Gordon,rgordon3y@godaddy.com,Female,Mexico
144,Theresa,Frazier,tfrazier3z@mozilla.org,Female,United States
145,Henry,Greene,hgreene40@jiathis.com,Male,Mexico
146,Donald,Kelley,dkelley41@wordpress.com,Male,Mexico
147,Elizabeth,Spencer,espencer42@gizmodo.com,Female,Canada
148,Alice,Price,aprice43@comsenz.com,Female,United States
149,Jimmy,Dunn,jdunn44@printfriendly.com,Male,Canada
150,Mary,Reyes,mreyes45@sbwire.com,Female,United States
151,Barbara,Simmons,bsimmons46@reuters.com,Female,United States
152,Janet,Graham,jgraham47@webnode.com,Female,United States
153,Ann,Price,aprice48@woothemes.com,Female,Canada
154,Douglas,Duncan,dduncan49@admin.ch,Male,United States
155,Gregory,Bowman,gbowman4a@smugmug.com,Male,United States
156,Jose,Johnston,jjohnston4b@redcross.org,Male,Canada
157,Lori,Mills,lmills4c@arstechnica.com,Female,United States
158,Scott,Payne,spayne4d@marriott.com,Male,United States
159,Lisa,Hanson,lhanson4e@fda.gov,Female,Canada
160,Louis,Ford,lford4f@chron.com,Male,United States
161,Willie,Fernandez,wfernandez4g@multiply.com,Male,Mexico
162,Shirley,Smith,ssmith4h@github.io,Female,United States
163,Henry,Jacobs,hjacobs4i@google.pl,Male,United States
164,Emily,Simmons,esimmons4j@noaa.gov,Female,Canada
165,Julie,Stephens,jstephens4k@linkedin.com,Female,United States
166,Theresa,Stephens,tstephens4l@dailymotion.com,Female,Mexico
167,Victor,Frazier,vfrazier4m@fastcompany.com,Male,Canada
168,Matthew,Berry,mberry4n@cnn.com,Male,United States
169,Dorothy,Parker,dparker4o@sbwire.com,Female,United States
170,Harold,Roberts,hroberts4p@google.ru,Male,Canada
171,Ryan,Gutierrez,rgutierrez4q@amazon.co.uk,Male,United States
172,Irene,Bryant,ibryant4r@independent.co.uk,Female,United States
173,Teresa,Lewis,tlewis4s@amazon.co.jp,Female,United States
174,Jerry,Brooks,jbrooks4t@elpais.com,Male,Canada
175,Nicholas,Murphy,nmurphy4u@dedecms.com,Male,United States
176,Wanda,Weaver,wweaver4v@howstuffworks.com,Female,United States
177,Jesse,Lynch,jlynch4w@liveinternet.ru,Male,United States
178,Joseph,Pierce,jpierce4x@cargocollective.com,Male,United States
179,Edward,Bradley,ebradley4y@dropbox.com,Male,Mexico
180,Barbara,Phillips,bphillips4z@google.nl,Female,Mexico
181,Marilyn,Howell,mhowell50@tripod.com,Female,Canada
182,John,Long,jlong51@ifeng.com,Male,Mexico
183,Billy,Adams,badams52@lycos.com,Male,United States
184,Joshua,Powell,jpowell53@biblegateway.com,Male,United States
185,Jeffrey,Reynolds,jreynolds54@amazon.de,Male,United States
186,Gregory,Anderson,ganderson55@linkedin.com,Male,United States
187,Beverly,Perkins,bperkins56@irs.gov,Female,Canada
188,Tammy,Griffin,tgriffin57@techcrunch.com,Female,United States
189,Larry,Stone,lstone58@blinklist.com,Male,United States
190,Richard,Weaver,rweaver59@baidu.com,Male,United States
191,Todd,Lewis,tlewis5a@mashable.com,Male,Canada
192,Pamela,Stanley,pstanley5b@tripadvisor.com,Female,United States
193,Edward,Hunt,,Male,Canada
194,Arthur,Powell,apowell5d@oakley.com,Male,Canada
195,Lisa,Rivera,lrivera5e@mayoclinic.com,Female,United States
196,Sara,Bishop,sbishop5f@pinterest.com,Female,United States
197,David,Roberts,droberts5g@networkadvertising.org,Male,United States
198,Mark,Brown,mbrown5h@opensource.org,Male,Canada
199,Kevin,Schmidt,kschmidt5i@icio.us,Male,Canada
200,Paula,Day,pday5j@nhs.uk,Female,Canada
201,Sean,Rice,srice5k@joomla.org,Male,United States
202,Ashley,Mitchell,amitchell5l@engadget.com,Female,United States
203,Andrew,Burton,aburton5m@yahoo.co.jp,Male,Mexico
204,Joyce,Lawson,jlawson5n@reference.com,Female,Mexico
205,Lori,Stewart,lstewart5o@linkedin.com,Female,Canada
206,Anna,Cruz,acruz5p@nytimes.com,Female,Mexico
207,Annie,Woods,awoods5q@about.me,Female,Mexico
208,Shirley,Hall,shall5r@hao123.com,Female,Canada
209,Gregory,Richardson,grichardson5s@merriam-webster.com,Male,United States
210,Matthew,Gardner,mgardner5t@fastcompany.com,Male,Mexico
211,Ruth,Mills,rmills5u@walmart.com,Female,Mexico
212,Susan,Berry,sberry5v@360.cn,Female,Canada
213,Samuel,Jenkins,sjenkins5w@youku.com,Male,United States
214,Billy,Jackson,bjackson5x@mediafire.com,Male,United States
215,Sharon,Russell,srussell5y@yellowbook.com,Female,Canada
216,John,Wright,jwright5z@nba.com,Male,Canada
217,Martin,Gordon,mgordon60@prnewswire.com,Male,Canada
218,Judith,Austin,jaustin61@booking.com,Female,United States
219,Lillian,Ryan,lryan62@flickr.com,Female,United States
220,Raymond,Burton,rburton63@economist.com,Male,Canada
221,Andrew,Rice,arice64@furl.net,Male,United States
222,Ashley,Austin,aaustin65@loc.gov,Female,Canada
223,Julia,Murphy,jmurphy66@icio.us,Female,Canada
224,Christine,Cox,ccox67@hp.com,Female,United States
225,Howard,Burns,hburns68@mac.com,Male,Mexico
226,Betty,Watkins,bwatkins69@1688.com,Female,United States
227,Jessica,Johnston,jjohnston6a@google.nl,Female,Canada
228,Raymond,Kelly,rkelly6b@howstuffworks.com,Male,United States
229,Christina,Chapman,cchapman6c@blogs.com,Female,Mexico
230,Richard,Hamilton,rhamilton6d@spotify.com,Male,United States
231,Kimberly,Torres,ktorres6e@devhub.com,Female,Canada
232,Teresa,Murphy,tmurphy6f@mediafire.com,Female,Mexico
233,Barbara,Smith,bsmith6g@nationalgeographic.com,Female,Canada
234,Jennifer,Nguyen,jnguyen6h@issuu.com,Female,United States
235,Christopher,Wilson,cwilson6i@techcrunch.com,Male,United States
236,Anne,Wood,awood6j@seesaa.net,Female,United States
237,Kelly,Stevens,kstevens6k@bigcartel.com,Female,United States
238,Antonio,Richardson,arichardson6l@ustream.tv,Male,Canada
239,Raymond,Sanchez,rsanchez6m@moonfruit.com,Male,Canada
240,Robin,Kim,rkim6n@t.co,Female,Mexico
241,Denise,Hernandez,dhernandez6o@lulu.com,Female,Canada
242,Marie,Mcdonald,mmcdonald6p@rakuten.co.jp,Female,Canada
243,Amy,Perry,aperry6q@wisc.edu,Female,United States
244,Andrew,Turner,aturner6r@prlog.org,Male,Canada
245,Teresa,Hicks,thicks6s@toplist.cz,Female,United States
246,Jimmy,Kelly,jkelly6t@issuu.com,Male,United States
247,Ruby,Baker,rbaker6u@pbs.org,Female,Mexico
248,Heather,Lane,hlane6v@a8.net,Female,Canada
249,Adam,Hanson,,Male,Canada
250,Elizabeth,Chapman,echapman6x@123-reg.co.uk,Female,Mexico
251,Russell,Griffin,rgriffin6y@goo.gl,Male,United States
252,Jack,Burke,jburke6z@icio.us,Male,Canada
253,Roger,Scott,rscott70@chicagotribune.com,Male,United States
254,Patricia,Rice,price71@who.int,Female,United States
255,Clarence,Mason,cmason72@yandex.ru,Male,Mexico
256,Gloria,Torres,gtorres73@zimbio.com,Female,Canada
257,Dorothy,Franklin,dfranklin74@blogger.com,Female,United States
258,Patricia,Bennett,pbennett75@live.com,Female,Mexico
259,Stephen,Hunter,shunter76@opera.com,Male,United States
260,Michael,Gomez,mgomez77@yahoo.co.jp,Male,Canada
261,Harold,Sullivan,hsullivan78@microsoft.com,Male,United States
262,Judy,Dixon,jdixon79@github.io,Female,Canada
263,Kathleen,Turner,kturner7a@t.co,Female,Mexico
264,Lois,Evans,levans7b@nbcnews.com,Female,Canada
265,Timothy,Montgomery,tmontgomery7c@youku.com,Male,Canada
266,Rebecca,Ortiz,rortiz7d@scribd.com,Female,Mexico
267,David,Young,dyoung7e@wisc.edu,Male,United States
268,Donald,Rodriguez,drodriguez7f@gov.uk,Male,United States
269,Randy,Simpson,rsimpson7g@a8.net,Male,Canada
270,Lois,Gutierrez,lgutierrez7h@nbcnews.com,Female,United States
271,Anthony,Peters,apeters7i@gravatar.com,Male,Mexico
272,Jose,Lawson,jlawson7j@cdbaby.com,Male,United States
273,Craig,Harrison,charrison7k@tuttocitta.it,Male,Canada
274,Catherine,Owens,cowens7l@zimbio.com,Female,Canada
275,Elizabeth,Matthews,ematthews7m@rakuten.co.jp,Female,Mexico
276,Heather,Patterson,hpatterson7n@wiley.com,Female,Canada
277,Fred,Morris,fmorris7o@storify.com,Male,United States
278,Pamela,Ray,pray7p@bing.com,Female,Canada
279,Justin,Henderson,jhenderson7q@unblog.fr,Male,Canada
280,Raymond,Black,rblack7r@devhub.com,Male,United States
281,Deborah,West,,Female,United States
282,Cynthia,Larson,clarson7t@exblog.jp,Female,United States
283,Brandon,Gibson,bgibson7u@example.com,Male,Canada
284,Victor,Scott,vscott7v@parallels.com,Male,United States
285,Adam,Rivera,arivera7w@huffingtonpost.com,Male,Canada
286,Wanda,Castillo,wcastillo7x@microsoft.com,Female,Mexico
287,Terry,Walker,twalker7y@salon.com,Male,United States
288,David,Romero,dromero7z@tuttocitta.it,Male,Mexico
289,Jeremy,Chapman,jchapman80@independent.co.uk,Male,United States
290,Raymond,Stone,rstone81@opera.com,Male,United States
291,Louis,Hunter,lhunter82@wikia.com,Male,Mexico
292,Thomas,Baker,tbaker83@ft.com,Male,United States
293,Julia,Fields,jfields84@forbes.com,Female,Mexico
294,Ryan,Stephens,rstephens85@example.com,Male,Mexico
295,Jeffrey,Howell,jhowell86@prweb.com,Male,Mexico
296,Roy,Simpson,rsimpson87@scribd.com,Male,United States
297,Sarah,Ray,sray88@howstuffworks.com,Female,United States
298,Joshua,Wheeler,jwheeler89@reuters.com,Male,Mexico
299,Kimberly,Simpson,ksimpson8a@shutterfly.com,Female,Canada
300,Anna,Hicks,ahicks8b@stumbleupon.com,Female,Canada
301,Kathy,Mills,kmills8c@skype.com,Female,Mexico
302,Barbara,Medina,bmedina8d@cnbc.com,Female,United States
303,Frank,Tucker,ftucker8e@xrea.com,Male,United States
304,Jeffrey,Boyd,jboyd8f@blogs.com,Male,United States
305,Julie,Cunningham,jcunningham8g@accuweather.com,Female,Mexico
306,Melissa,Hayes,mhayes8h@livejournal.com,Female,Mexico
307,Karen,Oliver,,Female,Canada
308,Roger,Duncan,rduncan8j@123-reg.co.uk,Male,Mexico
309,Ruth,Hamilton,rhamilton8k@theglobeandmail.com,Female,United States
310,Gregory,Richardson,grichardson8l@patch.com,Male,United States
311,Christina,Garrett,cgarrett8m@jiathis.com,Female,United States
312,Bobby,Smith,bsmith8n@geocities.jp,Male,United States
313,Jacqueline,Washington,jwashington8o@themeforest.net,Female,United States
314,Larry,Snyder,,Male,Canada
315,Victor,Gilbert,vgilbert8q@fc2.com,Male,Canada
316,Evelyn,Lynch,elynch8r@lulu.com,Female,Mexico
317,Gary,Gilbert,ggilbert8s@ed.gov,Male,United States
318,Margaret,Ortiz,mortiz8t@google.ca,Female,Mexico
319,Justin,Wagner,jwagner8u@cafepress.com,Male,United States
320,Kimberly,Crawford,kcrawford8v@netvibes.com,Female,Mexico
321,Anthony,Wagner,awagner8w@indiegogo.com,Male,Canada
322,Daniel,Gray,dgray8x@163.com,Male,United States
323,Evelyn,Harvey,eharvey8y@gov.uk,Female,United States
324,Eugene,Fisher,efisher8z@wiley.com,Male,Canada
325,Shawn,Stephens,sstephens90@mtv.com,Male,United States
326,Matthew,Freeman,mfreeman91@kickstarter.com,Male,Canada
327,Rachel,Gomez,rgomez92@cargocollective.com,Female,United States
328,Russell,Hanson,,Male,Canada
329,Kenneth,Andrews,kandrews94@umn.edu,Male,Mexico
330,Adam,Griffin,agriffin95@mayoclinic.com,Male,United States
331,Debra,Cunningham,dcunningham96@xing.com,Female,Mexico
332,Kathy,Lawson,klawson97@businesswire.com,Female,Canada
333,Ruby,White,rwhite98@e-recht24.de,Female,United States
334,Joyce,Miller,jmiller99@instagram.com,Female,United States
335,Justin,Moore,jmoore9a@addtoany.com,Male,United States
336,Edward,Burke,eburke9b@tuttocitta.it,Male,Canada
337,Kathryn,Hart,khart9c@google.nl,Female,United States
338,Edward,Romero,,Male,United States
339,Donna,Matthews,dmatthews9e@webnode.com,Female,Mexico
340,Gary,Davis,gdavis9f@storify.com,Male,United States
341,Larry,Kim,lkim9g@qq.com,Male,Mexico
342,Peter,Jones,pjones9h@census.gov,Male,United States
343,Carolyn,Weaver,cweaver9i@examiner.com,Female,Canada
344,Randy,Bell,rbell9j@yahoo.com,Male,United States
345,Ernest,Ortiz,eortiz9k@altervista.org,Male,United States
346,Bonnie,Woods,bwoods9l@hc360.com,Female,Mexico
347,Jason,Ramos,jramos9m@redcross.org,Male,United States
348,Willie,Knight,wknight9n@cbslocal.com,Male,Canada
349,Martin,Oliver,moliver9o@lycos.com,Male,Canada
350,Mildred,Mason,mmason9p@blogger.com,Female,United States
351,Patricia,Myers,pmyers9q@google.pl,Female,Mexico
352,Judy,Harper,jharper9r@domainmarket.com,Female,United States
353,Norma,Ross,nross9s@yahoo.co.jp,Female,United States
354,Heather,Pierce,hpierce9t@de.vu,Female,United States
355,Christina,Carpenter,ccarpenter9u@parallels.com,Female,Canada
356,Denise,Robinson,,Female,United States
357,Jason,Burton,jburton9w@networkadvertising.org,Male,Canada
358,Joan,Perkins,,Female,United States
359,Ruth,Boyd,rboyd9y@list-manage.com,Female,Mexico
360,Benjamin,Roberts,broberts9z@blinklist.com,Male,United States
361,Donald,Reid,dreida0@sbwire.com,Male,Mexico
362,Frank,Stanley,fstanleya1@storify.com,Male,United States
363,Jerry,Dixon,jdixona2@amazon.com,Male,United States
364,Katherine,Robertson,krobertsona3@barnesandnoble.com,Female,Mexico
365,Sean,Greene,sgreenea4@noaa.gov,Male,Mexico
366,Martin,Harper,mharpera5@discovery.com,Male,United States
367,Rebecca,Gardner,rgardnera6@networkadvertising.org,Female,United States
368,Rose,Dunn,rdunna7@netvibes.com,Female,United States
369,Emily,Bell,ebella8@newsvine.com,Female,United States
370,Irene,Woods,,Female,Mexico
371,Evelyn,Gutierrez,egutierrezaa@simplemachines.org,Female,United States
372,Peter,Reynolds,preynoldsab@webmd.com,Male,Canada
373,Cheryl,Ramirez,cramirezac@npr.org,Female,Mexico
374,Lawrence,Jackson,ljacksonad@weibo.com,Male,Canada
375,Brandon,Greene,bgreeneae@tmall.com,Male,Canada
376,Deborah,Hernandez,dhernandezaf@constantcontact.com,Female,Canada
377,Gerald,Franklin,gfranklinag@shutterfly.com,Male,United States
378,Lawrence,Harrison,lharrisonah@addtoany.com,Male,United States
379,Janet,Lopez,jlopezai@phpbb.com,Female,United States
380,Jennifer,Morris,jmorrisaj@bing.com,Female,United States
381,Marilyn,Clark,mclarkak@tripadvisor.com,Female,United States
382,Willie,Welch,,Male,Canada
383,James,Ruiz,jruizam@blogtalkradio.com,Male,United States
384,Rose,Larson,rlarsonan@technorati.com,Female,United States
385,Maria,Sullivan,msullivanao@washingtonpost.com,Female,United States
386,Stephanie,Payne,spayneap@tripadvisor.com,Female,United States
387,Michelle,Mccoy,mmccoyaq@cbsnews.com,Female,Mexico
388,Pamela,Hanson,phansonar@hubpages.com,Female,United States
389,Karen,Martinez,kmartinezas@utexas.edu,Female,Canada
390,Christina,Clark,,Female,Mexico
391,Elizabeth,Flores,efloresau@apache.org,Female,United States
392,Marie,Martinez,mmartinezav@bandcamp.com,Female,United States
393,Christina,Nichols,cnicholsaw@godaddy.com,Female,United States
394,Ann,Kelley,akelleyax@ow.ly,Female,United States
395,Gloria,Tucker,gtuckeray@slideshare.net,Female,United States
396,Karen,Harrison,kharrisonaz@nbcnews.com,Female,United States
397,Johnny,Stephens,jstephensb0@goo.ne.jp,Male,Canada
398,Jessica,Spencer,jspencerb1@dedecms.com,Female,United States
399,Frank,Berry,fberryb2@arstechnica.com,Male,Canada
400,Mildred,Wallace,mwallaceb3@ifeng.com,Female,Mexico
401,Judith,Welch,jwelchb4@epa.gov,Female,Mexico
402,Jeffrey,Reid,jreidb5@abc.net.au,Male,United States
403,Antonio,Banks,abanksb6@sitemeter.com,Male,Canada
404,Joan,Richardson,jrichardsonb7@webeden.co.uk,Female,United States
405,Phillip,Riley,prileyb8@quantcast.com,Male,Mexico
406,Susan,Porter,sporterb9@clickbank.net,Female,Mexico
407,Gloria,Holmes,gholmesba@goo.gl,Female,United States
408,Gary,Freeman,gfreemanbb@examiner.com,Male,United States
409,Eugene,Larson,elarsonbc@ftc.gov,Male,Canada
410,Pamela,Ellis,pellisbd@technorati.com,Female,United States
411,Janice,Carr,jcarrbe@alexa.com,Female,Canada
412,Andrew,Myers,amyersbf@theglobeandmail.com,Male,Mexico
413,Dorothy,Patterson,dpattersonbg@imageshack.us,Female,Canada
414,Beverly,Carroll,bcarrollbh@reverbnation.com,Female,Mexico
415,Stephanie,Allen,sallenbi@earthlink.net,Female,United States
416,Louise,Dixon,ldixonbj@mapy.cz,Female,Mexico
417,Phyllis,Austin,paustinbk@businessinsider.com,Female,Mexico
418,Peter,Russell,prussellbl@dailymotion.com,Male,Mexico
419,Jimmy,Gonzales,jgonzalesbm@aol.com,Male,Canada
420,Kevin,Medina,kmedinabn@about.com,Male,United States
421,Sarah,Gilbert,sgilbertbo@bing.com,Female,United States
422,Peter,Murphy,pmurphybp@woothemes.com,Male,Canada
423,Andrew,Owens,aowensbq@gmpg.org,Male,Mexico
424,Helen,Romero,,Female,United States
425,Alan,Perkins,aperkinsbs@last.fm,Male,United States
426,Martin,Bennett,mbennettbt@alexa.com,Male,Mexico
427,Jean,Day,jdaybu@freewebs.com,Female,United States
428,Billy,Castillo,bcastillobv@last.fm,Male,United States
429,Barbara,Cooper,bcooperbw@columbia.edu,Female,Mexico
430,Edward,Williamson,ewilliamsonbx@pagesperso-orange.fr,Male,United States
431,Kimberly,Alexander,kalexanderby@dot.gov,Female,Mexico
432,Jonathan,Wheeler,jwheelerbz@mac.com,Male,United States
433,Shirley,Hall,shallc0@nba.com,Female,Mexico
434,Ashley,Perez,aperezc1@columbia.edu,Female,Mexico
435,Angela,Richards,arichardsc2@umn.edu,Female,Canada
436,Anthony,Peterson,apetersonc3@slideshare.net,Male,Canada
437,Amy,Anderson,aandersonc4@flavors.me,Female,Mexico
438,Robin,Burton,rburtonc5@pbs.org,Female,Mexico
439,Gregory,Cunningham,gcunninghamc6@deliciousdays.com,Male,Mexico
440,Bobby,Morales,bmoralesc7@infoseek.co.jp,Male,Canada
441,Pamela,Griffin,pgriffinc8@cloudflare.com,Female,United States
442,Annie,Spencer,aspencerc9@mashable.com,Female,United States
443,Katherine,Coleman,kcolemanca@wikimedia.org,Female,United States
444,Albert,Simmons,asimmonscb@npr.org,Male,Canada
445,Julia,Brooks,jbrookscc@cafepress.com,Female,Canada
446,Patrick,Harrison,pharrisoncd@cnet.com,Male,United States
447,Victor,Garcia,vgarciace@apple.com,Male,Mexico
448,Ashley,Bennett,,Female,Mexico
449,Emily,Hill,ehillcg@mediafire.com,Female,United States
450,Alice,Hart,ahartch@simplemachines.org,Female,United States
451,Rachel,Gilbert,rgilbertci@clickbank.net,Female,United States
452,Tammy,Washington,twashingtoncj@sitemeter.com,Female,Mexico
453,Janice,Harris,jharrisck@ca.gov,Female,United States
454,Willie,Moreno,wmorenocl@artisteer.com,Male,United States
455,Helen,Woods,hwoodscm@amazonaws.com,Female,Mexico
456,Raymond,Harvey,rharveycn@sina.com.cn,Male,Canada
457,Donna,Dixon,ddixonco@smugmug.com,Female,Canada
458,David,Wright,dwrightcp@bbc.co.uk,Male,Mexico
459,Matthew,Jordan,mjordancq@nih.gov,Male,United States
460,Kenneth,Evans,kevanscr@craigslist.org,Male,United States
461,Jacqueline,Kim,jkimcs@photobucket.com,Female,Canada
462,Christine,Weaver,cweaverct@devhub.com,Female,Mexico
463,Anne,Franklin,afranklincu@prlog.org,Female,Canada
464,Carl,Hart,,Male,Canada
465,Terry,Tucker,ttuckercw@shutterfly.com,Male,Canada
466,Kimberly,Jenkins,,Female,Canada
467,Ralph,Wallace,rwallacecy@hexun.com,Male,United States
468,Jean,Duncan,jduncancz@msn.com,Female,United States
469,Clarence,Wagner,cwagnerd0@shutterfly.com,Male,Mexico
470,Anna,Welch,awelchd1@fda.gov,Female,United States
471,Ann,Romero,aromerod2@indiatimes.com,Female,United States
472,Anne,Richardson,arichardsond3@disqus.com,Female,United States
473,Sharon,Fuller,sfullerd4@gov.uk,Female,Canada
474,Anna,Graham,agrahamd5@feedburner.com,Female,United States
475,Carolyn,Hunter,chunterd6@howstuffworks.com,Female,United States
476,Roy,Lawrence,rlawrenced7@mac.com,Male,United States
477,Janice,Kim,jkimd8@1und1.de,Female,United States
478,Ann,Hunter,ahunterd9@jiathis.com,Female,Mexico
479,Margaret,Burns,mburnsda@stumbleupon.com,Female,Mexico
480,Wanda,Wagner,wwagnerdb@dailymotion.com,Female,United States
481,Nicole,Owens,nowensdc@craigslist.org,Female,Mexico
482,Billy,Young,byoungdd@discovery.com,Male,United States
483,Helen,Ramos,hramosde@mtv.com,Female,Canada
484,Earl,Stephens,estephensdf@ning.com,Male,United States
485,Christine,Jackson,cjacksondg@angelfire.com,Female,United States
486,Brian,Reid,breiddh@deviantart.com,Male,Canada
487,James,Alexander,jalexanderdi@stumbleupon.com,Male,United States
488,Marie,Green,mgreendj@mediafire.com,Female,United States
489,Bobby,Cole,bcoledk@flickr.com,Male,United States
490,Bonnie,Martin,bmartindl@diigo.com,Female,United States
491,Gary,Payne,gpaynedm@irs.gov,Male,United States
492,Carlos,Black,cblackdn@rambler.ru,Male,United States
493,Jonathan,Wheeler,jwheelerdo@buzzfeed.com,Male,Mexico
494,Brenda,Greene,bgreenedp@disqus.com,Female,United States
495,Joan,Cooper,jcooperdq@facebook.com,Female,United States
496,Norma,Reid,,Female,Canada
497,Randy,Hart,rhartds@hubpages.com,Male,United States
498,Anne,Peterson,apetersondt@slate.com,Female,United States
499,Teresa,Sims,tsimsdu@tuttocitta.it,Female,Canada
500,Jessica,Kim,jkimdv@statcounter.com,Female,United States
501,Jerry,Bishop,jbishopdw@wikipedia.org,Male,Canada
502,Nancy,Stone,nstonedx@pinterest.com,Female,Mexico
503,Norma,Jenkins,njenkinsdy@webeden.co.uk,Female,United States
504,Ralph,Butler,rbutlerdz@wordpress.org,Male,United States
505,Robin,Clark,rclarke0@google.fr,Female,United States
506,Bruce,Dixon,bdixone1@lulu.com,Male,Mexico
507,Timothy,Mills,tmillse2@apache.org,Male,Mexico
508,Janice,Alexander,jalexandere3@geocities.jp,Female,Mexico
509,Andrea,Burns,aburnse4@shop-pro.jp,Female,United States
510,Catherine,Simpson,csimpsone5@nsw.gov.au,Female,Mexico
511,Kathryn,Campbell,kcampbelle6@scientificamerican.com,Female,United States
512,Jesse,Baker,jbakere7@delicious.com,Male,Mexico
513,Ronald,Cook,rcooke8@github.io,Male,United States
514,Billy,West,bweste9@miibeian.gov.cn,Male,United States
515,Janice,Simmons,jsimmonsea@github.io,Female,United States
516,Samuel,Foster,sfostereb@netvibes.com,Male,United States
517,Julie,Snyder,jsnyderec@ebay.co.uk,Female,Mexico
518,James,Alvarez,jalvarezed@hubpages.com,Male,Canada
519,Christine,Rice,criceee@facebook.com,Female,Mexico
520,Melissa,Fields,,Female,United States
521,William,Hayes,whayeseg@posterous.com,Male,United States
522,Dennis,Thompson,dthompsoneh@goodreads.com,Male,Canada
523,Stephanie,Dean,sdeanei@purevolume.com,Female,Mexico
524,Lois,Perkins,lperkinsej@joomla.org,Female,United States
525,Jason,Powell,,Male,Mexico
526,Paula,Collins,pcollinsel@weather.com,Female,United States
527,Kathy,Owens,kowensem@webnode.com,Female,United States
528,Diane,Harrison,dharrisonen@oakley.com,Female,Mexico
529,Eugene,Carr,ecarreo@aboutads.info,Male,United States
530,Harry,Howell,hhowellep@moonfruit.com,Male,United States
531,Phillip,Chavez,,Male,United States
532,Beverly,Frazier,bfrazierer@wikia.com,Female,United States
533,Margaret,Cox,mcoxes@bandcamp.com,Female,Mexico
534,John,Henry,jhenryet@de.vu,Male,Mexico
535,Ronald,Hamilton,rhamiltoneu@technorati.com,Male,United States
536,Julie,Cox,,Female,United States
537,Patricia,Adams,padamsew@msn.com,Female,United States
538,Randy,Harvey,rharveyex@thetimes.co.uk,Male,Mexico
539,Laura,Kim,lkimey@angelfire.com,Female,United States
540,Martha,Andrews,mandrewsez@amazon.co.uk,Female,United States
541,Earl,Walker,ewalkerf0@nsw.gov.au,Male,Mexico
542,Randy,Riley,rrileyf1@prnewswire.com,Male,Mexico
543,Patrick,Morrison,pmorrisonf2@cyberchimps.com,Male,Mexico
544,Alan,Duncan,aduncanf3@google.com.au,Male,United States
545,Betty,Crawford,bcrawfordf4@dailymotion.com,Female,Canada
546,Irene,Kennedy,ikennedyf5@webeden.co.uk,Female,United States
547,John,Miller,jmillerf6@aol.com,Male,Canada
548,Elizabeth,Ramirez,eramirezf7@tamu.edu,Female,United States
549,David,Adams,dadamsf8@businesswire.com,Male,Canada
550,Ryan,Cox,rcoxf9@slate.com,Male,United States
551,Bobby,Wallace,bwallacefa@is.gd,Male,Mexico
552,Phillip,Lopez,plopezfb@google.co.jp,Male,Canada
553,Marilyn,Clark,mclarkfc@macromedia.com,Female,United States
554,Maria,Mccoy,mmccoyfd@e-recht24.de,Female,Mexico
555,Steve,Miller,smillerfe@sina.com.cn,Male,United States
556,Donna,Perez,dperezff@sciencedaily.com,Female,Canada
557,Phillip,Marshall,pmarshallfg@reddit.com,Male,United States
558,Judith,Thompson,jthompsonfh@furl.net,Female,United States
559,Theresa,Bowman,tbowmanfi@weebly.com,Female,United States
560,Ronald,Turner,rturnerfj@oracle.com,Male,Canada
561,Joyce,West,jwestfk@omniture.com,Female,Canada
562,Doris,Hansen,dhansenfl@is.gd,Female,Mexico
563,Jonathan,Ramirez,jramirezfm@tripod.com,Male,United States
564,David,Nelson,dnelsonfn@yolasite.com,Male,United States
565,Arthur,Grant,agrantfo@wp.com,Male,United States
566,Larry,Burns,,Male,Mexico
567,Gloria,Morris,gmorrisfq@woothemes.com,Female,United States
568,Marie,Ramirez,mramirezfr@rediff.com,Female,Canada
569,Emily,Williamson,ewilliamsonfs@un.org,Female,United States
570,Joe,Alexander,jalexanderft@army.mil,Male,United States
571,Frank,Henry,fhenryfu@cmu.edu,Male,Mexico
572,Marie,Ruiz,mruizfv@slideshare.net,Female,United States
573,Jane,Shaw,jshawfw@rakuten.co.jp,Female,United States
574,Albert,Hamilton,ahamiltonfx@microsoft.com,Male,United States
575,Rebecca,Smith,rsmithfy@pagesperso-orange.fr,Female,United States
576,Kathleen,Myers,kmyersfz@ucoz.com,Female,United States
577,Tammy,Parker,tparkerg0@t-online.de,Female,United States
578,Eugene,Miller,emillerg1@irs.gov,Male,United States
579,Stephen,Dixon,sdixong2@yahoo.com,Male,Mexico
580,Melissa,Kim,mkimg3@drupal.org,Female,Mexico
581,Beverly,Williamson,bwilliamsong4@nba.com,Female,United States
582,Wayne,Sims,wsimsg5@altervista.org,Male,United States
583,Tina,Burns,tburnsg6@cornell.edu,Female,United States
584,Lawrence,Hansen,lhanseng7@wunderground.com,Male,United States
585,Randy,Duncan,rduncang8@oakley.com,Male,Canada
586,Amanda,Stephens,astephensg9@tinyurl.com,Female,Mexico
587,Matthew,Price,mpricega@ezinearticles.com,Male,United States
588,Randy,Phillips,rphillipsgb@google.cn,Male,Mexico
589,Kathleen,Nguyen,knguyengc@themeforest.net,Female,United States
590,Thomas,Johnston,tjohnstongd@yahoo.co.jp,Male,United States
591,Janet,Medina,jmedinage@census.gov,Female,Mexico
592,Lori,Cook,lcookgf@uiuc.edu,Female,Canada
593,Billy,Fields,bfieldsgg@google.de,Male,Canada
594,Joe,Adams,jadamsgh@earthlink.net,Male,Canada
595,Matthew,Stevens,mstevensgi@de.vu,Male,United States
596,Lillian,Baker,lbakergj@g.co,Female,United States
597,Nancy,Stevens,nstevensgk@un.org,Female,United States
598,Bonnie,Knight,bknightgl@oracle.com,Female,United States
599,Nicholas,Young,nyounggm@ebay.co.uk,Male,United States
600,Sara,Mcdonald,smcdonaldgn@ox.ac.uk,Female,United States
601,Steve,Rivera,sriverago@facebook.com,Male,United States
602,Nancy,Gonzales,ngonzalesgp@desdev.cn,Female,United States
603,Marilyn,Brown,mbrowngq@oaic.gov.au,Female,Mexico
604,Jerry,Robinson,jrobinsongr@sciencedaily.com,Male,Canada
605,Larry,Powell,lpowellgs@upenn.edu,Male,United States
606,Ruth,Owens,rowensgt@intel.com,Female,United States
607,Catherine,Walker,cwalkergu@linkedin.com,Female,United States
608,Phyllis,Hunt,phuntgv@about.com,Female,Canada
609,Gloria,Spencer,gspencergw@comcast.net,Female,United States
610,Barbara,Chavez,bchavezgx@eepurl.com,Female,Canada
611,Kathryn,Jenkins,kjenkinsgy@amazon.de,Female,United States
612,Norma,Black,,Female,Mexico
613,Steven,Turner,,Male,United States
614,Jimmy,Walker,jwalkerh1@hud.gov,Male,Mexico
615,Cynthia,Bryant,cbryanth2@discuz.net,Female,United States
616,George,Hughes,,Male,Mexico
617,Philip,Alvarez,palvarezh4@tinyurl.com,Male,United States
618,Stephanie,Little,slittleh5@drupal.org,Female,United States
619,Joan,Shaw,jshawh6@census.gov,Female,United States
620,Gloria,Berry,,Female,United States
621,Roger,Powell,rpowellh8@odnoklassniki.ru,Male,Canada
622,Todd,Torres,ttorresh9@facebook.com,Male,United States
623,Jesse,Williams,jwilliamsha@miitbeian.gov.cn,Male,Mexico
624,Johnny,Moore,jmoorehb@soup.io,Male,Mexico
625,Maria,Fisher,mfisherhc@163.com,Female,United States
626,Russell,Bennett,rbennetthd@wired.com,Male,Mexico
627,Betty,Jackson,bjacksonhe@ucsd.edu,Female,Canada
628,Frank,Green,fgreenhf@slate.com,Male,Canada
629,Martha,Marshall,mmarshallhg@forbes.com,Female,Mexico
630,Ernest,Lewis,elewishh@sina.com.cn,Male,Canada
631,Terry,Sanchez,tsanchezhi@pen.io,Male,United States
632,Roger,Greene,rgreenehj@businessinsider.com,Male,United States
633,Randy,Willis,rwillishk@amazon.de,Male,United States
634,Maria,Robertson,mrobertsonhl@springer.com,Female,Canada
635,Virginia,Cruz,vcruzhm@upenn.edu,Female,Canada
636,Russell,Welch,rwelchhn@uiuc.edu,Male,Canada
637,Jesse,Nelson,jnelsonho@msn.com,Male,Mexico
638,David,Ross,drosshp@hibu.com,Male,United States
639,Stephen,Willis,swillishq@cyberchimps.com,Male,United States
640,Paul,Crawford,pcrawfordhr@google.nl,Male,Canada
641,Ashley,Watkins,awatkinshs@blinklist.com,Female,Canada
642,Jimmy,Knight,jknightht@unicef.org,Male,United States
643,Johnny,Brooks,jbrookshu@stanford.edu,Male,Mexico
644,Nancy,Austin,naustinhv@over-blog.com,Female,Mexico
645,Wanda,Richardson,wrichardsonhw@nsw.gov.au,Female,Canada
646,Christina,Burton,cburtonhx@chicagotribune.com,Female,Mexico
647,Jane,West,jwesthy@admin.ch,Female,United States
648,Shawn,Sanders,ssandershz@spiegel.de,Male,Mexico
649,Sara,Stone,,Female,United States
650,Samuel,Bryant,sbryanti1@ftc.gov,Male,United States
651,Carl,Sanders,csandersi2@feedburner.com,Male,Mexico
652,Timothy,Kelly,tkellyi3@cdbaby.com,Male,Canada
653,Chris,Young,cyoungi4@cisco.com,Male,United States
654,Joshua,Hughes,jhughesi5@yellowbook.com,Male,United States
655,Virginia,Payne,vpaynei6@geocities.jp,Female,United States
656,Paula,Reynolds,preynoldsi7@instagram.com,Female,United States
657,Richard,Watkins,rwatkinsi8@qq.com,Male,Mexico
658,Nicole,Simmons,nsimmonsi9@senate.gov,Female,Mexico
659,David,Burns,dburnsia@sohu.com,Male,Mexico
660,Joe,Ryan,jryanib@rambler.ru,Male,Canada
661,Theresa,Reed,,Female,Mexico
662,Howard,Watson,hwatsonid@biblegateway.com,Male,United States
663,Johnny,Roberts,jrobertsie@tiny.cc,Male,Mexico
664,Andrew,Sims,asimsif@last.fm,Male,United States
665,Harry,Thompson,hthompsonig@prweb.com,Male,Canada
666,Clarence,Taylor,ctaylorih@indiegogo.com,Male,United States
667,Alan,West,awestii@phoca.cz,Male,United States
668,Kathryn,Jenkins,kjenkinsij@i2i.jp,Female,Mexico
669,Janet,Sullivan,jsullivanik@eepurl.com,Female,Canada
670,Joan,Day,jdayil@infoseek.co.jp,Female,United States
671,Juan,Butler,jbutlerim@mediafire.com,Male,Mexico
672,Albert,Howard,ahowardin@lycos.com,Male,Canada
673,Jessica,Sanders,jsandersio@independent.co.uk,Female,United States
674,Anne,Hanson,ahansonip@google.pl,Female,United States
675,Amanda,Schmidt,aschmidtiq@netlog.com,Female,Canada
676,Julia,Hall,jhallir@linkedin.com,Female,United States
677,Jonathan,Howell,jhowellis@nasa.gov,Male,Mexico
678,George,Holmes,gholmesit@miitbeian.gov.cn,Male,United States
679,Harold,Carpenter,hcarpenteriu@webs.com,Male,United States
680,Sarah,Adams,sadamsiv@canalblog.com,Female,Canada
681,Martin,Porter,mporteriw@ucoz.ru,Male,United States
682,Frances,Elliott,felliottix@army.mil,Female,United States
683,Sara,Armstrong,sarmstrongiy@java.com,Female,Mexico
684,Terry,Diaz,tdiaziz@disqus.com,Male,Mexico
685,Aaron,Gutierrez,agutierrezj0@hubpages.com,Male,United States
686,Gary,Larson,glarsonj1@yahoo.co.jp,Male,United States
687,Phyllis,Carr,pcarrj2@dion.ne.jp,Female,United States
688,Harold,Fuller,hfullerj3@imdb.com,Male,Mexico
689,Lori,Black,lblackj4@themeforest.net,Female,Canada
690,Harold,Cunningham,hcunninghamj5@wisc.edu,Male,United States
691,Jacqueline,Gibson,jgibsonj6@fda.gov,Female,United States
692,Henry,Rivera,hriveraj7@cnn.com,Male,Mexico
693,Kathryn,Bowman,kbowmanj8@squidoo.com,Female,Mexico
694,Anthony,Mccoy,amccoyj9@qq.com,Male,United States
695,Raymond,Reed,rreedja@behance.net,Male,Canada
696,Keith,Gomez,kgomezjb@epa.gov,Male,Canada
697,Alice,Brooks,abrooksjc@comcast.net,Female,United States
698,Cheryl,Andrews,candrewsjd@stumbleupon.com,Female,United States
699,Brian,Gilbert,bgilbertje@technorati.com,Male,United States
700,Michael,Dunn,mdunnjf@webeden.co.uk,Male,United States
701,Harry,Ellis,hellisjg@statcounter.com,Male,Mexico
702,Alan,Sanders,asandersjh@webs.com,Male,United States
703,Deborah,Henry,,Female,United States
704,Anna,Parker,aparkerjj@oaic.gov.au,Female,Mexico
705,Jean,Jackson,jjacksonjk@marketwatch.com,Female,United States
706,Kimberly,Moreno,kmorenojl@zdnet.com,Female,Canada
707,Marie,Miller,mmillerjm@wordpress.com,Female,United States
708,Laura,Taylor,ltaylorjn@ibm.com,Female,Mexico
709,Louis,Pierce,,Male,United States
710,Linda,Hill,lhilljp@noaa.gov,Female,United States
711,Donald,Meyer,dmeyerjq@mayoclinic.com,Male,United States
712,Todd,Cox,tcoxjr@springer.com,Male,United States
713,Peter,Hayes,phayesjs@go.com,Male,United States
714,Bobby,Lewis,blewisjt@seattletimes.com,Male,United States
715,Johnny,Welch,jwelchju@pinterest.com,Male,United States
716,James,Carr,jcarrjv@simplemachines.org,Male,Mexico
717,Rebecca,Rose,rrosejw@virginia.edu,Female,Mexico
718,Ralph,Greene,rgreenejx@smh.com.au,Male,Canada
719,Michelle,Stanley,mstanleyjy@dot.gov,Female,Mexico
720,Patricia,Rivera,priverajz@hp.com,Female,Mexico
721,Jerry,Fuller,jfullerk0@usa.gov,Male,Canada
722,Jane,Robertson,jrobertsonk1@ustream.tv,Female,Mexico
723,Victor,Harper,vharperk2@narod.ru,Male,Mexico
724,Anthony,Wood,awoodk3@slate.com,Male,United States
725,Amanda,Long,alongk4@epa.gov,Female,Canada
726,Doris,Harris,dharrisk5@hp.com,Female,United States
727,Frank,Alexander,,Male,United States
728,Betty,Tucker,btuckerk7@squarespace.com,Female,Mexico
729,Kathy,Richards,krichardsk8@icq.com,Female,United States
730,Helen,Bennett,hbennettk9@google.de,Female,United States
731,Virginia,Adams,vadamska@ameblo.jp,Female,United States
732,Martin,Meyer,mmeyerkb@geocities.jp,Male,Canada
733,Carlos,Coleman,ccolemankc@noaa.gov,Male,Canada
734,Rebecca,Fowler,rfowlerkd@uol.com.br,Female,United States
735,Frank,Lawrence,flawrenceke@hubpages.com,Male,United States
736,Jose,Weaver,jweaverkf@google.ca,Male,Mexico
737,Joshua,Anderson,jandersonkg@tripadvisor.com,Male,United States
738,Paula,Hansen,phansenkh@msu.edu,Female,Mexico
739,Steve,Evans,sevanski@cdbaby.com,Male,Mexico
740,Carlos,Lawrence,clawrencekj@dedecms.com,Male,United States
741,Harry,Hernandez,hhernandezkk@un.org,Male,United States
742,Barbara,Martin,bmartinkl@imageshack.us,Female,United States
743,Sean,Peterson,spetersonkm@fema.gov,Male,United States
744,Ernest,Fowler,efowlerkn@pbs.org,Male,United States
745,Bobby,Weaver,bweaverko@pinterest.com,Male,Canada
746,Sean,Palmer,spalmerkp@bravesites.com,Male,Canada
747,Carl,Anderson,candersonkq@cloudflare.com,Male,United States
748,Linda,Garrett,lgarrettkr@github.com,Female,Canada
749,Gregory,Marshall,gmarshallks@imageshack.us,Male,United States
750,Robin,Duncan,rduncankt@quantcast.com,Female,United States
751,Rose,Richards,rrichardsku@liveinternet.ru,Female,United States
752,Joyce,Lewis,jlewiskv@eventbrite.com,Female,United States
753,Joyce,Castillo,jcastillokw@un.org,Female,United States
754,Nicholas,Harris,nharriskx@unesco.org,Male,United States
755,Philip,Johnson,pjohnsonky@java.com,Male,Canada
756,Todd,Reyes,treyeskz@rakuten.co.jp,Male,United States
757,Kimberly,Bradley,kbradleyl0@freewebs.com,Female,Canada
758,Katherine,Cox,kcoxl1@go.com,Female,United States
759,Wayne,Barnes,wbarnesl2@networksolutions.com,Male,United States
760,Jesse,Holmes,jholmesl3@imageshack.us,Male,Canada
761,Barbara,Henderson,bhendersonl4@gnu.org,Female,Canada
762,Diane,Pierce,,Female,United States
763,Joseph,Matthews,jmatthewsl6@abc.net.au,Male,Mexico
764,Gloria,Ford,gfordl7@canalblog.com,Female,United States
765,Ralph,Mccoy,rmccoyl8@foxnews.com,Male,United States
766,Annie,Fox,afoxl9@bravesites.com,Female,United States
767,Kathryn,Nelson,knelsonla@vistaprint.com,Female,Mexico
768,Bobby,Lee,bleelb@newyorker.com,Male,Mexico
769,William,Harvey,wharveylc@admin.ch,Male,Canada
770,Henry,Patterson,hpattersonld@mit.edu,Male,Mexico
771,Steven,Lynch,slynchle@answers.com,Male,United States
772,Jonathan,George,jgeorgelf@zimbio.com,Male,United States
773,Marilyn,Alexander,malexanderlg@earthlink.net,Female,Mexico
774,Joan,Austin,,Female,Canada
775,William,Reid,wreidli@prnewswire.com,Male,United States
776,Johnny,Ellis,jellislj@php.net,Male,Mexico
777,Larry,King,lkinglk@economist.com,Male,Mexico
778,Dorothy,Gutierrez,dgutierrezll@ted.com,Female,United States
779,Tammy,Lewis,tlewislm@facebook.com,Female,Mexico
780,Martha,Payne,mpayneln@google.com.au,Female,Canada
781,Martin,Peters,mpeterslo@google.es,Male,Canada
782,Kelly,Berry,kberrylp@hexun.com,Female,United States
783,Diane,Evans,devanslq@bbc.co.uk,Female,Mexico
784,Evelyn,Woods,,Female,Mexico
785,Maria,Crawford,mcrawfordls@apache.org,Female,Mexico
786,Nicole,Stephens,nstephenslt@homestead.com,Female,Mexico
787,Lisa,Martin,lmartinlu@bravesites.com,Female,Mexico
788,Adam,Hunter,ahunterlv@freewebs.com,Male,Mexico
789,Craig,Rodriguez,crodriguezlw@digg.com,Male,United States
790,Judith,Payne,jpaynelx@blinklist.com,Female,Mexico
791,Stephen,Pierce,spiercely@tripadvisor.com,Male,Mexico
792,Sarah,Castillo,scastillolz@businessweek.com,Female,Mexico
793,Clarence,King,ckingm0@disqus.com,Male,United States
794,Kevin,Fernandez,kfernandezm1@exblog.jp,Male,Canada
795,Daniel,Crawford,dcrawfordm2@weather.com,Male,Mexico
796,Joe,Flores,jfloresm3@blogs.com,Male,Canada
797,Ronald,Rose,rrosem4@salon.com,Male,Canada
798,Nicole,Mccoy,,Female,United States
799,Doris,Hernandez,dhernandezm6@altervista.org,Female,United States
800,Wayne,Dean,wdeanm7@unblog.fr,Male,United States
801,Anthony,Austin,aaustinm8@histats.com,Male,Mexico
802,Patricia,Pierce,ppiercem9@jimdo.com,Female,United States
803,Michael,Hayes,,Male,Mexico
804,Christina,Powell,cpowellmb@engadget.com,Female,United States
805,Jesse,Smith,jsmithmc@smh.com.au,Male,United States
806,Stephanie,Scott,sscottmd@hostgator.com,Female,Canada
807,Michelle,Kim,mkimme@list-manage.com,Female,United States
808,Joe,Weaver,jweavermf@ning.com,Male,Mexico
809,Clarence,Perry,cperrymg@biglobe.ne.jp,Male,Mexico
810,Linda,Hall,lhallmh@list-manage.com,Female,United States
811,Anne,Perkins,aperkinsmi@feedburner.com,Female,United States
812,Clarence,Dunn,cdunnmj@usnews.com,Male,United States
813,Irene,Cruz,,Female,United States
814,Jonathan,George,jgeorgeml@arizona.edu,Male,Mexico
815,Ruby,Mason,rmasonmm@yellowpages.com,Female,Mexico
816,Keith,Ford,kfordmn@weather.com,Male,United States
817,Wayne,Fields,wfieldsmo@who.int,Male,United States
818,Catherine,Hayes,chayesmp@accuweather.com,Female,United States
819,Paula,Butler,pbutlermq@webmd.com,Female,Mexico
820,Carolyn,Schmidt,cschmidtmr@moonfruit.com,Female,Mexico
821,Joan,Reed,jreedms@shinystat.com,Female,Canada
822,Sara,Woods,,Female,United States
823,Jose,Wilson,jwilsonmu@dmoz.org,Male,Canada
824,Mary,Berry,mberrymv@cocolog-nifty.com,Female,United States
825,Ernest,Ray,eraymw@deviantart.com,Male,Mexico
826,Norma,Richards,nrichardsmx@nasa.gov,Female,United States
827,Ashley,Daniels,adanielsmy@youtu.be,Female,Canada
828,Matthew,Turner,mturnermz@tumblr.com,Male,Mexico
829,Matthew,Johnson,mjohnsonn0@vk.com,Male,United States
830,Lori,Mitchell,lmitchelln1@ca.gov,Female,Canada
831,Judy,Price,,Female,Mexico
832,Barbara,Owens,bowensn3@eventbrite.com,Female,United States
833,Mark,Rogers,mrogersn4@shareasale.com,Male,Canada
834,Sharon,Morrison,smorrisonn5@artisteer.com,Female,Canada
835,Diane,Austin,daustinn6@nymag.com,Female,United States
836,Sharon,Welch,swelchn7@drupal.org,Female,United States
837,Earl,Clark,,Male,Canada
838,Jacqueline,Morales,jmoralesn9@quantcast.com,Female,Mexico
839,Robin,Nelson,rnelsonna@loc.gov,Female,Canada
840,Angela,Jordan,ajordannb@xing.com,Female,Canada
841,Victor,Rodriguez,vrodrigueznc@apache.org,Male,Canada
842,Jane,Watkins,jwatkinsnd@is.gd,Female,Mexico
843,George,Miller,gmillerne@ning.com,Male,Canada
844,David,Ramos,dramosnf@csmonitor.com,Male,United States
845,Clarence,Torres,ctorresng@merriam-webster.com,Male,Canada
846,Roger,Rice,rricenh@furl.net,Male,Canada
847,Mary,Bennett,mbennettni@indiatimes.com,Female,United States
848,Paul,Richardson,prichardsonnj@weebly.com,Male,United States
849,Judy,Flores,jfloresnk@irs.gov,Female,Canada
850,Katherine,Carroll,kcarrollnl@netvibes.com,Female,United States
851,Amanda,Frazier,,Female,Canada
852,Louise,Sanchez,lsancheznn@sohu.com,Female,United States
853,Jean,Marshall,jmarshallno@cbslocal.com,Female,United States
854,Tammy,Allen,tallennp@vk.com,Female,Mexico
855,Edward,Alexander,ealexandernq@pen.io,Male,Mexico
856,Martin,Bishop,mbishopnr@nature.com,Male,Mexico
857,Scott,Garrett,sgarrettns@si.edu,Male,United States
858,Jeffrey,Collins,jcollinsnt@dropbox.com,Male,United States
859,Cynthia,Hall,challnu@google.it,Female,United States
860,Wayne,Clark,wclarknv@t.co,Male,United States
861,Jessica,Henderson,jhendersonnw@digg.com,Female,Canada
862,Heather,James,hjamesnx@apple.com,Female,United States
863,Scott,Morgan,smorganny@slashdot.org,Male,United States
864,Robin,Gordon,rgordonnz@shareasale.com,Female,Mexico
865,Louis,Ray,lrayo0@noaa.gov,Male,United States
866,Steven,Butler,sbutlero1@go.com,Male,Canada
867,Alan,Meyer,ameyero2@yellowbook.com,Male,United States
868,Joyce,Dixon,jdixono3@bbb.org,Female,Mexico
869,Philip,Gibson,pgibsono4@desdev.cn,Male,Mexico
870,Melissa,Martin,mmartino5@edublogs.org,Female,United States
871,Harry,Owens,howenso6@moonfruit.com,Male,Canada
872,Gerald,Hanson,ghansono7@topsy.com,Male,Mexico
873,Elizabeth,Tucker,etuckero8@tamu.edu,Female,United States
874,Edward,Scott,escotto9@surveymonkey.com,Male,Canada
875,Carol,Williams,cwilliamsoa@ezinearticles.com,Female,Mexico
876,Samuel,Fox,sfoxob@macromedia.com,Male,Mexico
877,Jose,Anderson,jandersonoc@domainmarket.com,Male,United States
878,Howard,Cunningham,hcunninghamod@123-reg.co.uk,Male,United States
879,Arthur,Adams,aadamsoe@cbc.ca,Male,United States
880,Margaret,Hayes,mhayesof@amazon.co.uk,Female,United States
881,Billy,Evans,bevansog@xing.com,Male,United States
882,Michelle,Gray,mgrayoh@google.cn,Female,United States
883,Irene,Reynolds,ireynoldsoi@youku.com,Female,Mexico
884,Bruce,Chapman,bchapmanoj@gravatar.com,Male,United States
885,Margaret,Jones,mjonesok@cbslocal.com,Female,Canada
886,Fred,Ramos,framosol@jugem.jp,Male,United States
887,Donna,Powell,dpowellom@cdc.gov,Female,United States
888,Carl,Ryan,cryanon@theatlantic.com,Male,United States
889,Clarence,Shaw,cshawoo@epa.gov,Male,Canada
890,Douglas,Black,dblackop@bloglines.com,Male,Canada
891,Benjamin,Wood,,Male,Mexico
892,Edward,Hayes,ehayesor@alibaba.com,Male,United States
893,Ruth,Young,ryoungos@friendfeed.com,Female,Mexico
894,Carolyn,George,cgeorgeot@fotki.com,Female,Mexico
895,Lawrence,Warren,lwarrenou@nhs.uk,Male,United States
896,Andrea,Mccoy,amccoyov@marriott.com,Female,Mexico
897,Bonnie,Flores,bfloresow@mapy.cz,Female,Canada
898,Kathy,Hayes,khayesox@merriam-webster.com,Female,United States
899,Janice,Hanson,jhansonoy@miibeian.gov.cn,Female,Canada
900,Andrea,Mills,amillsoz@lulu.com,Female,United States
901,Janet,Nguyen,jnguyenp0@ft.com,Female,United States
902,Christine,Wagner,cwagnerp1@ameblo.jp,Female,United States
903,Keith,Nguyen,knguyenp2@blogtalkradio.com,Male,Canada
904,Pamela,Allen,pallenp3@liveinternet.ru,Female,Mexico
905,Brian,Robertson,brobertsonp4@yolasite.com,Male,Canada
906,Russell,Reyes,rreyesp5@economist.com,Male,Canada
907,David,Ford,dfordp6@berkeley.edu,Male,Canada
908,Jeffrey,Perkins,jperkinsp7@github.com,Male,Canada
909,Angela,Jackson,ajacksonp8@nature.com,Female,Canada
910,Arthur,Barnes,abarnesp9@wordpress.com,Male,Canada
911,Sarah,Richardson,srichardsonpa@tmall.com,Female,Mexico
912,Juan,Powell,jpowellpb@tinyurl.com,Male,United States
913,Louis,Foster,lfosterpc@miitbeian.gov.cn,Male,United States
914,Rose,West,rwestpd@scientificamerican.com,Female,Canada
915,Ann,Wood,awoodpe@vistaprint.com,Female,Mexico
916,Eric,Fowler,efowlerpf@4shared.com,Male,Mexico
917,Raymond,Fox,rfoxpg@pagesperso-orange.fr,Male,Canada
918,Ruth,Marshall,rmarshallph@blogger.com,Female,United States
919,Patricia,Sims,psimspi@sohu.com,Female,United States
920,Melissa,Butler,mbutlerpj@answers.com,Female,Mexico
921,Michelle,Larson,mlarsonpk@facebook.com,Female,Canada
922,Margaret,Bell,mbellpl@posterous.com,Female,Mexico
923,Jerry,Shaw,jshawpm@tripadvisor.com,Male,Canada
924,Sandra,Fowler,sfowlerpn@biglobe.ne.jp,Female,United States
925,Rebecca,Bell,rbellpo@hostgator.com,Female,Canada
926,Chris,Mendoza,cmendozapp@hud.gov,Male,United States
927,Lois,Ruiz,lruizpq@cornell.edu,Female,Mexico
928,Patricia,Welch,pwelchpr@ihg.com,Female,United States
929,Beverly,Riley,brileyps@nyu.edu,Female,United States
930,Terry,Chapman,tchapmanpt@nature.com,Male,United States
931,Sarah,Marshall,smarshallpu@nydailynews.com,Female,United States
932,Joyce,Kim,jkimpv@spotify.com,Female,United States
933,Brandon,Jones,bjonespw@army.mil,Male,Mexico
934,Betty,Sullivan,bsullivanpx@seesaa.net,Female,Canada
935,Gloria,Kelly,gkellypy@wikipedia.org,Female,Mexico
936,Martha,Bryant,mbryantpz@hubpages.com,Female,Mexico
937,Peter,Sullivan,psullivanq0@printfriendly.com,Male,United States
938,Rebecca,Price,rpriceq1@discovery.com,Female,United States
939,Ruth,Fisher,rfisherq2@google.cn,Female,Mexico
940,Lois,Flores,lfloresq3@shop-pro.jp,Female,United States
941,Kathleen,Austin,kaustinq4@virginia.edu,Female,Mexico
942,Jacqueline,Patterson,jpattersonq5@themeforest.net,Female,Canada
943,Teresa,Ramos,,Female,United States
944,Roy,Morales,rmoralesq7@a8.net,Male,United States
945,Katherine,Jenkins,kjenkinsq8@nbcnews.com,Female,United States
946,Diane,Schmidt,dschmidtq9@ebay.co.uk,Female,Mexico
947,Sean,Turner,sturnerqa@comsenz.com,Male,Canada
948,Todd,Day,tdayqb@reuters.com,Male,Canada
949,James,Wallace,jwallaceqc@google.ru,Male,United States
950,Kevin,Perry,kperryqd@eventbrite.com,Male,United States
951,Philip,Banks,pbanksqe@google.co.uk,Male,Mexico
952,Amy,Ellis,aellisqf@wix.com,Female,United States
953,Amy,Stone,,Female,Canada
954,Amanda,Sanders,asandersqh@boston.com,Female,United States
955,Gerald,Jones,,Male,United States
956,Maria,Carroll,mcarrollqj@newsvine.com,Female,Canada
957,Ruby,Castillo,rcastilloqk@webs.com,Female,United States
958,Tammy,Stone,tstoneql@soup.io,Female,United States
959,Ruth,Jacobs,rjacobsqm@cnn.com,Female,Canada
960,Denise,Sims,dsimsqn@springer.com,Female,United States
961,Eric,Cole,,Male,United States
962,Cynthia,Walker,cwalkerqp@mozilla.com,Female,Canada
963,Ronald,Greene,rgreeneqq@fotki.com,Male,United States
964,Paul,Barnes,pbarnesqr@nyu.edu,Male,United States
965,Nancy,Gonzalez,ngonzalezqs@tripadvisor.com,Female,United States
966,Antonio,Mccoy,,Male,Mexico
967,Patrick,Hill,phillqu@adobe.com,Male,Mexico
968,Frances,James,fjamesqv@networkadvertising.org,Female,Canada
969,Brenda,Jenkins,bjenkinsqw@youtube.com,Female,United States
970,Dennis,Henderson,dhendersonqx@rakuten.co.jp,Male,Mexico
971,Lois,Hanson,lhansonqy@drupal.org,Female,United States
972,Beverly,Bryant,bbryantqz@flickr.com,Female,Mexico
973,Ruth,Simpson,rsimpsonr0@smugmug.com,Female,United States
974,Lillian,Burton,lburtonr1@hexun.com,Female,United States
975,James,Gilbert,jgilbertr2@comsenz.com,Male,United States
976,Stephen,Robinson,srobinsonr3@opensource.org,Male,United States
977,Margaret,Hudson,mhudsonr4@pagesperso-orange.fr,Female,United States
978,Robin,Little,rlittler5@java.com,Female,Canada
979,Teresa,Ortiz,,Female,United States
980,Adam,Moore,amoorer7@statcounter.com,Male,Mexico
981,Shawn,Watson,swatsonr8@slideshare.net,Male,United States
982,Bonnie,Shaw,bshawr9@yolasite.com,Female,United States
983,Jonathan,Morales,jmoralesra@altervista.org,Male,United States
984,Jane,Fisher,jfisherrb@yale.edu,Female,Canada
985,Ernest,Hayes,ehayesrc@home.pl,Male,United States
986,Victor,Gutierrez,vgutierrezrd@creativecommons.org,Male,United States
987,Victor,Snyder,vsnyderre@furl.net,Male,Mexico
988,Judith,Cox,jcoxrf@intel.com,Female,Mexico
989,Annie,Mendoza,amendozarg@seattletimes.com,Female,Canada
990,Diana,Moore,dmoorerh@themeforest.net,Female,Mexico
991,Jeremy,Fields,jfieldsri@imageshack.us,Male,Mexico
992,Louise,Stewart,,Female,United States
993,Eric,Burton,eburtonrk@dagondesign.com,Male,Canada
994,Louis,Johnson,ljohnsonrl@cisco.com,Male,Canada
995,Denise,Ross,drossrm@linkedin.com,Female,United States
996,Bruce,Austin,baustinrn@symantec.com,Male,Mexico
997,Christina,Dixon,cdixonro@usa.gov,Female,United States
998,Gerald,Reed,greedrp@washington.edu,Male,Mexico
999,Alice,Peterson,apetersonrq@cargocollective.com,Female,United States
1000,Emily,Howell,ehowellrr@tuttocitta.it,Female,Mexico
