id,first_name,last_name,email,gender,country
1,Sandra,Black,sblack0@nasa.gov,Female,Mexico
2,Doris,Watson,dwatson1@biblegateway.com,Female,Canada
3,Brenda,Mccoy,bmccoy2@mail.ru,Female,Canada
4,Michael,Hart,mhart3@jigsy.com,Male,United States
5,Todd,Hicks,,Male,Mexico
6,Ruth,Wright,rwright5@surveymonkey.com,Female,Mexico
7,Nancy,Long,nlong6@narod.ru,Female,Canada
8,John,Reed,jreed7@bigcartel.com,Male,United States
9,Martha,Washington,mwashington8@psu.edu,Female,United States
10,Keith,Hayes,khayes9@xrea.com,Male,Canada
11,Sarah,Howard,showarda@goo.ne.jp,Female,United States
12,Alan,Cook,acookb@arizona.edu,Male,United States
13,Joseph,Lee,jleec@sphinn.com,Male,Canada
14,Bobby,Martinez,bmartinezd@about.me,Male,United States
15,Henry,Graham,hgrahame@wsj.com,Male,United States
16,Larry,Rogers,lrogersf@privacy.gov.au,Male,Canada
17,Timothy,Wood,twoodg@histats.com,Male,United States
18,Juan,Washington,jwashingtonh@npr.org,Male,Canada
19,Julie,Cruz,jcruzi@prweb.com,Female,United States
20,Ruby,Garrett,rgarrettj@51.la,Female,United States
21,Roger,Harris,rharrisk@rediff.com,Male,United States
22,Edward,Robinson,erobinsonl@dedecms.com,Male,United States
23,Amanda,Lewis,alewism@hatena.ne.jp,Female,Mexico
24,Peter,Hernandez,,Male,Canada
25,Donald,Morrison,,Male,United States
26,Mark,Welch,,Male,Canada
27,Alan,Hawkins,ahawkinsq@cam.ac.uk,Male,Mexico
28,Amy,Stephens,,Female,Canada
29,Angela,Knight,aknights@godaddy.com,Female,United States
30,Christopher,Lynch,clyncht@github.com,Male,Canada
31,Melissa,George,mgeorgeu@indiegogo.com,Female,United States
32,Rachel,Mcdonald,rmcdonaldv@wikimedia.org,Female,United States
33,Norma,Freeman,nfreemanw@sogou.com,Female,United States
34,Louis,Harrison,lharrisonx@addthis.com,Male,Canada
35,Victor,King,vkingy@webmd.com,Male,United States
36,Sean,Collins,scollinsz@mediafire.com,Male,United States
37,Evelyn,Schmidt,eschmidt10@etsy.com,Female,United States
38,Robert,Hanson,rhanson11@facebook.com,Male,Canada
39,Joe,Garza,jgarza12@devhub.com,Male,Mexico
40,Fred,Bradley,fbradley13@storify.com,Male,Mexico
41,Larry,Day,lday14@netscape.com,Male,Canada
42,Carl,Stanley,cstanley15@mozilla.org,Male,United States
43,Anna,Howell,ahowell16@noaa.gov,Female,United States
44,Amy,Bell,abell17@census.gov,Female,United States
45,Stephen,Harvey,sharvey18@utexas.edu,Male,Canada
46,Roy,Hudson,rhudson19@census.gov,Male,Mexico
47,Harold,Vasquez,hvasquez1a@amazon.co.jp,Male,United States
48,Debra,Arnold,darnold1b@irs.gov,Female,United States
49,Joan,West,jwest1c@nasa.gov,Female,United States
50,Joyce,Jones,jjones1d@ucla.edu,Female,United States
51,Rose,Weaver,rweaver1e@latimes.com,Female,United States
52,Peter,Brooks,pbrooks1f@people.com.cn,Male,Mexico
53,George,Mason,gmason1g@jigsy.com,Male,United States
54,Jose,Ross,jross1h@reverbnation.com,Male,Mexico
55,Sara,Alvarez,,Female,Mexico
56,Thomas,Crawford,tcrawford1j@typepad.com,Male,United States
57,Louis,Phillips,lphillips1k@google.de,Male,United States
58,Jacqueline,Harper,jharper1l@i2i.jp,Female,United States
59,Phyllis,Jones,pjones1m@utexas.edu,Female,United States
60,Anna,Thomas,athomas1n@nydailynews.com,Female,United States
61,Nicole,Hunter,nhunter1o@sciencedaily.com,Female,Mexico
62,Norma,Peters,npeters1p@webs.com,Female,United States
63,Matthew,Fox,mfox1q@edublogs.org,Male,United States
64,Aaron,Lewis,alewis1r@chron.com,Male,Canada
65,Justin,Wagner,jwagner1s@sun.com,Male,Canada
66,Maria,Brooks,mbrooks1t@salon.com,Female,Canada
67,Jeremy,Vasquez,jvasquez1u@admin.ch,Male,United States
68,John,Owens,jowens1v@scientificamerican.com,Male,United States
69,Rachel,Stewart,rstewart1w@oracle.com,Female,United States
70,Samuel,Wilson,swilson1x@about.me,Male,Canada
71,Victor,Scott,vscott1y@vistaprint.com,Male,Canada
72,Sharon,Brown,sbrown1z@apple.com,Female,Canada
73,Lisa,Burns,lburns20@desdev.cn,Female,United States
74,Shirley,Ruiz,sruiz21@jimdo.com,Female,Mexico
75,Peter,Martinez,pmartinez22@wired.com,Male,Canada
76,Judy,Morgan,jmorgan23@hao123.com,Female,United States
77,Jonathan,Harper,jharper24@ft.com,Male,Canada
78,Walter,Harvey,wharvey25@toplist.cz,Male,Canada
79,Karen,Williamson,kwilliamson26@cpanel.net,Female,Mexico
80,Kelly,Welch,kwelch27@ucsd.edu,Female,Canada
81,Jennifer,Roberts,jroberts28@ucla.edu,Female,United States
82,Lois,Gray,lgray29@yolasite.com,Female,Mexico
83,Bruce,Hunt,bhunt2a@google.com.br,Male,Canada
84,Ernest,Hall,ehall2b@angelfire.com,Male,United States
85,Craig,Mccoy,cmccoy2c@dropbox.com,Male,United States
86,Nicholas,Andrews,nandrews2d@oracle.com,Male,Mexico
87,Russell,Pierce,rpierce2e@accuweather.com,Male,Canada
88,Anthony,Bailey,abailey2f@globo.com,Male,United States
89,Tina,Burns,tburns2g@tamu.edu,Female,United States
90,Edward,Burton,eburton2h@bigcartel.com,Male,Canada
91,Shawn,Snyder,ssnyder2i@google.es,Male,Mexico
92,Joshua,Castillo,jcastillo2j@ed.gov,Male,Canada
93,Joyce,Sims,jsims2k@europa.eu,Female,Canada
94,Earl,Henderson,ehenderson2l@themeforest.net,Male,United States
95,Heather,Hughes,,Female,Canada
96,Bonnie,Long,blong2n@addtoany.com,Female,United States
97,Kathy,Parker,kparker2o@hugedomains.com,Female,Canada
98,Mary,Freeman,mfreeman2p@furl.net,Female,United States
99,Aaron,Hill,ahill2q@amazonaws.com,Male,Canada
100,Richard,Garrett,rgarrett2r@yellowpages.com,Male,Mexico
101,Ryan,Reid,rreid2s@stumbleupon.com,Male,Mexico
102,Donald,Hansen,dhansen2t@amazon.co.jp,Male,Canada
103,Peter,Kelley,pkelley2u@google.es,Male,Canada
104,Rachel,Hernandez,rhernandez2v@squarespace.com,Female,Canada
105,Joshua,Ellis,jellis2w@facebook.com,Male,Mexico
106,Virginia,Brown,,Female,United States
107,Kathryn,Rogers,krogers2y@sitemeter.com,Female,United States
108,Ruth,Olson,rolson2z@opensource.org,Female,United States
109,Eric,Lee,elee30@ebay.com,Male,United States
110,Stephen,Romero,sromero31@sina.com.cn,Male,United States
111,Frances,Campbell,fcampbell32@blog.com,Female,Canada
112,Ralph,Walker,rwalker33@about.me,Male,Mexico
113,Joseph,Moore,jmoore34@yelp.com,Male,United States
114,Ernest,Watkins,ewatkins35@google.com.au,Male,United States
115,Aaron,Morrison,amorrison36@patch.com,Male,Mexico
116,Jacqueline,Brooks,jbrooks37@arstechnica.com,Female,United States
117,Adam,Griffin,agriffin38@patch.com,Male,United States
118,Douglas,Nguyen,dnguyen39@patch.com,Male,Mexico
119,Donna,Wheeler,dwheeler3a@sohu.com,Female,Mexico
120,Lois,Burns,lburns3b@plala.or.jp,Female,United States
121,Rose,Cole,rcole3c@sakura.ne.jp,Female,United States
122,Michelle,Green,mgreen3d@soup.io,Female,United States
123,Bonnie,Owens,bowens3e@indiegogo.com,Female,United States
124,Melissa,Fuller,mfuller3f@alibaba.com,Female,United States
125,Timothy,Larson,tlarson3g@webeden.co.uk,Male,United States
126,Nicholas,Lopez,nlopez3h@dailymotion.com,Male,Mexico
127,Matthew,Fowler,mfowler3i@berkeley.edu,Male,United States
128,Bonnie,Walker,bwalker3j@telegraph.co.uk,Female,Canada
129,Steve,Woods,swoods3k@yelp.com,Male,Canada
130,Joe,Henry,jhenry3l@privacy.gov.au,Male,Mexico
131,Martha,Chavez,mchavez3m@clickbank.net,Female,Mexico
132,Gloria,Hunt,ghunt3n@merriam-webster.com,Female,Mexico
133,Thomas,Castillo,tcastillo3o@com.com,Male,Mexico
134,William,Elliott,welliott3p@bloomberg.com,Male,Canada
135,Judith,Chavez,jchavez3q@omniture.com,Female,United States
136,Kelly,Green,kgreen3r@china.com.cn,Female,Canada
137,Aaron,Hayes,ahayes3s@wiley.com,Male,Mexico
138,Scott,Little,slittle3t@smh.com.au,Male,Mexico
139,Nicholas,Greene,ngreene3u@shinystat.com,Male,United States
140,Joe,Clark,jclark3v@wix.com,Male,Mexico
141,Linda,Cooper,lcooper3w@rambler.ru,Female,Mexico
142,Cheryl,Hunt,chunt3x@springer.com,Female,Canada
143,Phyllis,Harrison,pharrison3y@devhub.com,Female,Mexico
144,Terry,Freeman,tfreeman3z@nbcnews.com,Male,Canada
145,Jonathan,Wright,jwright40@ocn.ne.jp,Male,United States
146,Marilyn,Daniels,mdaniels41@moonfruit.com,Female,Mexico
147,Thomas,Elliott,telliott42@redcross.org,Male,United States
148,Earl,Hanson,ehanson43@woothemes.com,Male,Mexico
149,Victor,Banks,vbanks44@google.co.jp,Male,United States
150,Sarah,Olson,solson45@de.vu,Female,United States
151,Philip,Wood,pwood46@mail.ru,Male,Mexico
152,Beverly,Montgomery,bmontgomery47@ameblo.jp,Female,Canada
153,Michelle,Stanley,mstanley48@tuttocitta.it,Female,Canada
154,Jack,Cunningham,jcunningham49@ycombinator.com,Male,United States
155,Jeremy,Hunt,jhunt4a@yahoo.com,Male,United States
156,Jose,Carroll,jcarroll4b@chronoengine.com,Male,Mexico
157,Joshua,Burton,jburton4c@paypal.com,Male,United States
158,Marie,Hunt,mhunt4d@cdc.gov,Female,United States
159,Steve,Nguyen,snguyen4e@ezinearticles.com,Male,United States
160,Joseph,Powell,jpowell4f@joomla.org,Male,Canada
161,Donald,Nichols,dnichols4g@google.com.hk,Male,United States
162,Ryan,Jordan,rjordan4h@quantcast.com,Male,United States
163,Shawn,Brown,sbrown4i@cnbc.com,Male,United States
164,Chris,Castillo,ccastillo4j@yellowpages.com,Male,United States
165,Dorothy,Morgan,dmorgan4k@sciencedaily.com,Female,Mexico
166,Joan,Bishop,jbishop4l@europa.eu,Female,Mexico
167,Keith,Hayes,khayes4m@bravesites.com,Male,United States
168,Terry,Walker,twalker4n@vkontakte.ru,Male,Mexico
169,Marie,Frazier,mfrazier4o@exblog.jp,Female,United States
170,Louis,Rice,lrice4p@archive.org,Male,United States
171,Kelly,Garza,kgarza4q@miitbeian.gov.cn,Female,Mexico
172,Donna,Gutierrez,dgutierrez4r@washingtonpost.com,Female,Canada
173,Julia,Jenkins,jjenkins4s@chron.com,Female,Canada
174,Charles,Graham,cgraham4t@webs.com,Male,United States
175,Martha,Day,mday4u@pbs.org,Female,United States
176,Frances,Carroll,fcarroll4v@tmall.com,Female,Canada
177,Norma,Castillo,ncastillo4w@oakley.com,Female,United States
178,Lisa,George,lgeorge4x@china.com.cn,Female,United States
179,Lisa,Russell,lrussell4y@discovery.com,Female,Canada
180,Kevin,Gray,kgray4z@vinaora.com,Male,United States
181,Ronald,Coleman,rcoleman50@gravatar.com,Male,United States
182,Dorothy,Fisher,dfisher51@marriott.com,Female,United States
183,Daniel,Olson,dolson52@gravatar.com,Male,Mexico
184,Gloria,Moore,gmoore53@gizmodo.com,Female,Canada
185,Kenneth,Reynolds,kreynolds54@sogou.com,Male,United States
186,Christopher,Payne,cpayne55@reverbnation.com,Male,Canada
187,Jesse,Watkins,jwatkins56@ucoz.ru,Male,Canada
188,Walter,Fowler,wfowler57@ibm.com,Male,Canada
189,Timothy,Morris,tmorris58@domainmarket.com,Male,Canada
190,Jonathan,Davis,jdavis59@wsj.com,Male,United States
191,Brian,Crawford,bcrawford5a@chicagotribune.com,Male,United States
192,Jose,Wright,jwright5b@webmd.com,Male,United States
193,Jerry,Flores,jflores5c@slate.com,Male,United States
194,John,Crawford,jcrawford5d@forbes.com,Male,Mexico
195,Joe,Chapman,jchapman5e@multiply.com,Male,United States
196,Helen,Watkins,hwatkins5f@51.la,Female,United States
197,Ruby,Black,,Female,United States
198,Andrea,George,ageorge5h@sogou.com,Female,United States
199,Ryan,Thompson,rthompson5i@skyrock.com,Male,Mexico
200,Amanda,Kennedy,akennedy5j@elpais.com,Female,United States
201,Jane,Fisher,jfisher5k@seattletimes.com,Female,United States
202,Donna,Fuller,dfuller5l@shareasale.com,Female,Canada
203,Terry,Long,tlong5m@github.io,Male,United States
204,Catherine,Graham,cgraham5n@people.com.cn,Female,Canada
205,Stephanie,Gordon,sgordon5o@artisteer.com,Female,United States
206,Randy,Fernandez,,Male,Canada
207,Ryan,Mccoy,rmccoy5q@apple.com,Male,Mexico
208,Paula,Montgomery,pmontgomery5r@japanpost.jp,Female,United States
209,Joseph,Ramos,jramos5s@indiegogo.com,Male,United States
210,Cheryl,Larson,clarson5t@samsung.com,Female,Mexico
211,Virginia,Henry,vhenry5u@cnbc.com,Female,United States
212,Shawn,Phillips,sphillips5v@paypal.com,Male,United States
213,Theresa,Smith,tsmith5w@skype.com,Female,United States
214,Phyllis,Reid,preid5x@tinyurl.com,Female,Mexico
215,Linda,Anderson,landerson5y@lycos.com,Female,Canada
216,Shirley,Henderson,shenderson5z@lycos.com,Female,Mexico
217,Joshua,Moreno,jmoreno60@nhs.uk,Male,United States
218,Steven,Ramos,sramos61@google.cn,Male,Mexico
219,Mark,Long,mlong62@tripadvisor.com,Male,United States
220,Melissa,Morris,mmorris63@google.it,Female,United States
221,Howard,White,hwhite64@hexun.com,Male,Canada
222,Johnny,Bowman,jbowman65@whitehouse.gov,Male,United States
223,James,Knight,jknight66@comsenz.com,Male,United States
224,Ryan,Romero,rromero67@youtu.be,Male,United States
225,Cynthia,Meyer,cmeyer68@instagram.com,Female,United States
226,Cheryl,Bowman,cbowman69@time.com,Female,Canada
227,Jean,Burns,jburns6a@umich.edu,Female,United States
228,Frances,Gordon,fgordon6b@canalblog.com,Female,Mexico
229,Robert,Willis,rwillis6c@tuttocitta.it,Male,Mexico
230,Eugene,Thomas,ethomas6d@earthlink.net,Male,Canada
231,Philip,Williamson,pwilliamson6e@hostgator.com,Male,Canada
232,Johnny,Gonzales,jgonzales6f@marriott.com,Male,Mexico
233,Joshua,Mason,jmason6g@geocities.com,Male,Mexico
234,Christopher,Coleman,ccoleman6h@qq.com,Male,United States
235,Benjamin,Woods,bwoods6i@infoseek.co.jp,Male,Mexico
236,Irene,Washington,iwashington6j@earthlink.net,Female,Canada
237,Linda,Grant,lgrant6k@google.de,Female,United States
238,Melissa,Hart,mhart6l@myspace.com,Female,Canada
239,Sharon,Fernandez,sfernandez6m@blogs.com,Female,United States
240,Alan,Morgan,amorgan6n@ameblo.jp,Male,United States
241,Phyllis,Fields,pfields6o@reddit.com,Female,United States
242,David,Crawford,,Male,United States
243,Stephanie,Duncan,sduncan6q@simplemachines.org,Female,Canada
244,Bruce,Reyes,breyes6r@feedburner.com,Male,Canada
245,Sharon,Cooper,scooper6s@surveymonkey.com,Female,Canada
246,Robert,Butler,,Male,Canada
247,Philip,Alvarez,palvarez6u@nationalgeographic.com,Male,Mexico
248,Benjamin,Lee,blee6v@privacy.gov.au,Male,Canada
249,Betty,Hernandez,bhernandez6w@stumbleupon.com,Female,United States
250,Tammy,Bell,tbell6x@mozilla.org,Female,Mexico
251,Aaron,Richards,arichards6y@shinystat.com,Male,Canada
252,Patricia,Weaver,pweaver6z@ihg.com,Female,Mexico
253,Jean,Murphy,jmurphy70@ihg.com,Female,United States
254,Ralph,White,rwhite71@nsw.gov.au,Male,Canada
255,Kathy,Hansen,khansen72@scientificamerican.com,Female,Canada
256,Jane,Reynolds,jreynolds73@baidu.com,Female,United States
257,Janice,Matthews,jmatthews74@ezinearticles.com,Female,Mexico
258,Martha,Henderson,mhenderson75@macromedia.com,Female,United States
259,Tammy,Simpson,tsimpson76@csmonitor.com,Female,Mexico
260,Kimberly,Warren,kwarren77@canalblog.com,Female,United States
261,Carolyn,Gutierrez,cgutierrez78@arizona.edu,Female,Canada
262,Theresa,Powell,tpowell79@newyorker.com,Female,Canada
263,Joan,Long,jlong7a@harvard.edu,Female,United States
264,Diana,Gomez,dgomez7b@mlb.com,Female,United States
265,Jennifer,Rodriguez,jrodriguez7c@yellowpages.com,Female,Mexico
266,Jean,Watkins,jwatkins7d@google.fr,Female,United States
267,Ronald,Mccoy,rmccoy7e@yellowbook.com,Male,Canada
268,Kimberly,Ross,kross7f@wikimedia.org,Female,United States
269,Sarah,Elliott,selliott7g@dailymotion.com,Female,Canada
270,Jessica,Webb,jwebb7h@networksolutions.com,Female,United States
271,Peter,Richards,prichards7i@nature.com,Male,Mexico
272,Raymond,Smith,rsmith7j@mozilla.org,Male,Canada
273,Jerry,Larson,jlarson7k@netlog.com,Male,United States
274,Bobby,Patterson,bpatterson7l@ezinearticles.com,Male,Mexico
275,Jimmy,Stephens,jstephens7m@yahoo.com,Male,Mexico
276,Lori,Ellis,lellis7n@biglobe.ne.jp,Female,Canada
277,Fred,Spencer,fspencer7o@reverbnation.com,Male,United States
278,Justin,Mendoza,jmendoza7p@apache.org,Male,Mexico
279,Sean,Wheeler,swheeler7q@samsung.com,Male,Canada
280,Kelly,Armstrong,karmstrong7r@youtube.com,Female,United States
281,Lawrence,Rivera,lrivera7s@baidu.com,Male,Mexico
282,Stephanie,Griffin,sgriffin7t@answers.com,Female,Mexico
283,Virginia,Richards,vrichards7u@hud.gov,Female,United States
284,Clarence,Owens,cowens7v@skyrock.com,Male,United States
285,Aaron,Hansen,ahansen7w@huffingtonpost.com,Male,Mexico
286,Ann,Henderson,ahenderson7x@nytimes.com,Female,Mexico
287,Randy,Carr,rcarr7y@yandex.ru,Male,Mexico
288,Thomas,Fisher,tfisher7z@discovery.com,Male,Mexico
289,Laura,Torres,ltorres80@technorati.com,Female,Canada
290,Emily,Carpenter,ecarpenter81@ca.gov,Female,Mexico
291,Bruce,Jenkins,bjenkins82@people.com.cn,Male,United States
292,Evelyn,Cole,ecole83@springer.com,Female,United States
293,Benjamin,Davis,bdavis84@unc.edu,Male,Mexico
294,Heather,Lee,hlee85@artisteer.com,Female,United States
295,Gary,Porter,gporter86@usda.gov,Male,Canada
296,Kevin,Gomez,kgomez87@qq.com,Male,United States
297,Gary,Matthews,gmatthews88@wix.com,Male,Canada
298,Kelly,Bryant,kbryant89@illinois.edu,Female,United States
299,Craig,Harris,charris8a@lulu.com,Male,Canada
300,Chris,Morgan,cmorgan8b@google.nl,Male,United States
301,Randy,Ward,rward8c@slideshare.net,Male,Mexico
302,Ronald,Ferguson,rferguson8d@macromedia.com,Male,Mexico
303,Christine,Patterson,cpatterson8e@behance.net,Female,United States
304,Ann,Armstrong,aarmstrong8f@earthlink.net,Female,United States
305,Justin,White,jwhite8g@nps.gov,Male,Canada
306,Virginia,Jackson,vjackson8h@google.cn,Female,United States
307,Justin,Wallace,jwallace8i@europa.eu,Male,Mexico
308,Stephen,Hunter,shunter8j@nytimes.com,Male,United States
309,Susan,Reyes,sreyes8k@hao123.com,Female,Canada
310,Brian,Freeman,bfreeman8l@disqus.com,Male,Canada
311,Thomas,Cruz,tcruz8m@alexa.com,Male,United States
312,Walter,Kim,wkim8n@google.co.jp,Male,Mexico
313,James,Franklin,jfranklin8o@gov.uk,Male,United States
314,Billy,Henderson,bhenderson8p@harvard.edu,Male,Canada
315,Doris,Bradley,dbradley8q@instagram.com,Female,United States
316,Clarence,Mendoza,cmendoza8r@twitpic.com,Male,United States
317,Annie,Ross,aross8s@mtv.com,Female,Mexico
318,Teresa,Fuller,tfuller8t@arizona.edu,Female,United States
319,Lillian,Rivera,lrivera8u@nymag.com,Female,United States
320,Christina,Little,clittle8v@cnet.com,Female,Canada
321,Clarence,Willis,cwillis8w@un.org,Male,United States
322,Arthur,Day,aday8x@sogou.com,Male,United States
323,Kimberly,Sullivan,ksullivan8y@upenn.edu,Female,United States
324,Phyllis,Vasquez,pvasquez8z@squidoo.com,Female,Mexico
325,James,Garcia,jgarcia90@wired.com,Male,Canada
326,Willie,Sims,wsims91@nhs.uk,Male,United States
327,Judith,Austin,jaustin92@skyrock.com,Female,United States
328,Gary,Fisher,gfisher93@weather.com,Male,United States
329,Shirley,Warren,swarren94@webnode.com,Female,Canada
330,David,Dunn,ddunn95@mayoclinic.com,Male,Canada
331,Donna,Collins,dcollins96@cnet.com,Female,United States
332,Willie,Stewart,wstewart97@opera.com,Male,United States
333,Jean,Ruiz,jruiz98@parallels.com,Female,United States
334,Jose,Kennedy,,Male,United States
335,Susan,Duncan,sduncan9a@geocities.jp,Female,United States
336,Roy,Diaz,rdiaz9b@unc.edu,Male,Canada
337,Martha,Peterson,mpeterson9c@topsy.com,Female,Canada
338,Jerry,Berry,jberry9d@wix.com,Male,Canada
339,Larry,Robertson,lrobertson9e@nasa.gov,Male,United States
340,Andrea,Gilbert,agilbert9f@hexun.com,Female,Mexico
341,Mildred,Barnes,mbarnes9g@google.com.au,Female,Canada
342,Patricia,Watkins,pwatkins9h@csmonitor.com,Female,Canada
343,Kathleen,Bishop,kbishop9i@seattletimes.com,Female,Canada
344,Betty,Hernandez,bhernandez9j@livejournal.com,Female,Canada
345,Angela,Price,aprice9k@amazon.co.uk,Female,United States
346,Brandon,Harper,bharper9l@soundcloud.com,Male,United States
347,Johnny,Scott,jscott9m@tumblr.com,Male,United States
348,Lawrence,Carpenter,,Male,United States
349,Jennifer,Perkins,jperkins9o@cnet.com,Female,United States
350,Robin,James,rjames9p@nasa.gov,Female,United States
351,Sandra,Gonzalez,sgonzalez9q@java.com,Female,Mexico
352,Mark,Dixon,mdixon9r@feedburner.com,Male,United States
353,Sharon,Holmes,sholmes9s@narod.ru,Female,Mexico
354,Shawn,Warren,swarren9t@xing.com,Male,Canada
355,Julie,Kelly,jkelly9u@earthlink.net,Female,United States
356,Carl,Foster,cfoster9v@chron.com,Male,Canada
357,Norma,Peterson,npeterson9w@businessweek.com,Female,Canada
358,Kevin,Cole,kcole9x@mozilla.com,Male,United States
359,Jonathan,Jenkins,jjenkins9y@wix.com,Male,Mexico
360,Todd,Perez,,Male,United States
361,Jennifer,Garza,jgarzaa0@umn.edu,Female,Mexico
362,Sandra,Hughes,shughesa1@ucla.edu,Female,United States
363,Mark,Hill,mhilla2@ed.gov,Male,Mexico
364,Virginia,Sanchez,vsancheza3@shop-pro.jp,Female,United States
365,Martha,Gilbert,mgilberta4@forbes.com,Female,United States
366,Sara,King,skinga5@diigo.com,Female,Canada
367,Kathy,Freeman,kfreemana6@boston.com,Female,Mexico
368,Carlos,Thompson,cthompsona7@vinaora.com,Male,Mexico
369,Mary,Hunt,mhunta8@taobao.com,Female,United States
370,Lawrence,Jordan,ljordana9@unblog.fr,Male,United States
371,Jacqueline,Montgomery,jmontgomeryaa@tamu.edu,Female,Mexico
372,Norma,Jackson,njacksonab@wired.com,Female,Canada
373,Keith,Graham,kgrahamac@ucsd.edu,Male,Mexico
374,Eric,Hicks,ehicksad@studiopress.com,Male,Mexico
375,Todd,Warren,twarrenae@pinterest.com,Male,United States
376,Eric,Moreno,emorenoaf@unblog.fr,Male,United States
377,Patrick,Perkins,pperkinsag@globo.com,Male,Mexico
378,Janice,Gonzalez,jgonzalezah@wikia.com,Female,United States
379,Brenda,Morris,bmorrisai@who.int,Female,Canada
380,Paula,Jackson,pjacksonaj@ycombinator.com,Female,United States
381,Kathryn,Smith,ksmithak@scribd.com,Female,Mexico
382,Debra,Boyd,dboydal@simplemachines.org,Female,United States
383,Sean,Nguyen,snguyenam@youku.com,Male,United States
384,Annie,Rivera,ariveraan@twitpic.com,Female,Mexico
385,Eugene,Carroll,ecarrollao@delicious.com,Male,United States
386,Cheryl,Morrison,cmorrisonap@geocities.com,Female,Mexico
387,Roy,Adams,radamsaq@netvibes.com,Male,Canada
388,Russell,Morris,rmorrisar@goo.gl,Male,Canada
389,Chris,Nichols,cnicholsas@cnbc.com,Male,Mexico
390,William,Russell,wrussellat@ow.ly,Male,United States
391,Carlos,Nguyen,cnguyenau@ezinearticles.com,Male,Canada
392,Willie,Hall,whallav@ow.ly,Male,Mexico
393,Christopher,Gutierrez,cgutierrezaw@hhs.gov,Male,Canada
394,Sandra,Henderson,shendersonax@naver.com,Female,Mexico
395,Lois,Boyd,lboyday@independent.co.uk,Female,Canada
396,Larry,Cook,lcookaz@mtv.com,Male,Canada
397,Kathryn,Hansen,khansenb0@hibu.com,Female,Canada
398,Marie,Davis,,Female,Mexico
399,Louise,Montgomery,lmontgomeryb2@multiply.com,Female,United States
400,Elizabeth,Greene,,Female,Mexico
401,Kathleen,Graham,kgrahamb4@unc.edu,Female,Canada
402,Jean,Williams,jwilliamsb5@google.com.au,Female,United States
403,Ann,Fuller,afullerb6@dropbox.com,Female,Mexico
404,Gerald,Fields,gfieldsb7@homestead.com,Male,United States
405,Brian,Hayes,bhayesb8@biglobe.ne.jp,Male,United States
406,Beverly,Spencer,bspencerb9@com.com,Female,United States
407,Dorothy,Kelly,dkellyba@github.com,Female,United States
408,Theresa,Black,tblackbb@dailymail.co.uk,Female,United States
409,Rebecca,Harris,rharrisbc@bloglovin.com,Female,United States
410,Louis,Crawford,lcrawfordbd@eepurl.com,Male,United States
411,Charles,Evans,cevansbe@mysql.com,Male,United States
412,Jason,Ford,jfordbf@tripadvisor.com,Male,United States
413,Lawrence,Garcia,lgarciabg@opensource.org,Male,United States
414,George,Evans,gevansbh@dailymail.co.uk,Male,Canada
415,Scott,Thompson,sthompsonbi@prlog.org,Male,Mexico
416,Cynthia,Butler,,Female,Canada
417,Dorothy,Myers,dmyersbk@mail.ru,Female,United States
418,Lisa,Freeman,lfreemanbl@ifeng.com,Female,Mexico
419,Diana,Crawford,dcrawfordbm@constantcontact.com,Female,United States
420,Carlos,Wallace,cwallacebn@bloglines.com,Male,Canada
421,Jack,Freeman,jfreemanbo@patch.com,Male,United States
422,Larry,Peters,lpetersbp@usatoday.com,Male,Canada
423,Katherine,Simpson,ksimpsonbq@vinaora.com,Female,Mexico
424,Roy,Ford,rfordbr@qq.com,Male,Canada
425,Debra,Sims,,Female,Mexico
426,Adam,Castillo,acastillobt@webnode.com,Male,United States
427,Dennis,Henderson,dhendersonbu@cloudflare.com,Male,United States
428,Jack,Peters,jpetersbv@angelfire.com,Male,Canada
429,Chris,Rice,cricebw@who.int,Male,United States
430,Christina,Lopez,clopezbx@privacy.gov.au,Female,Mexico
431,Alice,Hawkins,ahawkinsby@facebook.com,Female,United States
432,Margaret,Hanson,,Female,United States
433,Beverly,Fields,bfieldsc0@wordpress.com,Female,United States
434,Annie,Matthews,amatthewsc1@ocn.ne.jp,Female,United States
435,Doris,Mccoy,dmccoyc2@baidu.com,Female,United States
436,Virginia,Coleman,vcolemanc3@amazonaws.com,Female,Canada
437,Paula,Rose,prosec4@cisco.com,Female,Canada
438,Anna,Day,adayc5@discuz.net,Female,United States
439,Karen,Griffin,kgriffinc6@paginegialle.it,Female,United States
440,Jack,Burton,jburtonc7@cyberchimps.com,Male,Canada
441,Laura,Mcdonald,lmcdonaldc8@bigcartel.com,Female,Mexico
442,Justin,Cole,jcolec9@sogou.com,Male,Mexico
443,Anna,Ramos,aramosca@tmall.com,Female,United States
444,Fred,Reynolds,freynoldscb@shinystat.com,Male,Mexico
445,Anna,Brooks,abrookscc@oaic.gov.au,Female,United States
446,Catherine,Hunter,chuntercd@ow.ly,Female,United States
447,Karen,Jones,kjonesce@ed.gov,Female,United States
448,Kevin,Ramos,kramoscf@eventbrite.com,Male,United States
449,Carl,Hunt,chuntcg@sciencedirect.com,Male,Canada
450,Maria,Taylor,mtaylorch@ezinearticles.com,Female,Canada
451,Evelyn,Fisher,efisherci@sciencedirect.com,Female,Mexico
452,Melissa,Flores,mflorescj@goo.gl,Female,United States
453,Jean,Cunningham,,Female,Mexico
454,James,Kelly,jkellycl@alexa.com,Male,Canada
455,Alice,Weaver,aweavercm@networksolutions.com,Female,United States
456,Rebecca,Jones,rjonescn@feedburner.com,Female,United States
457,Jeremy,Jordan,jjordanco@fastcompany.com,Male,Mexico
458,Peter,Nguyen,pnguyencp@dailymail.co.uk,Male,United States
459,Kathy,Davis,kdaviscq@pagesperso-orange.fr,Female,United States
460,Tina,Mendoza,tmendozacr@zimbio.com,Female,Canada
461,Doris,Mendoza,dmendozacs@va.gov,Female,United States
462,Evelyn,Weaver,eweaverct@ca.gov,Female,Mexico
463,Ruby,Fernandez,rfernandezcu@seattletimes.com,Female,Mexico
464,Ralph,Myers,rmyerscv@elpais.com,Male,Mexico
465,Joan,Carr,jcarrcw@google.com.au,Female,Mexico
466,Nicole,Knight,nknightcx@bbc.co.uk,Female,United States
467,Joyce,Clark,jclarkcy@mysql.com,Female,United States
468,Doris,Clark,dclarkcz@discovery.com,Female,United States
469,Ruby,Kelly,rkellyd0@virginia.edu,Female,Canada
470,Ann,Austin,aaustind1@japanpost.jp,Female,United States
471,Helen,Fernandez,hfernandezd2@1und1.de,Female,Mexico
472,Jean,Berry,jberryd3@fotki.com,Female,United States
473,Judy,Miller,jmillerd4@51.la,Female,Canada
474,Patrick,Ramos,pramosd5@europa.eu,Male,United States
475,Bruce,Gordon,bgordond6@redcross.org,Male,United States
476,Philip,Lawrence,,Male,United States
477,Katherine,Sims,ksimsd8@edublogs.org,Female,Mexico
478,Catherine,Frazier,cfrazierd9@shop-pro.jp,Female,United States
479,Julie,Chapman,jchapmanda@cdbaby.com,Female,United States
480,Andrew,Kelly,akellydb@meetup.com,Male,Mexico
481,Diane,Daniels,ddanielsdc@privacy.gov.au,Female,United States
482,Jack,Wilson,jwilsondd@samsung.com,Male,United States
483,Diana,Barnes,dbarnesde@zimbio.com,Female,Canada
484,Philip,Castillo,pcastillodf@purevolume.com,Male,Mexico
485,Wayne,Reyes,wreyesdg@mac.com,Male,United States
486,Carl,Matthews,cmatthewsdh@oakley.com,Male,United States
487,Melissa,Olson,molsondi@skyrock.com,Female,Canada
488,Douglas,Russell,drusselldj@github.io,Male,United States
489,Nicole,Burton,nburtondk@quantcast.com,Female,Mexico
490,Russell,Peters,rpetersdl@reddit.com,Male,United States
491,Robin,Hughes,rhughesdm@deviantart.com,Female,Canada
492,Judith,Ramos,jramosdn@ovh.net,Female,United States
493,Nicole,Frazier,nfrazierdo@fc2.com,Female,Canada
494,Ruth,Frazier,rfrazierdp@yellowpages.com,Female,United States
495,Clarence,Stewart,cstewartdq@fema.gov,Male,United States
496,Pamela,Gibson,pgibsondr@w3.org,Female,Canada
497,Scott,Adams,,Male,Canada
498,Frank,Griffin,fgriffindt@printfriendly.com,Male,United States
499,Anthony,Alvarez,,Male,United States
500,Sharon,Stanley,sstanleydv@tripod.com,Female,Mexico
501,Jacqueline,Montgomery,jmontgomerydw@blog.com,Female,United States
502,Anthony,Holmes,aholmesdx@rediff.com,Male,United States
503,Frank,Berry,fberrydy@jalbum.net,Male,United States
504,Joseph,Jacobs,jjacobsdz@chicagotribune.com,Male,Mexico
505,Eric,Brooks,ebrookse0@salon.com,Male,United States
506,Jane,Lynch,jlynche1@hexun.com,Female,Mexico
507,Stephen,Nguyen,,Male,United States
508,George,Welch,gwelche3@state.gov,Male,United States
509,Justin,Gonzalez,jgonzaleze4@washington.edu,Male,United States
510,Kathleen,White,kwhitee5@paypal.com,Female,United States
511,Janet,Ryan,jryane6@time.com,Female,Canada
512,Kathleen,Hamilton,,Female,United States
513,Christina,Griffin,cgriffine8@irs.gov,Female,Mexico
514,Irene,Gordon,igordone9@yale.edu,Female,Canada
515,Ronald,Knight,rknightea@4shared.com,Male,Mexico
516,Kimberly,Hunt,khunteb@canalblog.com,Female,United States
517,James,Mendoza,jmendozaec@goodreads.com,Male,Mexico
518,Stephen,Vasquez,svasquezed@tinyurl.com,Male,Canada
519,Andrea,Stanley,astanleyee@sfgate.com,Female,Canada
520,Dennis,Berry,dberryef@globo.com,Male,United States
521,Roger,Garrett,rgarretteg@people.com.cn,Male,United States
522,Wanda,Montgomery,,Female,United States
523,Thomas,White,twhiteei@prlog.org,Male,United States
524,Heather,Montgomery,hmontgomeryej@virginia.edu,Female,Canada
525,Rose,Mcdonald,rmcdonaldek@ucoz.ru,Female,Mexico
526,Teresa,Hanson,thansonel@ezinearticles.com,Female,Canada
527,Gregory,Bradley,gbradleyem@joomla.org,Male,Canada
528,Tina,Austin,taustinen@instagram.com,Female,Mexico
529,Christine,Lewis,clewiseo@bbb.org,Female,United States
530,Randy,Phillips,rphillipsep@nps.gov,Male,Canada
531,Emily,Mcdonald,emcdonaldeq@hexun.com,Female,United States
532,Jonathan,Dean,,Male,Mexico
533,Debra,Martinez,dmartinezes@yellowpages.com,Female,United States
534,Lori,Wright,lwrightet@google.de,Female,United States
535,Angela,George,ageorgeeu@people.com.cn,Female,United States
536,Randy,Nichols,rnicholsev@theglobeandmail.com,Male,United States
537,Sean,Harrison,sharrisonew@ox.ac.uk,Male,United States
538,Fred,Ward,fwardex@dailymail.co.uk,Male,United States
539,Ruby,Thomas,rthomasey@wufoo.com,Female,United States
540,Janice,Powell,jpowellez@mayoclinic.com,Female,United States
541,Teresa,Morgan,tmorganf0@thetimes.co.uk,Female,United States
542,Chris,Wilson,cwilsonf1@thetimes.co.uk,Male,Canada
543,Julia,Gray,jgrayf2@berkeley.edu,Female,United States
544,Douglas,Romero,dromerof3@vkontakte.ru,Male,United States
545,Louis,Carr,lcarrf4@shop-pro.jp,Male,United States
546,Walter,Day,wdayf5@flickr.com,Male,Mexico
547,Charles,Flores,cfloresf6@bing.com,Male,Canada
548,Fred,Harper,fharperf7@blogtalkradio.com,Male,United States
549,Douglas,Lee,dleef8@examiner.com,Male,Mexico
550,Henry,King,hkingf9@salon.com,Male,United States
551,Katherine,Lynch,klynchfa@paginegialle.it,Female,United States
552,Julia,Ramos,jramosfb@xing.com,Female,United States
553,Jane,Chapman,jchapmanfc@booking.com,Female,Mexico
554,Barbara,Mendoza,bmendozafd@fotki.com,Female,Mexico
555,Julie,Hanson,jhansonfe@histats.com,Female,Mexico
556,Judith,Weaver,jweaverff@edublogs.org,Female,Canada
557,Louis,Robertson,lrobertsonfg@salon.com,Male,United States
558,Randy,Cox,rcoxfh@dot.gov,Male,United States
559,Steve,Grant,sgrantfi@list-manage.com,Male,United States
560,Adam,Schmidt,aschmidtfj@ucoz.ru,Male,Mexico
561,Betty,Watkins,bwatkinsfk@phpbb.com,Female,United States
562,Gary,Hunt,ghuntfl@pagesperso-orange.fr,Male,United States
563,Andrew,West,awestfm@fda.gov,Male,Mexico
564,Joyce,Young,jyoungfn@smh.com.au,Female,Mexico
565,Jack,Garrett,jgarrettfo@meetup.com,Male,Mexico
566,Roy,Stone,rstonefp@mit.edu,Male,United States
567,Gerald,Carter,gcarterfq@hubpages.com,Male,Canada
568,Melissa,Rogers,mrogersfr@g.co,Female,Mexico
569,Ruth,Lawrence,rlawrencefs@wisc.edu,Female,United States
570,Kathleen,Johnston,kjohnstonft@eventbrite.com,Female,Canada
571,Amy,Ruiz,aruizfu@chronoengine.com,Female,Canada
572,Carlos,Pierce,cpiercefv@stanford.edu,Male,United States
573,Sharon,Hawkins,shawkinsfw@com.com,Female,United States
574,Sara,Greene,sgreenefx@w3.org,Female,Mexico
575,Fred,Gutierrez,fgutierrezfy@addtoany.com,Male,Canada
576,Judith,Fuller,jfullerfz@ed.gov,Female,United States
577,Eric,Jones,ejonesg0@studiopress.com,Male,United States
578,Martin,Jenkins,mjenkinsg1@wordpress.com,Male,United States
579,Helen,Lopez,hlopezg2@nba.com,Female,Canada
580,Donna,Reyes,dreyesg3@netvibes.com,Female,Mexico
581,Julia,Moreno,jmorenog4@apple.com,Female,Mexico
582,Lori,Scott,lscottg5@slate.com,Female,United States
583,Steve,Gonzalez,sgonzalezg6@ning.com,Male,United States
584,Howard,Scott,,Male,Canada
585,Joyce,Wagner,jwagnerg8@ask.com,Female,United States
586,Gloria,Ray,grayg9@apache.org,Female,United States
587,Gary,Sanchez,gsanchezga@census.gov,Male,United States
588,Juan,Roberts,jrobertsgb@live.com,Male,Canada
589,Lisa,Holmes,lholmesgc@google.ru,Female,Canada
590,Heather,Peterson,hpetersongd@newyorker.com,Female,Canada
591,Jennifer,Kelly,jkellyge@arizona.edu,Female,United States
592,Jennifer,Long,jlonggf@wordpress.com,Female,United States
593,Jose,Day,jdaygg@163.com,Male,United States
594,Ernest,Cole,ecolegh@seesaa.net,Male,United States
595,Virginia,Torres,,Female,Canada
596,Michelle,Butler,mbutlergj@chron.com,Female,United States
597,Amy,Adams,aadamsgk@plala.or.jp,Female,Canada
598,Marilyn,Webb,mwebbgl@oakley.com,Female,Canada
599,Tammy,Bowman,tbowmangm@ftc.gov,Female,Canada
600,Philip,Woods,,Male,United States
601,Marie,Hanson,mhansongo@woothemes.com,Female,United States
602,Joe,Ryan,jryangp@businessinsider.com,Male,Mexico
603,Wanda,Hart,whartgq@freewebs.com,Female,Canada
604,Sara,Fuller,sfullergr@ucoz.ru,Female,Canada
605,Kenneth,Knight,kknightgs@ning.com,Male,Canada
606,Melissa,Lane,mlanegt@csmonitor.com,Female,Mexico
607,Nancy,Johnston,njohnstongu@samsung.com,Female,United States
608,Robert,Cook,rcookgv@hud.gov,Male,United States
609,Julia,Miller,jmillergw@wikipedia.org,Female,United States
610,Debra,Coleman,dcolemangx@state.gov,Female,United States
611,Roy,Howard,rhowardgy@edublogs.org,Male,United States
612,Tina,Morris,tmorrisgz@squidoo.com,Female,Mexico
613,Sara,Parker,sparkerh0@howstuffworks.com,Female,Canada
614,Phyllis,Mcdonald,pmcdonaldh1@ezinearticles.com,Female,United States
615,Jessica,Anderson,jandersonh2@jigsy.com,Female,Canada
616,Patricia,Jacobs,pjacobsh3@bing.com,Female,United States
617,Chris,Thomas,cthomash4@purevolume.com,Male,Canada
618,Billy,Palmer,bpalmerh5@cbsnews.com,Male,Canada
619,Scott,Ray,srayh6@imgur.com,Male,United States
620,Rebecca,Harris,rharrish7@cdc.gov,Female,United States
621,Louis,Reyes,lreyesh8@dell.com,Male,United States
622,Phyllis,Adams,padamsh9@netscape.com,Female,Canada
623,Amanda,Phillips,aphillipsha@dailymail.co.uk,Female,Mexico
624,Doris,Sullivan,dsullivanhb@imdb.com,Female,Mexico
625,Doris,Montgomery,dmontgomeryhc@archive.org,Female,Mexico
626,Janice,Coleman,jcolemanhd@java.com,Female,Canada
627,Arthur,Dunn,adunnhe@samsung.com,Male,United States
628,Anne,Wheeler,awheelerhf@ed.gov,Female,Mexico
629,Lillian,Wood,lwoodhg@amazon.de,Female,United States
630,Andrew,Flores,afloreshh@uol.com.br,Male,United States
631,Andrea,Gutierrez,agutierrezhi@opensource.org,Female,United States
632,Scott,Payne,spaynehj@barnesandnoble.com,Male,United States
633,Alice,Rodriguez,arodriguezhk@tuttocitta.it,Female,Canada
634,Frank,Smith,fsmithhl@loc.gov,Male,Canada
635,Kathy,Webb,kwebbhm@eventbrite.com,Female,United States
636,Christopher,Weaver,cweaverhn@unesco.org,Male,Canada
637,Andrew,Gordon,agordonho@tiny.cc,Male,Canada
638,Ashley,Bryant,abryanthp@com.com,Female,United States
639,Peter,Hawkins,phawkinshq@jimdo.com,Male,United States
640,Jean,Lewis,jlewishr@technorati.com,Female,United States
641,Steve,Oliver,soliverhs@t-online.de,Male,United States
642,Theresa,Lewis,tlewisht@columbia.edu,Female,Mexico
643,Jeffrey,Morales,jmoraleshu@123-reg.co.uk,Male,Canada
644,Albert,Rodriguez,arodriguezhv@icio.us,Male,United States
645,Brenda,Greene,bgreenehw@ebay.co.uk,Female,United States
646,Clarence,Porter,cporterhx@smh.com.au,Male,United States
647,Jesse,Daniels,jdanielshy@github.io,Male,Mexico
648,Tammy,Fuller,tfullerhz@jiathis.com,Female,United States
649,Joan,Harvey,,Female,United States
650,Deborah,Fisher,dfisheri1@mtv.com,Female,United States
651,Helen,Stephens,hstephensi2@yelp.com,Female,United States
652,Chris,Hansen,chanseni3@alibaba.com,Male,United States
653,Doris,Montgomery,dmontgomeryi4@npr.org,Female,Canada
654,Joyce,Gutierrez,jgutierrezi5@sina.com.cn,Female,Mexico
655,Judith,Gordon,jgordoni6@nytimes.com,Female,United States
656,Elizabeth,Phillips,ephillipsi7@amazon.com,Female,Canada
657,Charles,Williams,cwilliamsi8@issuu.com,Male,Mexico
658,Andrew,Rogers,arogersi9@elegantthemes.com,Male,Mexico
659,Mary,Kelly,mkellyia@msn.com,Female,United States
660,Nicole,Frazier,nfrazierib@arizona.edu,Female,United States
661,Phyllis,Wright,pwrightic@webnode.com,Female,Mexico
662,Martha,Allen,mallenid@comcast.net,Female,United States
663,Tina,Wallace,twallaceie@mac.com,Female,United States
664,Nancy,Fisher,nfisherif@baidu.com,Female,Mexico
665,Ralph,Rivera,rriveraig@jigsy.com,Male,United States
666,Ronald,Bell,rbellih@edublogs.org,Male,United States
667,Betty,Stewart,,Female,Canada
668,Fred,Patterson,fpattersonij@ehow.com,Male,United States
669,Emily,Cook,ecookik@chron.com,Female,United States
670,Tammy,Payne,tpayneil@diigo.com,Female,Mexico
671,Catherine,Lawson,clawsonim@youtu.be,Female,United States
672,Jane,Watkins,jwatkinsin@mashable.com,Female,Mexico
673,Christina,Meyer,cmeyerio@prlog.org,Female,Canada
674,Janice,Cooper,jcooperip@behance.net,Female,Canada
675,Lois,Cunningham,lcunninghamiq@pcworld.com,Female,United States
676,Robin,Flores,rfloresir@paginegialle.it,Female,United States
677,Earl,Bowman,ebowmanis@simplemachines.org,Male,Mexico
678,Rose,Robertson,,Female,Canada
679,Scott,George,sgeorgeiu@go.com,Male,United States
680,Patricia,Ellis,pellisiv@umich.edu,Female,United States
681,Margaret,Fields,mfieldsiw@paypal.com,Female,Canada
682,Paula,Cook,pcookix@bloglines.com,Female,United States
683,Barbara,Phillips,bphillipsiy@sakura.ne.jp,Female,Mexico
684,Fred,Reed,freediz@hatena.ne.jp,Male,United States
685,Matthew,Kelley,mkelleyj0@umn.edu,Male,United States
686,William,Harvey,wharveyj1@unicef.org,Male,United States
687,Jennifer,Smith,jsmithj2@blinklist.com,Female,United States
688,Patrick,Gonzalez,pgonzalezj3@typepad.com,Male,Canada
689,Pamela,Myers,pmyersj4@lycos.com,Female,United States
690,Jeffrey,Cook,jcookj5@baidu.com,Male,Mexico
691,Evelyn,Alexander,ealexanderj6@loc.gov,Female,Canada
692,Marilyn,Baker,mbakerj7@ifeng.com,Female,Canada
693,Doris,Mcdonald,dmcdonaldj8@forbes.com,Female,Canada
694,Joseph,Hunter,jhunterj9@vinaora.com,Male,United States
695,Sandra,Olson,solsonja@rediff.com,Female,United States
696,Paula,Elliott,pelliottjb@google.fr,Female,Mexico
697,Cynthia,Dean,cdeanjc@theguardian.com,Female,Mexico
698,Charles,Mitchell,cmitchelljd@google.com,Male,Mexico
699,Bobby,Williamson,bwilliamsonje@soup.io,Male,United States
700,Joseph,Hill,jhilljf@shareasale.com,Male,United States
701,Joseph,Stephens,jstephensjg@flickr.com,Male,United States
702,Larry,Miller,lmillerjh@bbb.org,Male,Mexico
703,Shirley,Parker,sparkerji@unblog.fr,Female,United States
704,Stephanie,Ramos,sramosjj@house.gov,Female,United States
705,Thomas,Baker,tbakerjk@godaddy.com,Male,United States
706,Evelyn,Smith,esmithjl@fastcompany.com,Female,Mexico
707,Carl,Wood,cwoodjm@tinyurl.com,Male,United States
708,Sarah,Elliott,selliottjn@constantcontact.com,Female,Mexico
709,Phyllis,Stone,pstonejo@yandex.ru,Female,Canada
710,Shawn,King,skingjp@howstuffworks.com,Male,Mexico
711,Ryan,Johnston,rjohnstonjq@chicagotribune.com,Male,United States
712,Richard,Powell,rpowelljr@hubpages.com,Male,United States
713,Adam,Williamson,awilliamsonjs@alibaba.com,Male,Mexico
714,Jessica,Harrison,,Female,United States
715,Sharon,Long,,Female,United States
716,Irene,Peterson,ipetersonjv@webnode.com,Female,Canada
717,Brenda,Oliver,boliverjw@paginegialle.it,Female,United States
718,Lisa,Moreno,lmorenojx@example.com,Female,Canada
719,Anthony,Fields,afieldsjy@biglobe.ne.jp,Male,United States
720,Janice,Marshall,jmarshalljz@nbcnews.com,Female,United States
721,Earl,Hayes,ehayesk0@hhs.gov,Male,Mexico
722,Pamela,Baker,,Female,Canada
723,Charles,Harvey,charveyk2@toplist.cz,Male,Mexico
724,Teresa,Lynch,tlynchk3@bandcamp.com,Female,Mexico
725,Diane,Garcia,dgarciak4@prnewswire.com,Female,Canada
726,Brandon,Sanders,bsandersk5@ft.com,Male,Canada
727,Joyce,Ramirez,jramirezk6@google.co.uk,Female,United States
728,Larry,Washington,lwashingtonk7@aboutads.info,Male,United States
729,Shirley,Stanley,sstanleyk8@bloomberg.com,Female,United States
730,Sarah,Howell,showellk9@chronoengine.com,Female,United States
731,Howard,Peterson,hpetersonka@cam.ac.uk,Male,United States
732,Robert,Bishop,rbishopkb@wordpress.com,Male,United States
733,Timothy,Bradley,tbradleykc@wikipedia.org,Male,United States
734,Jerry,Edwards,jedwardskd@si.edu,Male,Mexico
735,Lois,Stephens,lstephenske@usa.gov,Female,Mexico
736,Shirley,Matthews,smatthewskf@comcast.net,Female,United States
737,Lisa,Morgan,lmorgankg@samsung.com,Female,Mexico
738,Sharon,Foster,sfosterkh@cdc.gov,Female,Mexico
739,Julia,Peterson,jpetersonki@usnews.com,Female,Canada
740,Ruth,Moreno,rmorenokj@51.la,Female,Canada
741,Ruth,Jordan,,Female,United States
742,Gregory,Ramirez,gramirezkl@altervista.org,Male,United States
743,Harold,Montgomery,hmontgomerykm@histats.com,Male,Canada
744,Benjamin,Bennett,,Male,Canada
745,Clarence,Black,cblackko@amazon.de,Male,Mexico
746,Billy,Reid,breidkp@washington.edu,Male,United States
747,Richard,Montgomery,,Male,Mexico
748,Craig,Larson,,Male,United States
749,Robert,Richardson,rrichardsonks@fotki.com,Male,Mexico
750,Debra,Martin,dmartinkt@shareasale.com,Female,Mexico
751,Kathleen,Rose,kroseku@skyrock.com,Female,United States
752,Bruce,Sanchez,bsanchezkv@bloglovin.com,Male,Canada
753,Harry,Fowler,hfowlerkw@bbb.org,Male,Canada
754,Phyllis,Kelley,pkelleykx@wired.com,Female,Mexico
755,Justin,Fernandez,jfernandezky@facebook.com,Male,United States
756,Ruby,Hamilton,rhamiltonkz@mapy.cz,Female,Mexico
757,Jennifer,Chavez,jchavezl0@addtoany.com,Female,Canada
758,Philip,Larson,plarsonl1@deliciousdays.com,Male,United States
759,Theresa,Carter,tcarterl2@qq.com,Female,United States
760,Earl,Stevens,estevensl3@wikipedia.org,Male,United States
761,Paul,Nichols,pnicholsl4@facebook.com,Male,Canada
762,Ruth,Wallace,rwallacel5@home.pl,Female,Canada
763,Todd,Wheeler,twheelerl6@webeden.co.uk,Male,Canada
764,Lawrence,Carpenter,lcarpenterl7@dailymotion.com,Male,Canada
765,Ernest,Williamson,ewilliamsonl8@flavors.me,Male,Mexico
766,Juan,Scott,jscottl9@tuttocitta.it,Male,United States
767,Amy,Powell,apowellla@arstechnica.com,Female,United States
768,Jerry,Fields,jfieldslb@hp.com,Male,United States
769,Carol,Porter,cporterlc@sogou.com,Female,Mexico
770,Diane,Williams,dwilliamsld@histats.com,Female,Canada
771,Justin,Howard,jhowardle@businesswire.com,Male,United States
772,Joyce,Ruiz,jruizlf@ebay.co.uk,Female,Canada
773,Denise,Moreno,,Female,United States
774,John,Marshall,jmarshalllh@eventbrite.com,Male,United States
775,Bruce,Rivera,briverali@facebook.com,Male,Mexico
776,Charles,Austin,caustinlj@craigslist.org,Male,Canada
777,David,Fisher,dfisherlk@irs.gov,Male,Canada
778,John,Myers,jmyersll@admin.ch,Male,United States
779,Edward,Gonzalez,egonzalezlm@ucla.edu,Male,Canada
780,Sara,Rose,sroseln@bloglines.com,Female,Canada
781,Barbara,Stone,bstonelo@squarespace.com,Female,United States
782,Maria,Grant,mgrantlp@google.nl,Female,United States
783,Benjamin,Tucker,btuckerlq@earthlink.net,Male,Canada
784,Rebecca,Graham,rgrahamlr@amazon.com,Female,Mexico
785,Carol,Carpenter,ccarpenterls@wunderground.com,Female,Mexico
786,Jack,King,jkinglt@privacy.gov.au,Male,United States
787,Raymond,Berry,rberrylu@nhs.uk,Male,Mexico
788,Joshua,Snyder,jsnyderlv@foxnews.com,Male,Mexico
789,Anne,Johnson,ajohnsonlw@digg.com,Female,Canada
790,Annie,Black,ablacklx@elegantthemes.com,Female,Canada
791,Matthew,Chavez,mchavezly@usda.gov,Male,Mexico
792,Jose,Franklin,jfranklinlz@businesswire.com,Male,United States
793,Bobby,Morales,bmoralesm0@nytimes.com,Male,Canada
794,Bobby,Harrison,bharrisonm1@merriam-webster.com,Male,Canada
795,Harold,Montgomery,hmontgomerym2@telegraph.co.uk,Male,United States
796,Anna,Webb,awebbm3@edublogs.org,Female,United States
797,Denise,Stephens,dstephensm4@google.com.hk,Female,United States
798,Steven,George,sgeorgem5@e-recht24.de,Male,United States
799,Deborah,Burton,dburtonm6@fema.gov,Female,United States
800,Eric,Woods,ewoodsm7@reverbnation.com,Male,United States
801,Carlos,Scott,cscottm8@berkeley.edu,Male,United States
802,Craig,James,cjamesm9@last.fm,Male,United States
803,Jennifer,Mcdonald,jmcdonaldma@economist.com,Female,Canada
804,Nicole,Hamilton,nhamiltonmb@mlb.com,Female,United States
805,Robin,Meyer,rmeyermc@mail.ru,Female,Canada
806,Ronald,Evans,revansmd@cnn.com,Male,United States
807,Katherine,Montgomery,,Female,United States
808,Fred,Crawford,fcrawfordmf@cbslocal.com,Male,United States
809,Catherine,Brown,cbrownmg@netscape.com,Female,Canada
810,Janice,Williamson,jwilliamsonmh@joomla.org,Female,United States
811,Earl,Burton,eburtonmi@wsj.com,Male,Mexico
812,Pamela,Warren,pwarrenmj@comcast.net,Female,United States
813,Teresa,Davis,tdavismk@kickstarter.com,Female,Canada
814,Jeffrey,Ellis,jellisml@utexas.edu,Male,United States
815,Raymond,Robertson,rrobertsonmm@meetup.com,Male,Canada
816,Sharon,Garrett,sgarrettmn@alibaba.com,Female,United States
817,Brian,Gibson,bgibsonmo@people.com.cn,Male,United States
818,Carolyn,Mccoy,cmccoymp@cbc.ca,Female,Mexico
819,Phyllis,Fowler,pfowlermq@ocn.ne.jp,Female,Canada
820,Gerald,Coleman,gcolemanmr@goo.gl,Male,Canada
821,Lillian,Williamson,lwilliamsonms@wikispaces.com,Female,United States
822,Barbara,Mccoy,bmccoymt@flickr.com,Female,United States
823,Cynthia,Tucker,ctuckermu@oracle.com,Female,Mexico
824,Ann,Mendoza,,Female,United States
825,Irene,Gomez,igomezmw@netscape.com,Female,Canada
826,Anthony,Ferguson,,Male,Mexico
827,Brian,King,bkingmy@squarespace.com,Male,United States
828,Ronald,Coleman,rcolemanmz@omniture.com,Male,United States
829,Louise,Richards,lrichardsn0@ft.com,Female,Mexico
830,Joshua,Robertson,jrobertsonn1@wunderground.com,Male,United States
831,Margaret,Burns,mburnsn2@soup.io,Female,United States
832,Richard,Wheeler,rwheelern3@ucsd.edu,Male,United States
833,Michelle,Davis,mdavisn4@exblog.jp,Female,United States
834,Barbara,Wallace,bwallacen5@seattletimes.com,Female,Mexico
835,Evelyn,Brooks,ebrooksn6@xinhuanet.com,Female,Mexico
836,Robert,Palmer,rpalmern7@senate.gov,Male,Mexico
837,Rebecca,Snyder,rsnydern8@live.com,Female,United States
838,Chris,Marshall,cmarshalln9@cmu.edu,Male,United States
839,Mark,Richardson,mrichardsonna@chicagotribune.com,Male,Canada
840,Kelly,Stone,kstonenb@csmonitor.com,Female,Canada
841,Marilyn,King,mkingnc@jiathis.com,Female,Canada
842,Patrick,James,pjamesnd@blog.com,Male,United States
843,Evelyn,Bryant,ebryantne@issuu.com,Female,United States
844,Sarah,Lane,slanenf@walmart.com,Female,United States
845,Gregory,Gardner,ggardnerng@shutterfly.com,Male,Mexico
846,Benjamin,Diaz,bdiaznh@parallels.com,Male,Canada
847,Ronald,Washington,rwashingtonni@studiopress.com,Male,United States
848,Patricia,Williams,pwilliamsnj@timesonline.co.uk,Female,Mexico
849,Sarah,Simpson,ssimpsonnk@usnews.com,Female,Canada
850,Theresa,Harris,tharrisnl@tuttocitta.it,Female,Canada
851,Paula,Watson,pwatsonnm@domainmarket.com,Female,Canada
852,Tammy,Bryant,tbryantnn@jimdo.com,Female,United States
853,Dennis,Fowler,dfowlerno@abc.net.au,Male,Mexico
854,Anthony,Adams,,Male,Canada
855,Dorothy,Smith,dsmithnq@spotify.com,Female,Mexico
856,Debra,Palmer,dpalmernr@marketwatch.com,Female,United States
857,Donna,Hamilton,dhamiltonns@japanpost.jp,Female,Canada
858,Brian,Brooks,bbrooksnt@nyu.edu,Male,Canada
859,Eugene,Romero,,Male,Canada
860,Carlos,Medina,cmedinanv@taobao.com,Male,Canada
861,Bonnie,Long,blongnw@google.ru,Female,United States
862,Harry,Henderson,hhendersonnx@shutterfly.com,Male,Canada
863,Amanda,Gomez,agomezny@nasa.gov,Female,Mexico
864,Kenneth,Garrett,kgarrettnz@dagondesign.com,Male,United States
865,Jacqueline,Crawford,jcrawfordo0@theatlantic.com,Female,United States
866,Kenneth,Stone,kstoneo1@about.me,Male,United States
867,Kimberly,Gonzalez,kgonzalezo2@ocn.ne.jp,Female,Canada
868,Johnny,Hicks,jhickso3@ed.gov,Male,United States
869,Joyce,Hernandez,jhernandezo4@bizjournals.com,Female,United States
870,Teresa,Hall,thallo5@1und1.de,Female,Canada
871,Albert,Roberts,arobertso6@goo.ne.jp,Male,Canada
872,Anna,Young,ayoungo7@indiegogo.com,Female,Canada
873,Nicole,Bennett,nbennetto8@upenn.edu,Female,United States
874,Elizabeth,Hanson,ehansono9@ed.gov,Female,United States
875,Wanda,Bishop,wbishopoa@reverbnation.com,Female,United States
876,Phyllis,Vasquez,pvasquezob@columbia.edu,Female,Mexico
877,Thomas,Mendoza,tmendozaoc@hatena.ne.jp,Male,Canada
878,Jason,Hayes,jhayesod@yahoo.co.jp,Male,Canada
879,Donna,Rivera,driveraoe@amazon.com,Female,Mexico
880,Lawrence,Matthews,lmatthewsof@yellowpages.com,Male,United States
881,Craig,Graham,cgrahamog@gnu.org,Male,United States
882,Marilyn,Rose,mroseoh@illinois.edu,Female,Canada
883,Joshua,Hicks,jhicksoi@g.co,Male,Canada
884,Edward,Parker,eparkeroj@patch.com,Male,Canada
885,Doris,Adams,dadamsok@linkedin.com,Female,Mexico
886,Albert,Hall,ahallol@icio.us,Male,Canada
887,Kathy,Hawkins,khawkinsom@ucsd.edu,Female,United States
888,Frank,Stephens,fstephenson@w3.org,Male,Mexico
889,Timothy,Freeman,tfreemanoo@blinklist.com,Male,United States
890,Kimberly,Warren,kwarrenop@moonfruit.com,Female,United States
891,Sandra,Ellis,sellisoq@1und1.de,Female,Mexico
892,Gregory,Gordon,ggordonor@discuz.net,Male,United States
893,Jerry,Johnston,jjohnstonos@archive.org,Male,Mexico
894,Christopher,Richardson,,Male,United States
895,Wanda,Wells,wwellsou@washingtonpost.com,Female,Canada
896,Tammy,Palmer,tpalmerov@cyberchimps.com,Female,United States
897,Doris,Morrison,dmorrisonow@addtoany.com,Female,Canada
898,Nicole,Kennedy,,Female,United States
899,William,Edwards,wedwardsoy@constantcontact.com,Male,Mexico
900,Louise,Gibson,lgibsonoz@skyrock.com,Female,Mexico
901,Margaret,Wallace,mwallacep0@go.com,Female,United States
902,Johnny,Hunt,jhuntp1@bizjournals.com,Male,United States
903,Stephanie,Gonzalez,sgonzalezp2@mapquest.com,Female,Canada
904,Juan,Carroll,jcarrollp3@tuttocitta.it,Male,United States
905,Ruth,Wheeler,rwheelerp4@github.io,Female,United States
906,Tammy,Price,tpricep5@nationalgeographic.com,Female,Canada
907,Maria,Gibson,mgibsonp6@google.com.br,Female,Mexico
908,Timothy,Welch,twelchp7@spotify.com,Male,Canada
909,Wanda,Coleman,wcolemanp8@washingtonpost.com,Female,Canada
910,Frank,Franklin,ffranklinp9@symantec.com,Male,United States
911,Irene,Russell,irussellpa@census.gov,Female,United States
912,Terry,Romero,tromeropb@macromedia.com,Male,United States
913,Amy,Hayes,ahayespc@cdc.gov,Female,Mexico
914,Raymond,Castillo,rcastillopd@cornell.edu,Male,Mexico
915,Tammy,Bishop,tbishoppe@istockphoto.com,Female,United States
916,Roy,Simmons,rsimmonspf@altervista.org,Male,United States
917,Gregory,Fowler,gfowlerpg@loc.gov,Male,Canada
918,Dennis,Mitchell,dmitchellph@webmd.com,Male,Canada
919,Ryan,Griffin,rgriffinpi@amazon.de,Male,Canada
920,Tammy,Lawrence,tlawrencepj@wunderground.com,Female,Canada
921,Todd,Ramos,tramospk@discuz.net,Male,Mexico
922,Stephen,Spencer,sspencerpl@webmd.com,Male,Mexico
923,Steven,Garrett,sgarrettpm@photobucket.com,Male,United States
924,Shawn,Franklin,sfranklinpn@feedburner.com,Male,United States
925,Ruth,Harris,rharrispo@ow.ly,Female,United States
926,Fred,Baker,fbakerpp@diigo.com,Male,United States
927,Nicholas,Bailey,nbaileypq@senate.gov,Male,United States
928,Albert,Ruiz,aruizpr@goo.ne.jp,Male,United States
929,John,Hall,jhallps@google.ca,Male,United States
930,Randy,Ramos,,Male,United States
931,Ruby,Ray,,Female,Mexico
932,Jose,White,jwhitepv@unc.edu,Male,United States
933,Beverly,Alvarez,balvarezpw@ft.com,Female,Canada
934,Brenda,Kennedy,bkennedypx@webs.com,Female,United States
935,Jerry,Daniels,jdanielspy@irs.gov,Male,United States
936,Nicholas,Banks,nbankspz@fc2.com,Male,United States
937,Michael,Harrison,mharrisonq0@nymag.com,Male,Mexico
938,Bruce,Stephens,bstephensq1@squarespace.com,Male,Canada
939,James,Ferguson,jfergusonq2@wikipedia.org,Male,United States
940,David,Romero,dromeroq3@ifeng.com,Male,United States
941,Charles,Greene,cgreeneq4@webs.com,Male,Canada
942,Ann,Hansen,ahansenq5@independent.co.uk,Female,United States
943,Larry,Watkins,lwatkinsq6@eepurl.com,Male,United States
944,Paula,Wallace,pwallaceq7@ted.com,Female,United States
945,Rebecca,Reynolds,rreynoldsq8@wordpress.org,Female,United States
946,Joshua,Carroll,jcarrollq9@sfgate.com,Male,United States
947,Gloria,Carpenter,gcarpenterqa@is.gd,Female,United States
948,Bonnie,White,bwhiteqb@skype.com,Female,Mexico
949,Gloria,Mcdonald,gmcdonaldqc@dagondesign.com,Female,Mexico
950,Raymond,Garrett,,Male,Canada
951,Robin,Flores,rfloresqe@aboutads.info,Female,United States
952,Raymond,Gordon,rgordonqf@biglobe.ne.jp,Male,United States
953,Gerald,Anderson,gandersonqg@chicagotribune.com,Male,United States
954,Kathy,Montgomery,,Female,United States
955,Todd,Elliott,telliottqi@technorati.com,Male,United States
956,Phillip,Mills,pmillsqj@shutterfly.com,Male,Mexico
957,Phillip,Perkins,pperkinsqk@businesswire.com,Male,United States
958,David,Stephens,dstephensql@imageshack.us,Male,Mexico
959,Todd,Cooper,tcooperqm@e-recht24.de,Male,United States
960,Raymond,King,rkingqn@topsy.com,Male,United States
961,Mary,Richardson,mrichardsonqo@liveinternet.ru,Female,Canada
962,Marie,Miller,mmillerqp@va.gov,Female,Mexico
963,Ashley,Rogers,arogersqq@bluehost.com,Female,Canada
964,Henry,Armstrong,,Male,United States
965,Doris,Carter,dcarterqs@noaa.gov,Female,Mexico
966,Phillip,Perez,pperezqt@github.io,Male,United States
967,Joyce,Watson,jwatsonqu@google.nl,Female,Mexico
968,Margaret,Powell,mpowellqv@quantcast.com,Female,Mexico
969,Barbara,Howard,bhowardqw@youtu.be,Female,Canada
970,Louise,Allen,lallenqx@pbs.org,Female,United States
971,Laura,Ross,lrossqy@senate.gov,Female,United States
972,Joan,Sullivan,jsullivanqz@timesonline.co.uk,Female,Mexico
973,Joseph,Owens,jowensr0@t.co,Male,United States
974,Robin,Sanchez,,Female,United States
975,Jesse,Banks,jbanksr2@hibu.com,Male,United States
976,Chris,Hayes,chayesr3@marketwatch.com,Male,United States
977,Gloria,Nelson,gnelsonr4@adobe.com,Female,Mexico
978,Martin,Edwards,,Male,United States
979,Ryan,Wright,rwrightr6@gmpg.org,Male,United States
980,Paula,Reed,preedr7@yandex.ru,Female,United States
981,Howard,Foster,hfosterr8@addthis.com,Male,United States
982,Dennis,Johnson,djohnsonr9@eepurl.com,Male,Mexico
983,Norma,Hamilton,nhamiltonra@cbslocal.com,Female,Canada
984,Matthew,Warren,mwarrenrb@51.la,Male,United States
985,Adam,Gonzalez,agonzalezrc@quantcast.com,Male,Canada
986,Sarah,Jacobs,sjacobsrd@google.com.br,Female,Canada
987,Louis,Wright,lwrightre@stanford.edu,Male,Mexico
988,Jimmy,West,jwestrf@wisc.edu,Male,United States
989,Julia,Matthews,jmatthewsrg@phoca.cz,Female,Mexico
990,Joseph,Fowler,jfowlerrh@weebly.com,Male,United States
991,Craig,Larson,,Male,Canada
992,Earl,Hayes,ehayesrj@java.com,Male,United States
993,Anna,Medina,amedinark@comcast.net,Female,Mexico
994,Theresa,Ruiz,truizrl@jimdo.com,Female,United States
995,Timothy,Day,tdayrm@wisc.edu,Male,Canada
996,Gerald,Grant,ggrantrn@chicagotribune.com,Male,United States
997,Angela,Carpenter,acarpenterro@nydailynews.com,Female,Canada
998,Janice,Ramos,jramosrp@webnode.com,Female,Canada
999,Brandon,Rivera,briverarq@opera.com,Male,United States
1000,Christine,Barnes,cbarnesrr@java.com,Female,Canada
