id,first_name,last_name,email,gender,country
1,Sharon,Berry,sberry0@globo.com,Female,Mexico
2,Brandon,Lawson,blawson1@arstechnica.com,Male,United States
3,Deborah,Stone,dstone2@state.tx.us,Female,United States
4,Carlos,Reid,creid3@studiopress.com,Male,United States
5,Sandra,Henry,shenry4@google.com,Female,Mexico
6,Raymond,Richards,rrichards5@github.com,Male,United States
7,Donald,Reid,dreid6@nhs.uk,Male,United States
8,Ashley,Dunn,adunn7@msn.com,Female,Mexico
9,Jimmy,Brooks,jbrooks8@ted.com,Male,United States
10,Thomas,Ortiz,tortiz9@yelp.com,Male,Canada
11,Ernest,Wright,ewrighta@gizmodo.com,Male,Canada
12,Nicholas,Gibson,ngibsonb@stanford.edu,Male,Mexico
13,Mary,Garza,mgarzac@nytimes.com,Female,United States
14,Jean,Hanson,jhansond@sfgate.com,Female,United States
15,Anna,Ferguson,afergusone@furl.net,Female,United States
16,Lois,Duncan,,Female,Mexico
17,Virginia,Kelly,vkellyg@instagram.com,Female,Mexico
18,Lisa,White,lwhiteh@last.fm,Female,United States
19,Melissa,Harris,mharrisi@merriam-webster.com,Female,United States
20,Peter,Stanley,pstanleyj@squidoo.com,Male,United States
21,Phillip,Harper,pharperk@meetup.com,Male,Mexico
22,Beverly,Stephens,bstephensl@trellian.com,Female,Mexico
23,Sharon,Harris,sharrism@ning.com,Female,Mexico
24,Janice,Lynch,jlynchn@wikia.com,Female,Mexico
25,Sandra,Daniels,sdanielso@1und1.de,Female,Mexico
26,Denise,Reed,dreedp@columbia.edu,Female,Canada
27,Nicole,Brown,nbrownq@upenn.edu,Female,Mexico
28,Joe,Fisher,jfisherr@gmpg.org,Male,Canada
29,Aaron,Little,alittles@mapy.cz,Male,United States
30,Melissa,Patterson,mpattersont@prweb.com,Female,United States
31,Keith,Henderson,khendersonu@dion.ne.jp,Male,United States
32,Denise,Hughes,dhughesv@narod.ru,Female,United States
33,Jerry,Harris,jharrisw@shutterfly.com,Male,United States
34,Harold,Ryan,hryanx@ucla.edu,Male,United States
35,Mildred,Bailey,,Female,Mexico
36,Elizabeth,Garza,egarzaz@abc.net.au,Female,United States
37,Cheryl,Roberts,croberts10@cam.ac.uk,Female,United States
38,Kevin,Coleman,kcoleman11@i2i.jp,Male,Mexico
39,Beverly,Gonzalez,,Female,Mexico
40,Walter,Garrett,wgarrett13@imageshack.us,Male,United States
41,Steve,Carr,scarr14@dagondesign.com,Male,Canada
42,Irene,Reid,ireid15@google.de,Female,Mexico
43,Beverly,Torres,btorres16@hud.gov,Female,Canada
44,David,Larson,dlarson17@google.co.jp,Male,Canada
45,William,Alexander,walexander18@multiply.com,Male,United States
46,Todd,Fernandez,tfernandez19@vkontakte.ru,Male,Mexico
47,Russell,Gonzalez,,Male,United States
48,Ruth,Day,rday1b@deviantart.com,Female,Canada
49,Jimmy,Gonzales,jgonzales1c@over-blog.com,Male,United States
50,Carl,Hawkins,chawkins1d@topsy.com,Male,United States
51,Gary,Stephens,gstephens1e@w3.org,Male,Mexico
52,Thomas,Morris,tmorris1f@lulu.com,Male,Mexico
53,Ronald,Hanson,rhanson1g@tamu.edu,Male,United States
54,Ronald,Reed,rreed1h@yahoo.co.jp,Male,United States
55,Nicholas,Peterson,npeterson1i@macromedia.com,Male,United States
56,Kimberly,Phillips,,Female,Canada
57,Dorothy,Wright,dwright1k@bravesites.com,Female,Canada
58,Louis,Mccoy,lmccoy1l@marketwatch.com,Male,Mexico
59,Dennis,Dean,ddean1m@un.org,Male,Canada
60,Chris,Gonzales,cgonzales1n@youtube.com,Male,United States
61,Joshua,Brooks,jbrooks1o@github.io,Male,Canada
62,Judith,Tucker,jtucker1p@last.fm,Female,Canada
63,Janet,Hicks,jhicks1q@house.gov,Female,United States
64,Roger,James,rjames1r@etsy.com,Male,Canada
65,Carol,Morales,cmorales1s@google.ru,Female,United States
66,Susan,Stephens,sstephens1t@nasa.gov,Female,Mexico
67,Phillip,Freeman,pfreeman1u@hugedomains.com,Male,Canada
68,Aaron,Howell,ahowell1v@so-net.ne.jp,Male,Mexico
69,Fred,Sanders,fsanders1w@boston.com,Male,United States
70,Phillip,Burke,pburke1x@nasa.gov,Male,United States
71,Linda,Gardner,lgardner1y@loc.gov,Female,Canada
72,Paula,Andrews,pandrews1z@t-online.de,Female,United States
73,Angela,Weaver,aweaver20@earthlink.net,Female,United States
74,John,Ward,jward21@ocn.ne.jp,Male,United States
75,Todd,Perez,tperez22@ovh.net,Male,United States
76,Michael,Alvarez,malvarez23@elegantthemes.com,Male,United States
77,Lawrence,Lee,llee24@marriott.com,Male,United States
78,Russell,Thompson,rthompson25@salon.com,Male,United States
79,Virginia,Ford,vford26@google.fr,Female,United States
80,Andrew,Long,along27@digg.com,Male,Canada
81,Deborah,Brooks,dbrooks28@bloglovin.com,Female,Canada
82,Doris,Phillips,dphillips29@vistaprint.com,Female,United States
83,Keith,Clark,kclark2a@cam.ac.uk,Male,United States
84,Lawrence,Davis,ldavis2b@google.co.uk,Male,United States
85,Douglas,Hanson,dhanson2c@hp.com,Male,Canada
86,Kimberly,Frazier,,Female,United States
87,Sharon,Cox,scox2e@wisc.edu,Female,Mexico
88,Scott,Parker,sparker2f@soundcloud.com,Male,United States
89,Alice,Wright,awright2g@mac.com,Female,United States
90,Albert,Boyd,aboyd2h@examiner.com,Male,Canada
91,Victor,Freeman,vfreeman2i@uol.com.br,Male,Canada
92,Tina,Rodriguez,trodriguez2j@eventbrite.com,Female,United States
93,Anna,Kelly,akelly2k@archive.org,Female,Canada
94,Peter,Edwards,pedwards2l@about.me,Male,Canada
95,Norma,Collins,ncollins2m@free.fr,Female,Canada
96,Jesse,Washington,jwashington2n@topsy.com,Male,United States
97,Mildred,Campbell,mcampbell2o@a8.net,Female,United States
98,Doris,Knight,dknight2p@blogspot.com,Female,Canada
99,Michael,Sanders,,Male,United States
100,Stephen,Hansen,,Male,Mexico
101,Jeremy,Fowler,jfowler2s@myspace.com,Male,United States
102,Earl,Lawson,elawson2t@ft.com,Male,Mexico
103,Dorothy,Clark,dclark2u@addtoany.com,Female,Mexico
104,Anna,Elliott,aelliott2v@sun.com,Female,United States
105,David,Sullivan,dsullivan2w@ed.gov,Male,Canada
106,Joyce,Price,jprice2x@bigcartel.com,Female,Mexico
107,Johnny,Gutierrez,jgutierrez2y@foxnews.com,Male,Canada
108,Donald,Rivera,drivera2z@topsy.com,Male,Canada
109,Ronald,Berry,rberry30@uol.com.br,Male,Canada
110,Kathleen,Reyes,kreyes31@google.nl,Female,United States
111,Steve,Cunningham,scunningham32@stumbleupon.com,Male,Mexico
112,Emily,Boyd,eboyd33@yellowbook.com,Female,Mexico
113,Martin,Garza,,Male,United States
114,Scott,Lawson,slawson35@google.de,Male,Mexico
115,Helen,Smith,hsmith36@oracle.com,Female,Canada
116,Diana,Morales,dmorales37@zimbio.com,Female,Canada
117,Victor,Hayes,vhayes38@technorati.com,Male,United States
118,Irene,Moreno,imoreno39@timesonline.co.uk,Female,Mexico
119,Scott,Hernandez,shernandez3a@amazon.co.jp,Male,Mexico
120,Sharon,Mcdonald,smcdonald3b@house.gov,Female,Mexico
121,Mildred,Bennett,mbennett3c@bluehost.com,Female,United States
122,Laura,Wilson,lwilson3d@yolasite.com,Female,United States
123,Ruth,Wood,rwood3e@dedecms.com,Female,United States
124,Tina,Sims,tsims3f@sourceforge.net,Female,Mexico
125,Carol,Cook,,Female,United States
126,Kenneth,Knight,kknight3h@unicef.org,Male,Mexico
127,Cynthia,Hunter,chunter3i@tmall.com,Female,Canada
128,Johnny,Fields,jfields3j@goo.ne.jp,Male,Canada
129,Pamela,Perkins,pperkins3k@zdnet.com,Female,United States
130,Melissa,Gilbert,mgilbert3l@webeden.co.uk,Female,United States
131,Peter,Dean,pdean3m@naver.com,Male,Mexico
132,Rose,Grant,rgrant3n@accuweather.com,Female,United States
133,Sharon,Russell,srussell3o@free.fr,Female,United States
134,Patricia,Franklin,pfranklin3p@oaic.gov.au,Female,Mexico
135,Anne,Hayes,,Female,United States
136,Shirley,Weaver,sweaver3r@homestead.com,Female,Mexico
137,Jeffrey,Powell,jpowell3s@networkadvertising.org,Male,Mexico
138,Christopher,Reed,creed3t@imageshack.us,Male,Canada
139,Cheryl,Murphy,cmurphy3u@fda.gov,Female,Mexico
140,Donald,Wagner,,Male,Mexico
141,Ruby,Walker,rwalker3w@slate.com,Female,Canada
142,Frank,Rivera,frivera3x@squidoo.com,Male,United States
143,Ryan,Wagner,rwagner3y@bloglovin.com,Male,Canada
144,Nicole,Palmer,npalmer3z@acquirethisname.com,Female,Mexico
145,Catherine,Gonzalez,cgonzalez40@dion.ne.jp,Female,Canada
146,Betty,Fernandez,,Female,Mexico
147,Harry,Gomez,hgomez42@topsy.com,Male,Canada
148,Shawn,Ellis,sellis43@hubpages.com,Male,United States
149,Henry,Evans,hevans44@artisteer.com,Male,Canada
150,Angela,Knight,aknight45@yahoo.com,Female,Mexico
151,Betty,Andrews,bandrews46@hexun.com,Female,United States
152,Anna,Kelly,akelly47@amazon.co.uk,Female,United States
153,Kenneth,Butler,kbutler48@odnoklassniki.ru,Male,Mexico
154,Timothy,Lawrence,tlawrence49@mashable.com,Male,United States
155,Beverly,Weaver,bweaver4a@123-reg.co.uk,Female,Canada
156,Carol,Bailey,cbailey4b@blogger.com,Female,United States
157,Jessica,Burke,jburke4c@hexun.com,Female,Canada
158,Michael,Watkins,mwatkins4d@wunderground.com,Male,United States
159,Terry,Gilbert,tgilbert4e@sakura.ne.jp,Male,United States
160,Brandon,Chapman,bchapman4f@livejournal.com,Male,United States
161,Paul,Black,pblack4g@fema.gov,Male,Canada
162,Larry,Nichols,lnichols4h@fema.gov,Male,United States
163,Anthony,Alexander,aalexander4i@google.es,Male,Canada
164,Carolyn,Medina,cmedina4j@timesonline.co.uk,Female,Canada
165,Roy,Day,rday4k@scientificamerican.com,Male,Canada
166,Harold,Gonzales,hgonzales4l@goodreads.com,Male,Canada
167,Ronald,Frazier,rfrazier4m@shop-pro.jp,Male,Canada
168,Douglas,Perez,dperez4n@indiatimes.com,Male,Mexico
169,Frank,Anderson,fanderson4o@blogspot.com,Male,Mexico
170,Fred,Larson,flarson4p@china.com.cn,Male,United States
171,Sarah,Hughes,shughes4q@ucla.edu,Female,Canada
172,Stephen,Peters,speters4r@fastcompany.com,Male,United States
173,Philip,Mendoza,pmendoza4s@ucoz.com,Male,United States
174,Melissa,Hanson,mhanson4t@dagondesign.com,Female,Mexico
175,David,Wallace,dwallace4u@purevolume.com,Male,United States
176,Juan,Elliott,jelliott4v@narod.ru,Male,Canada
177,Lawrence,Montgomery,lmontgomery4w@yale.edu,Male,Canada
178,Jose,Romero,jromero4x@sciencedirect.com,Male,Canada
179,Judy,Lawson,jlawson4y@woothemes.com,Female,Mexico
180,Janice,Simpson,jsimpson4z@youtu.be,Female,United States
181,Kimberly,Bradley,kbradley50@prweb.com,Female,United States
182,Lillian,Bennett,lbennett51@wunderground.com,Female,Mexico
183,Betty,Cox,bcox52@google.co.jp,Female,Canada
184,Brenda,Little,,Female,United States
185,Martha,Lopez,mlopez54@hao123.com,Female,United States
186,Robin,Webb,rwebb55@reddit.com,Female,United States
187,Norma,Hawkins,nhawkins56@bbc.co.uk,Female,United States
188,Terry,West,,Male,Mexico
189,Johnny,Hart,jhart58@sina.com.cn,Male,Mexico
190,Earl,Brown,ebrown59@google.co.jp,Male,United States
191,David,Martin,dmartin5a@networkadvertising.org,Male,United States
192,Pamela,Shaw,,Female,Canada
193,Phillip,Ortiz,portiz5c@usda.gov,Male,Canada
194,Ruby,Bradley,rbradley5d@yellowbook.com,Female,United States
195,Jennifer,Austin,jaustin5e@photobucket.com,Female,Mexico
196,Gary,Morris,gmorris5f@baidu.com,Male,Mexico
197,Aaron,Mendoza,amendoza5g@nymag.com,Male,United States
198,Marilyn,Sims,msims5h@nbcnews.com,Female,Mexico
199,Paula,Boyd,pboyd5i@macromedia.com,Female,United States
200,Sandra,Black,sblack5j@360.cn,Female,United States
201,Clarence,Harris,charris5k@icio.us,Male,United States
202,Jeffrey,Howard,jhoward5l@usatoday.com,Male,United States
203,Laura,Ramirez,lramirez5m@shinystat.com,Female,Mexico
204,Anne,Rodriguez,arodriguez5n@uol.com.br,Female,United States
205,Todd,Grant,tgrant5o@eepurl.com,Male,Canada
206,Doris,Fisher,dfisher5p@bbb.org,Female,Canada
207,Jennifer,Sanchez,jsanchez5q@businesswire.com,Female,Mexico
208,George,Simpson,gsimpson5r@alibaba.com,Male,United States
209,Phyllis,Peters,ppeters5s@w3.org,Female,Mexico
210,Sarah,George,sgeorge5t@unblog.fr,Female,Canada
211,Lori,Burke,lburke5u@whitehouse.gov,Female,United States
212,Melissa,Flores,mflores5v@sfgate.com,Female,United States
213,Paula,Carroll,pcarroll5w@arizona.edu,Female,Canada
214,Stephanie,Hughes,,Female,United States
215,Sean,Clark,sclark5y@dyndns.org,Male,United States
216,Russell,Pierce,rpierce5z@yahoo.com,Male,United States
217,Michelle,Robinson,mrobinson60@nba.com,Female,Mexico
218,Ann,Hernandez,ahernandez61@google.fr,Female,Mexico
219,Antonio,Washington,awashington62@opensource.org,Male,United States
220,Adam,Price,aprice63@arstechnica.com,Male,Canada
221,Raymond,Tucker,rtucker64@google.co.uk,Male,Canada
222,David,Hughes,dhughes65@patch.com,Male,Mexico
223,Chris,Ellis,cellis66@tinypic.com,Male,United States
224,Antonio,Coleman,acoleman67@parallels.com,Male,Mexico
225,Betty,Elliott,belliott68@yandex.ru,Female,United States
226,Christopher,Crawford,ccrawford69@is.gd,Male,United States
227,Jessica,Graham,jgraham6a@state.tx.us,Female,United States
228,Carol,Stevens,cstevens6b@themeforest.net,Female,United States
229,Scott,Henderson,shenderson6c@mail.ru,Male,Mexico
230,Johnny,Lynch,jlynch6d@ihg.com,Male,United States
231,Diane,Hughes,dhughes6e@bizjournals.com,Female,Mexico
232,Wanda,Reid,wreid6f@ftc.gov,Female,United States
233,Julia,Cooper,,Female,United States
234,Samuel,Fuller,sfuller6h@furl.net,Male,Canada
235,Shirley,Hart,,Female,United States
236,Bonnie,Simmons,bsimmons6j@barnesandnoble.com,Female,United States
237,Carolyn,Fisher,cfisher6k@usa.gov,Female,United States
238,Samuel,Greene,sgreene6l@ftc.gov,Male,United States
239,Albert,Moore,amoore6m@cyberchimps.com,Male,United States
240,Judy,Spencer,jspencer6n@last.fm,Female,Canada
241,Carol,Hall,chall6o@columbia.edu,Female,United States
242,Martin,Smith,msmith6p@cbslocal.com,Male,United States
243,Rose,Fuller,rfuller6q@themeforest.net,Female,Mexico
244,Dorothy,Hansen,dhansen6r@ibm.com,Female,Mexico
245,Gary,Bishop,gbishop6s@networksolutions.com,Male,Canada
246,Robin,Kim,rkim6t@wikispaces.com,Female,United States
247,Jose,Shaw,jshaw6u@nydailynews.com,Male,United States
248,Louise,Reed,lreed6v@wix.com,Female,United States
249,Clarence,Daniels,cdaniels6w@canalblog.com,Male,United States
250,Bonnie,James,bjames6x@ehow.com,Female,United States
251,Patrick,Russell,,Male,Mexico
252,Doris,Turner,dturner6z@oaic.gov.au,Female,Mexico
253,Arthur,Wallace,awallace70@1und1.de,Male,Canada
254,Irene,Fernandez,ifernandez71@pinterest.com,Female,United States
255,Anne,Howard,ahoward72@ezinearticles.com,Female,United States
256,Robert,White,rwhite73@typepad.com,Male,United States
257,Jose,Meyer,jmeyer74@utexas.edu,Male,United States
258,Johnny,Collins,jcollins75@bbb.org,Male,United States
259,Russell,Scott,rscott76@state.tx.us,Male,United States
260,Doris,Murphy,dmurphy77@altervista.org,Female,United States
261,Anne,White,awhite78@ucla.edu,Female,Canada
262,Sarah,Ray,sray79@google.es,Female,United States
263,Joan,Tucker,jtucker7a@cnn.com,Female,United States
264,Doris,Warren,dwarren7b@washington.edu,Female,Canada
265,Willie,Griffin,wgriffin7c@vk.com,Male,United States
266,Kimberly,Baker,kbaker7d@123-reg.co.uk,Female,United States
267,Chris,Murray,cmurray7e@google.ru,Male,United States
268,Christopher,Garcia,cgarcia7f@amazonaws.com,Male,United States
269,Cheryl,Wright,cwright7g@delicious.com,Female,United States
270,Paul,Williams,pwilliams7h@1688.com,Male,United States
271,Paula,Gonzalez,pgonzalez7i@nymag.com,Female,Mexico
272,Juan,Perez,jperez7j@networkadvertising.org,Male,Mexico
273,Robert,Mcdonald,rmcdonald7k@si.edu,Male,United States
274,Kelly,Alexander,kalexander7l@t-online.de,Female,United States
275,Virginia,Little,vlittle7m@ibm.com,Female,Mexico
276,Jerry,Ford,jford7n@europa.eu,Male,Canada
277,Timothy,Perkins,tperkins7o@craigslist.org,Male,United States
278,Carol,Fields,cfields7p@blogs.com,Female,United States
279,Jessica,Stone,jstone7q@yellowpages.com,Female,United States
280,Robert,Scott,rscott7r@theatlantic.com,Male,United States
281,Lawrence,Watson,lwatson7s@cbc.ca,Male,Canada
282,James,Griffin,jgriffin7t@rediff.com,Male,Mexico
283,Tina,Russell,trussell7u@meetup.com,Female,United States
284,Jose,Ellis,jellis7v@miitbeian.gov.cn,Male,Canada
285,Christina,Bell,cbell7w@samsung.com,Female,United States
286,Beverly,Marshall,bmarshall7x@addtoany.com,Female,Mexico
287,Jennifer,Fisher,jfisher7y@bravesites.com,Female,United States
288,Kathryn,Miller,kmiller7z@about.com,Female,United States
289,Katherine,Dean,kdean80@mysql.com,Female,United States
290,John,Franklin,jfranklin81@va.gov,Male,Mexico
291,Albert,Collins,acollins82@nydailynews.com,Male,Canada
292,Sharon,Mcdonald,smcdonald83@reddit.com,Female,Mexico
293,Randy,Henry,rhenry84@walmart.com,Male,United States
294,Angela,Arnold,,Female,United States
295,Ruby,Evans,revans86@constantcontact.com,Female,Canada
296,Philip,Shaw,pshaw87@booking.com,Male,United States
297,Christina,Larson,clarson88@cam.ac.uk,Female,Mexico
298,Heather,Hicks,hhicks89@wired.com,Female,Mexico
299,Eugene,Chavez,echavez8a@issuu.com,Male,United States
300,Elizabeth,Howell,ehowell8b@latimes.com,Female,Canada
301,John,Crawford,jcrawford8c@ucoz.ru,Male,Canada
302,Matthew,James,mjames8d@bbc.co.uk,Male,Canada
303,Todd,Fields,tfields8e@google.com.hk,Male,United States
304,Christina,Palmer,,Female,Mexico
305,Virginia,Bradley,vbradley8g@amazon.de,Female,Mexico
306,Susan,Bailey,sbailey8h@t.co,Female,Canada
307,Richard,Gilbert,rgilbert8i@a8.net,Male,United States
308,Deborah,Hansen,dhansen8j@tmall.com,Female,United States
309,Judy,Greene,jgreene8k@cbsnews.com,Female,Mexico
310,Deborah,Howell,dhowell8l@bluehost.com,Female,Canada
311,James,Howard,jhoward8m@cdbaby.com,Male,Canada
312,Evelyn,Baker,ebaker8n@java.com,Female,Mexico
313,Andrew,Murphy,amurphy8o@networksolutions.com,Male,Mexico
314,Ruby,Hanson,rhanson8p@merriam-webster.com,Female,United States
315,Brandon,Brooks,,Male,Canada
316,Pamela,Perry,pperry8r@weibo.com,Female,Canada
317,Michelle,Murray,mmurray8s@upenn.edu,Female,Canada
318,Clarence,Williamson,cwilliamson8t@independent.co.uk,Male,Mexico
319,Bobby,Morgan,bmorgan8u@geocities.com,Male,Mexico
320,Margaret,Kelly,mkelly8v@unblog.fr,Female,United States
321,Mildred,Henry,mhenry8w@mayoclinic.com,Female,Canada
322,Douglas,Thomas,dthomas8x@com.com,Male,Canada
323,Rachel,Gonzalez,rgonzalez8y@vkontakte.ru,Female,Canada
324,Wanda,Chapman,wchapman8z@huffingtonpost.com,Female,Canada
325,Betty,Cunningham,bcunningham90@discuz.net,Female,United States
326,Heather,Hall,hhall91@unc.edu,Female,Mexico
327,Rachel,Knight,rknight92@hexun.com,Female,United States
328,Kathy,Morris,kmorris93@ibm.com,Female,United States
329,Jerry,Palmer,jpalmer94@mashable.com,Male,Mexico
330,Cheryl,Wheeler,cwheeler95@icq.com,Female,United States
331,Ann,Lee,alee96@issuu.com,Female,Canada
332,John,Wood,jwood97@sitemeter.com,Male,United States
333,Jesse,Russell,jrussell98@google.co.uk,Male,Canada
334,Timothy,Edwards,tedwards99@go.com,Male,United States
335,Gloria,Bennett,gbennett9a@vimeo.com,Female,United States
336,Henry,Gibson,hgibson9b@istockphoto.com,Male,Mexico
337,Jesse,Little,jlittle9c@princeton.edu,Male,Canada
338,Emily,Day,eday9d@senate.gov,Female,Canada
339,Wayne,Schmidt,wschmidt9e@usa.gov,Male,Canada
340,Sara,Anderson,sanderson9f@wiley.com,Female,Mexico
341,Jonathan,Marshall,jmarshall9g@discovery.com,Male,Canada
342,Judy,Bowman,jbowman9h@nbcnews.com,Female,Mexico
343,Susan,Mcdonald,smcdonald9i@desdev.cn,Female,United States
344,Randy,Cook,rcook9j@rakuten.co.jp,Male,United States
345,Irene,Graham,igraham9k@youku.com,Female,United States
346,Walter,Coleman,wcoleman9l@taobao.com,Male,United States
347,Joseph,Hayes,jhayes9m@chron.com,Male,Mexico
348,Robert,Ramirez,rramirez9n@4shared.com,Male,Mexico
349,Craig,Bell,cbell9o@google.com.au,Male,Canada
350,Kevin,Murphy,kmurphy9p@state.gov,Male,Canada
351,Jennifer,Kim,jkim9q@sohu.com,Female,Mexico
352,Linda,Gray,lgray9r@typepad.com,Female,United States
353,Philip,James,pjames9s@surveymonkey.com,Male,Mexico
354,Katherine,Harris,kharris9t@nifty.com,Female,United States
355,Nancy,Green,ngreen9u@redcross.org,Female,Canada
356,Pamela,Collins,pcollins9v@fema.gov,Female,United States
357,Julie,Henderson,jhenderson9w@chicagotribune.com,Female,Mexico
358,Sandra,Oliver,soliver9x@freewebs.com,Female,Mexico
359,Mark,Howard,mhoward9y@whitehouse.gov,Male,Canada
360,Michael,Griffin,mgriffin9z@goodreads.com,Male,Mexico
361,Jack,Freeman,jfreemana0@irs.gov,Male,United States
362,Kenneth,White,kwhitea1@virginia.edu,Male,Canada
363,Cheryl,Jones,cjonesa2@e-recht24.de,Female,United States
364,Evelyn,Harvey,eharveya3@tumblr.com,Female,Mexico
365,Rachel,Mcdonald,rmcdonalda4@accuweather.com,Female,United States
366,Jeremy,Bailey,jbaileya5@jugem.jp,Male,United States
367,Karen,Hawkins,khawkinsa6@lycos.com,Female,Mexico
368,Laura,Reid,lreida7@purevolume.com,Female,United States
369,Alan,Rivera,ariveraa8@reddit.com,Male,United States
370,Victor,Romero,vromeroa9@census.gov,Male,United States
371,Julie,Mccoy,jmccoyaa@reuters.com,Female,Mexico
372,Doris,Oliver,,Female,Mexico
373,Lori,Harrison,lharrisonac@clickbank.net,Female,United States
374,Donna,Webb,dwebbad@hp.com,Female,United States
375,Ralph,Willis,rwillisae@miitbeian.gov.cn,Male,Mexico
376,Roger,Fowler,rfowleraf@google.ca,Male,Canada
377,Scott,George,sgeorgeag@ucoz.ru,Male,United States
378,Theresa,Andrews,,Female,Canada
379,Ruby,Williamson,rwilliamsonai@hud.gov,Female,United States
380,Jonathan,Holmes,jholmesaj@telegraph.co.uk,Male,Canada
381,Jose,Harrison,jharrisonak@hibu.com,Male,Mexico
382,Tammy,Bradley,tbradleyal@tiny.cc,Female,United States
383,Christine,Stevens,cstevensam@icio.us,Female,Mexico
384,Willie,Chavez,wchavezan@myspace.com,Male,Canada
385,Evelyn,Simmons,esimmonsao@ning.com,Female,United States
386,Jack,Welch,jwelchap@buzzfeed.com,Male,United States
387,Alice,Martin,amartinaq@goo.gl,Female,Mexico
388,Jack,Lee,,Male,United States
389,Kelly,Daniels,kdanielsas@fda.gov,Female,Canada
390,Paul,Richardson,prichardsonat@webs.com,Male,United States
391,Paul,Thompson,pthompsonau@booking.com,Male,United States
392,Martha,Hall,mhallav@theguardian.com,Female,Canada
393,Gary,Elliott,gelliottaw@google.ca,Male,United States
394,Norma,Hanson,nhansonax@whitehouse.gov,Female,United States
395,Beverly,Harvey,bharveyay@domainmarket.com,Female,Mexico
396,Patricia,Garza,pgarzaaz@google.nl,Female,Canada
397,Carl,Ruiz,cruizb0@digg.com,Male,United States
398,Ernest,Carr,,Male,United States
399,Jane,Dixon,jdixonb2@psu.edu,Female,United States
400,Diane,Warren,,Female,United States
401,Brandon,Ramos,,Male,Mexico
402,Eric,Perkins,eperkinsb5@addthis.com,Male,Canada
403,Sharon,Garza,sgarzab6@omniture.com,Female,United States
404,Willie,Lynch,wlynchb7@weibo.com,Male,United States
405,Jerry,Diaz,jdiazb8@businessinsider.com,Male,United States
406,Ernest,Bailey,ebaileyb9@ycombinator.com,Male,United States
407,Barbara,Smith,bsmithba@pagesperso-orange.fr,Female,United States
408,Norma,Clark,nclarkbb@phoca.cz,Female,Canada
409,Lois,Sanchez,lsanchezbc@soundcloud.com,Female,United States
410,Barbara,Banks,bbanksbd@bizjournals.com,Female,United States
411,Heather,Weaver,hweaverbe@photobucket.com,Female,Mexico
412,Todd,Henderson,thendersonbf@t-online.de,Male,Canada
413,Billy,Romero,bromerobg@vistaprint.com,Male,Canada
414,Harold,Coleman,hcolemanbh@list-manage.com,Male,United States
415,Todd,Ruiz,,Male,Mexico
416,Robin,Martin,rmartinbj@mediafire.com,Female,Canada
417,Lori,Howell,lhowellbk@alibaba.com,Female,Canada
418,Christina,Fowler,cfowlerbl@china.com.cn,Female,Mexico
419,Victor,Andrews,vandrewsbm@sphinn.com,Male,Canada
420,Barbara,Powell,bpowellbn@cbc.ca,Female,United States
421,Julie,Day,jdaybo@dyndns.org,Female,Mexico
422,Peter,Graham,pgrahambp@examiner.com,Male,United States
423,Joyce,Collins,,Female,United States
424,Barbara,Fuller,bfullerbr@marriott.com,Female,Canada
425,Joan,Owens,jowensbs@jigsy.com,Female,United States
426,Melissa,Lopez,mlopezbt@yellowpages.com,Female,Mexico
427,Rachel,Barnes,rbarnesbu@blog.com,Female,Mexico
428,Jesse,Armstrong,,Male,Canada
429,Craig,Roberts,crobertsbw@webnode.com,Male,United States
430,Roy,Richardson,rrichardsonbx@opensource.org,Male,Canada
431,Roger,Martin,rmartinby@ucoz.com,Male,Canada
432,Ruth,Medina,rmedinabz@eepurl.com,Female,Canada
433,Gerald,Peterson,gpetersonc0@skyrock.com,Male,United States
434,Diana,Vasquez,dvasquezc1@state.gov,Female,United States
435,Alan,Stewart,astewartc2@people.com.cn,Male,United States
436,Mildred,Olson,molsonc3@paypal.com,Female,Canada
437,Terry,West,twestc4@unblog.fr,Male,Mexico
438,Harold,Dunn,hdunnc5@gov.uk,Male,Canada
439,Debra,Gilbert,dgilbertc6@tripod.com,Female,United States
440,Jimmy,Hernandez,jhernandezc7@webs.com,Male,Canada
441,Stephanie,Montgomery,smontgomeryc8@homestead.com,Female,United States
442,Irene,Cook,icookc9@yolasite.com,Female,Mexico
443,Alice,Nichols,,Female,Mexico
444,Peter,Evans,pevanscb@upenn.edu,Male,Canada
445,Stephanie,Day,sdaycc@themeforest.net,Female,United States
446,Brenda,Bennett,bbennettcd@privacy.gov.au,Female,United States
447,Sharon,Webb,swebbce@wisc.edu,Female,United States
448,Jennifer,Garza,jgarzacf@sciencedirect.com,Female,Canada
449,Sean,Lewis,slewiscg@t-online.de,Male,Mexico
450,Bruce,Elliott,belliottch@auda.org.au,Male,United States
451,Gregory,Woods,gwoodsci@scientificamerican.com,Male,United States
452,Carl,Knight,cknightcj@e-recht24.de,Male,Canada
453,Janet,Peters,jpetersck@businesswire.com,Female,United States
454,Raymond,Berry,rberrycl@nydailynews.com,Male,Mexico
455,Brenda,Perry,bperrycm@mapquest.com,Female,United States
456,Diana,Fernandez,dfernandezcn@google.co.uk,Female,United States
457,Joseph,Gray,jgrayco@mapy.cz,Male,United States
458,Ralph,Hudson,rhudsoncp@noaa.gov,Male,Canada
459,Walter,Morris,,Male,Canada
460,Virginia,Webb,vwebbcr@examiner.com,Female,Canada
461,Louise,Perry,lperrycs@themeforest.net,Female,Canada
462,Sean,Peterson,spetersonct@networksolutions.com,Male,Canada
463,Carol,Cox,ccoxcu@de.vu,Female,United States
464,Ruby,Hudson,rhudsoncv@aol.com,Female,Canada
465,Susan,Stanley,sstanleycw@prnewswire.com,Female,United States
466,Anna,Bennett,abennettcx@buzzfeed.com,Female,United States
467,Carlos,Sims,csimscy@youtu.be,Male,Mexico
468,Lori,Gordon,lgordoncz@home.pl,Female,Canada
469,Ashley,Lynch,alynchd0@gizmodo.com,Female,United States
470,Linda,Carpenter,lcarpenterd1@baidu.com,Female,Canada
471,Henry,Campbell,hcampbelld2@google.com,Male,United States
472,Anna,Hansen,ahansend3@washington.edu,Female,Mexico
473,Virginia,Sims,vsimsd4@goodreads.com,Female,United States
474,Terry,Hart,thartd5@vkontakte.ru,Male,United States
475,Dennis,Stevens,dstevensd6@i2i.jp,Male,Canada
476,Kathy,Rogers,krogersd7@msn.com,Female,Mexico
477,Phillip,Stewart,pstewartd8@bloglines.com,Male,United States
478,Doris,Tucker,dtuckerd9@qq.com,Female,United States
479,Sharon,Wright,swrightda@noaa.gov,Female,United States
480,Theresa,Shaw,tshawdb@intel.com,Female,Mexico
481,Larry,Martin,lmartindc@ask.com,Male,United States
482,Catherine,Hart,chartdd@drupal.org,Female,Mexico
483,Wanda,Robinson,wrobinsonde@microsoft.com,Female,Mexico
484,Todd,Carroll,tcarrolldf@earthlink.net,Male,Canada
485,Johnny,Parker,jparkerdg@nationalgeographic.com,Male,Mexico
486,Michael,Garcia,mgarciadh@arizona.edu,Male,Canada
487,Beverly,Watkins,bwatkinsdi@about.com,Female,Canada
488,Roy,Murphy,rmurphydj@marriott.com,Male,Canada
489,Jack,Baker,jbakerdk@dot.gov,Male,Canada
490,Katherine,Hill,khilldl@ameblo.jp,Female,United States
491,Sandra,Arnold,sarnolddm@hud.gov,Female,Canada
492,Amanda,Russell,arusselldn@cafepress.com,Female,Canada
493,Carol,Rose,crosedo@examiner.com,Female,Canada
494,Diana,Carpenter,dcarpenterdp@macromedia.com,Female,United States
495,Jerry,Fields,jfieldsdq@posterous.com,Male,United States
496,Betty,Garcia,bgarciadr@tuttocitta.it,Female,United States
497,Terry,Warren,twarrends@cdbaby.com,Male,United States
498,Sean,Austin,saustindt@ucoz.com,Male,Mexico
499,Terry,Cole,tcoledu@vk.com,Male,United States
500,Douglas,Ramos,dramosdv@trellian.com,Male,Canada
501,Debra,Alvarez,,Female,Canada
502,Harry,Rivera,hriveradx@freewebs.com,Male,United States
503,Ann,Rice,aricedy@instagram.com,Female,United States
504,Norma,Harrison,nharrisondz@ovh.net,Female,Canada
505,Robin,Ray,rraye0@narod.ru,Female,Mexico
506,Melissa,Nguyen,mnguyene1@smh.com.au,Female,United States
507,Amanda,Rogers,arogerse2@hud.gov,Female,United States
508,Dennis,Jacobs,djacobse3@goo.ne.jp,Male,United States
509,Michelle,Shaw,mshawe4@cyberchimps.com,Female,United States
510,Clarence,Franklin,cfrankline5@github.io,Male,Mexico
511,Judy,Medina,jmedinae6@meetup.com,Female,United States
512,Lillian,Hamilton,lhamiltone7@sfgate.com,Female,United States
513,Sandra,Gonzales,sgonzalese8@simplemachines.org,Female,Mexico
514,Kevin,Lane,klanee9@icq.com,Male,Mexico
515,Rebecca,Schmidt,rschmidtea@youtu.be,Female,Mexico
516,Benjamin,Boyd,bboydeb@google.es,Male,United States
517,Ruby,Owens,rowensec@hostgator.com,Female,Mexico
518,Brian,Wright,bwrighted@exblog.jp,Male,Canada
519,Sharon,Ramos,sramosee@ted.com,Female,United States
520,Jennifer,Perry,jperryef@columbia.edu,Female,Canada
521,Joyce,Reyes,jreyeseg@bing.com,Female,Canada
522,Richard,Hansen,rhanseneh@lulu.com,Male,Mexico
523,Stephanie,Walker,swalkerei@comcast.net,Female,Mexico
524,Todd,Edwards,tedwardsej@shutterfly.com,Male,Mexico
525,Jason,Young,jyoungek@netscape.com,Male,United States
526,Frances,Long,flongel@macromedia.com,Female,United States
527,Kathy,Harrison,kharrisonem@taobao.com,Female,United States
528,Jonathan,Hunter,,Male,United States
529,Billy,Sullivan,bsullivaneo@1und1.de,Male,Canada
530,James,George,jgeorgeep@comcast.net,Male,United States
531,Annie,Fuller,afullereq@topsy.com,Female,Canada
532,Randy,Woods,rwoodser@reuters.com,Male,Canada
533,Stephen,Chavez,schavezes@geocities.com,Male,United States
534,Shawn,Graham,sgrahamet@g.co,Male,Canada
535,Ronald,Roberts,rrobertseu@paginegialle.it,Male,Canada
536,Billy,Carroll,bcarrollev@hp.com,Male,Canada
537,Kevin,Garrett,kgarrettew@fc2.com,Male,United States
538,Debra,Harvey,dharveyex@sciencedaily.com,Female,Canada
539,Maria,Watson,mwatsoney@phoca.cz,Female,United States
540,Elizabeth,Jackson,ejacksonez@tinypic.com,Female,United States
541,Annie,Cole,acolef0@woothemes.com,Female,United States
542,Richard,Simmons,rsimmonsf1@ameblo.jp,Male,United States
543,Michelle,Bishop,mbishopf2@wired.com,Female,United States
544,Maria,Reynolds,mreynoldsf3@salon.com,Female,United States
545,Sharon,Wagner,swagnerf4@thetimes.co.uk,Female,Mexico
546,Lori,Rodriguez,lrodriguezf5@lycos.com,Female,United States
547,Judy,Bradley,jbradleyf6@redcross.org,Female,Mexico
548,Kimberly,Porter,kporterf7@sciencedaily.com,Female,United States
549,Jeremy,George,jgeorgef8@free.fr,Male,Canada
550,Cynthia,Mendoza,cmendozaf9@i2i.jp,Female,United States
551,Diane,Ross,drossfa@hud.gov,Female,United States
552,Gloria,Arnold,garnoldfb@live.com,Female,United States
553,Martin,Flores,mfloresfc@soup.io,Male,Mexico
554,Paula,Ramos,pramosfd@dagondesign.com,Female,Mexico
555,Ernest,Anderson,eandersonfe@about.com,Male,Mexico
556,Randy,King,rkingff@dagondesign.com,Male,Canada
557,Kathryn,Castillo,kcastillofg@hexun.com,Female,Mexico
558,Mildred,Thompson,mthompsonfh@123-reg.co.uk,Female,Canada
559,Andrea,Russell,arussellfi@wired.com,Female,United States
560,Jane,Ward,jwardfj@smugmug.com,Female,United States
561,Patricia,Johnson,pjohnsonfk@arizona.edu,Female,United States
562,Jeremy,Scott,jscottfl@cmu.edu,Male,Canada
563,Paul,Wallace,pwallacefm@irs.gov,Male,United States
564,James,Watkins,jwatkinsfn@alibaba.com,Male,Mexico
565,Deborah,Fields,,Female,Canada
566,Steve,Dunn,sdunnfp@sitemeter.com,Male,Canada
567,Catherine,James,cjamesfq@plala.or.jp,Female,Canada
568,Chris,Garza,cgarzafr@feedburner.com,Male,Canada
569,Andrew,Jacobs,ajacobsfs@angelfire.com,Male,United States
570,Linda,Reyes,lreyesft@tamu.edu,Female,United States
571,Arthur,Morrison,amorrisonfu@businessinsider.com,Male,United States
572,Christopher,Morris,cmorrisfv@addtoany.com,Male,Canada
573,Dorothy,Anderson,,Female,Mexico
574,Lisa,Ellis,lellisfx@devhub.com,Female,United States
575,Sara,Butler,sbutlerfy@taobao.com,Female,Mexico
576,Carlos,Johnston,cjohnstonfz@people.com.cn,Male,Canada
577,Susan,Brooks,sbrooksg0@mit.edu,Female,United States
578,Virginia,Alvarez,valvarezg1@themeforest.net,Female,United States
579,Billy,Andrews,bandrewsg2@hostgator.com,Male,United States
580,Robert,Black,rblackg3@quantcast.com,Male,United States
581,Larry,Brooks,lbrooksg4@cargocollective.com,Male,United States
582,Clarence,Howard,chowardg5@cbslocal.com,Male,United States
583,Evelyn,Taylor,etaylorg6@reddit.com,Female,Mexico
584,Jessica,Day,jdayg7@forbes.com,Female,Mexico
585,Debra,Rogers,drogersg8@vistaprint.com,Female,Canada
586,Edward,Grant,egrantg9@a8.net,Male,Mexico
587,Cynthia,Perry,cperryga@jugem.jp,Female,United States
588,Douglas,Perry,dperrygb@unicef.org,Male,Canada
589,Christine,Spencer,cspencergc@slashdot.org,Female,United States
590,Ruby,Bowman,rbowmangd@alexa.com,Female,Canada
591,Mark,Bennett,mbennettge@lycos.com,Male,United States
592,Joshua,Flores,jfloresgf@europa.eu,Male,Canada
593,Charles,Banks,cbanksgg@ustream.tv,Male,United States
594,Deborah,Foster,dfostergh@fema.gov,Female,United States
595,Theresa,Ramos,tramosgi@storify.com,Female,Mexico
596,Pamela,Gilbert,pgilbertgj@squidoo.com,Female,United States
597,Craig,Jordan,cjordangk@ask.com,Male,United States
598,Robin,Garza,rgarzagl@delicious.com,Female,Canada
599,Virginia,Martinez,vmartinezgm@cnbc.com,Female,United States
600,Chris,Moreno,,Male,Canada
601,Cheryl,Hernandez,chernandezgo@youtu.be,Female,United States
602,Anne,Little,alittlegp@uol.com.br,Female,United States
603,Louis,Jones,ljonesgq@drupal.org,Male,Canada
604,Donna,Reid,dreidgr@wikipedia.org,Female,United States
605,Sean,Warren,swarrengs@marketwatch.com,Male,United States
606,Richard,Nelson,rnelsongt@ebay.co.uk,Male,United States
607,Andrew,Reyes,areyesgu@google.co.jp,Male,Canada
608,Rose,Berry,,Female,Canada
609,Adam,Howard,ahowardgw@whitehouse.gov,Male,United States
610,Charles,Ruiz,cruizgx@cnet.com,Male,United States
611,Tammy,Shaw,tshawgy@geocities.com,Female,United States
612,Melissa,Bell,mbellgz@omniture.com,Female,Mexico
613,Richard,Freeman,rfreemanh0@house.gov,Male,United States
614,Joe,Rice,jriceh1@who.int,Male,Canada
615,Heather,Medina,,Female,United States
616,Angela,Long,alongh3@cnbc.com,Female,Mexico
617,Joyce,Foster,jfosterh4@msn.com,Female,United States
618,Ashley,Mills,amillsh5@sfgate.com,Female,United States
619,Jean,Fernandez,jfernandezh6@webnode.com,Female,Mexico
620,Stephanie,Bradley,sbradleyh7@businesswire.com,Female,Mexico
621,Juan,Griffin,,Male,United States
622,Ryan,Day,,Male,Mexico
623,Pamela,Carter,pcarterha@google.ru,Female,United States
624,Joyce,Miller,jmillerhb@cafepress.com,Female,Canada
625,Eugene,Reyes,ereyeshc@sphinn.com,Male,Canada
626,Karen,Mitchell,kmitchellhd@alexa.com,Female,United States
627,Alice,Walker,awalkerhe@huffingtonpost.com,Female,United States
628,Pamela,Harvey,pharveyhf@desdev.cn,Female,United States
629,David,Reid,dreidhg@youtube.com,Male,Canada
630,Jean,Mcdonald,,Female,United States
631,Barbara,Matthews,bmatthewshi@icio.us,Female,United States
632,Bonnie,Garza,bgarzahj@multiply.com,Female,United States
633,Roy,Hanson,rhansonhk@topsy.com,Male,Mexico
634,Douglas,Harrison,dharrisonhl@cisco.com,Male,United States
635,Martin,Kim,mkimhm@twitpic.com,Male,United States
636,Linda,Little,,Female,Canada
637,Matthew,Porter,mporterho@themeforest.net,Male,Mexico
638,Robin,Scott,rscotthp@shinystat.com,Female,United States
639,Jack,Collins,jcollinshq@bandcamp.com,Male,United States
640,Linda,Simpson,lsimpsonhr@ask.com,Female,United States
641,Paula,Boyd,pboydhs@admin.ch,Female,United States
642,James,Wells,jwellsht@pagesperso-orange.fr,Male,United States
643,Joyce,Anderson,jandersonhu@comsenz.com,Female,United States
644,Jeffrey,Arnold,jarnoldhv@51.la,Male,Mexico
645,Joe,Wilson,jwilsonhw@quantcast.com,Male,Mexico
646,Patricia,Wells,pwellshx@webs.com,Female,United States
647,Stephen,Washington,swashingtonhy@slideshare.net,Male,United States
648,Helen,Foster,hfosterhz@omniture.com,Female,Mexico
649,Chris,Burns,cburnsi0@goo.gl,Male,United States
650,Louis,Edwards,ledwardsi1@cocolog-nifty.com,Male,Canada
651,Christine,Butler,cbutleri2@163.com,Female,United States
652,Joseph,Ryan,jryani3@reddit.com,Male,Canada
653,Anna,Marshall,amarshalli4@youtu.be,Female,United States
654,Scott,Watson,swatsoni5@scribd.com,Male,Canada
655,Rachel,Garza,rgarzai6@vkontakte.ru,Female,United States
656,Matthew,Hicks,mhicksi7@jigsy.com,Male,United States
657,Christopher,Scott,cscotti8@yelp.com,Male,Canada
658,Jessica,Stanley,jstanleyi9@acquirethisname.com,Female,United States
659,Rebecca,Arnold,rarnoldia@java.com,Female,Canada
660,Patricia,Barnes,pbarnesib@springer.com,Female,Mexico
661,Roger,Duncan,rduncanic@weibo.com,Male,Canada
662,Antonio,Carter,acarterid@senate.gov,Male,Mexico
663,Mildred,Montgomery,mmontgomeryie@reddit.com,Female,United States
664,Deborah,Willis,dwillisif@answers.com,Female,Canada
665,Katherine,Ross,krossig@multiply.com,Female,United States
666,Andrew,Reid,areidih@merriam-webster.com,Male,United States
667,Sara,Turner,sturnerii@newsvine.com,Female,Mexico
668,Rebecca,Fox,rfoxij@census.gov,Female,United States
669,Ronald,Owens,rowensik@webmd.com,Male,Canada
670,Brandon,Nguyen,bnguyenil@google.nl,Male,United States
671,Mildred,Cole,mcoleim@yahoo.com,Female,United States
672,Juan,Bradley,jbradleyin@privacy.gov.au,Male,United States
673,David,Martinez,dmartinezio@rediff.com,Male,Mexico
674,Frances,Campbell,fcampbellip@vinaora.com,Female,Mexico
675,Kimberly,Lane,klaneiq@wsj.com,Female,Mexico
676,Lawrence,Clark,,Male,United States
677,Jimmy,Roberts,jrobertsis@bbc.co.uk,Male,Mexico
678,Robert,Austin,,Male,United States
679,Aaron,Black,ablackiu@chicagotribune.com,Male,Mexico
680,Amanda,Robinson,arobinsoniv@examiner.com,Female,United States
681,James,Reynolds,jreynoldsiw@google.co.jp,Male,United States
682,Jerry,Alvarez,jalvarezix@furl.net,Male,United States
683,Charles,Meyer,cmeyeriy@histats.com,Male,Mexico
684,Steve,Hansen,shanseniz@microsoft.com,Male,United States
685,Jacqueline,Miller,jmillerj0@guardian.co.uk,Female,Canada
686,Elizabeth,Long,elongj1@booking.com,Female,Mexico
687,Jonathan,Bell,jbellj2@360.cn,Male,Mexico
688,Dennis,Little,dlittlej3@netscape.com,Male,United States
689,Aaron,Cole,acolej4@wunderground.com,Male,United States
690,Frank,Patterson,fpattersonj5@homestead.com,Male,United States
691,Stephanie,Montgomery,smontgomeryj6@altervista.org,Female,United States
692,Dorothy,Cunningham,dcunninghamj7@tripadvisor.com,Female,United States
693,Janet,Tucker,jtuckerj8@yandex.ru,Female,United States
694,Martin,Morrison,mmorrisonj9@surveymonkey.com,Male,Canada
695,Keith,Peterson,kpetersonja@xrea.com,Male,United States
696,Brenda,Morris,bmorrisjb@addtoany.com,Female,Mexico
697,Anne,Nguyen,anguyenjc@princeton.edu,Female,United States
698,Wanda,Gomez,wgomezjd@xinhuanet.com,Female,United States
699,Larry,Wright,lwrightje@toplist.cz,Male,United States
700,Daniel,Pierce,dpiercejf@ibm.com,Male,United States
701,Diane,Watkins,dwatkinsjg@usgs.gov,Female,United States
702,Scott,Romero,sromerojh@bloomberg.com,Male,United States
703,Cheryl,Wells,cwellsji@simplemachines.org,Female,United States
704,Arthur,Scott,ascottjj@guardian.co.uk,Male,United States
705,Sean,Holmes,sholmesjk@scientificamerican.com,Male,United States
706,Brian,Stewart,bstewartjl@weibo.com,Male,United States
707,Jennifer,Montgomery,jmontgomeryjm@mail.ru,Female,Mexico
708,Michelle,Montgomery,mmontgomeryjn@webnode.com,Female,Canada
709,Roger,Thomas,,Male,Canada
710,Arthur,Stewart,,Male,Canada
711,Albert,Henderson,ahendersonjq@geocities.jp,Male,Canada
712,Jimmy,Sanders,jsandersjr@china.com.cn,Male,Mexico
713,Scott,Torres,storresjs@booking.com,Male,Mexico
714,Sandra,Fuller,sfullerjt@timesonline.co.uk,Female,United States
715,Angela,Butler,abutlerju@phpbb.com,Female,United States
716,Scott,Fernandez,sfernandezjv@merriam-webster.com,Male,Canada
717,Diane,Fox,dfoxjw@goo.gl,Female,United States
718,Robert,Flores,rfloresjx@plala.or.jp,Male,United States
719,Gregory,Owens,gowensjy@tinyurl.com,Male,United States
720,Anne,Johnston,ajohnstonjz@rediff.com,Female,United States
721,Melissa,Johnson,mjohnsonk0@earthlink.net,Female,United States
722,Gerald,Burns,gburnsk1@buzzfeed.com,Male,United States
723,Ruby,Hawkins,rhawkinsk2@tumblr.com,Female,United States
724,Theresa,Black,tblackk3@nhs.uk,Female,United States
725,Nancy,Perkins,nperkinsk4@ucoz.com,Female,United States
726,Ryan,Pierce,rpiercek5@psu.edu,Male,Mexico
727,Mary,Coleman,mcolemank6@a8.net,Female,Mexico
728,Debra,Carr,dcarrk7@webs.com,Female,Mexico
729,Benjamin,Harvey,bharveyk8@edublogs.org,Male,Canada
730,Scott,Henderson,,Male,United States
731,Alice,Duncan,aduncanka@go.com,Female,Mexico
732,Janet,Romero,jromerokb@typepad.com,Female,United States
733,Christine,Stewart,cstewartkc@google.it,Female,United States
734,Thomas,Parker,tparkerkd@baidu.com,Male,Mexico
735,Patrick,Franklin,pfranklinke@epa.gov,Male,United States
736,Brian,Webb,bwebbkf@fema.gov,Male,Canada
737,Raymond,Wheeler,rwheelerkg@moonfruit.com,Male,Canada
738,Diana,Hughes,dhugheskh@google.com.hk,Female,United States
739,Steve,Marshall,smarshallki@taobao.com,Male,Mexico
740,Scott,Morris,smorriskj@newsvine.com,Male,Canada
741,Douglas,Fields,dfieldskk@deliciousdays.com,Male,United States
742,Heather,Nguyen,hnguyenkl@imgur.com,Female,United States
743,Carlos,Henry,,Male,Canada
744,Linda,Bowman,lbowmankn@cbslocal.com,Female,Mexico
745,Eugene,Martinez,emartinezko@flavors.me,Male,Mexico
746,Judy,Reid,jreidkp@ovh.net,Female,Mexico
747,Jennifer,Freeman,jfreemankq@whitehouse.gov,Female,Canada
748,Kenneth,Meyer,kmeyerkr@upenn.edu,Male,United States
749,Dorothy,Holmes,dholmesks@arizona.edu,Female,United States
750,Jeremy,Watson,jwatsonkt@angelfire.com,Male,United States
751,Paul,Moore,pmooreku@pbs.org,Male,Mexico
752,Diane,Moreno,dmorenokv@loc.gov,Female,United States
753,Christopher,Palmer,cpalmerkw@reference.com,Male,United States
754,Carlos,Richardson,crichardsonkx@google.com,Male,United States
755,Tina,Martinez,tmartinezky@woothemes.com,Female,United States
756,Eugene,Morris,emorriskz@weather.com,Male,Mexico
757,Joyce,Brown,jbrownl0@constantcontact.com,Female,United States
758,Wayne,Franklin,wfranklinl1@ebay.co.uk,Male,United States
759,Margaret,Bradley,mbradleyl2@intel.com,Female,United States
760,Christine,Knight,cknightl3@jimdo.com,Female,United States
761,Cynthia,Gonzalez,cgonzalezl4@washington.edu,Female,United States
762,Brian,Spencer,bspencerl5@upenn.edu,Male,United States
763,Bobby,Fisher,bfisherl6@go.com,Male,Canada
764,Steve,Cole,scolel7@google.com.br,Male,Mexico
765,Keith,Wilson,kwilsonl8@ning.com,Male,Mexico
766,Harold,Scott,hscottl9@e-recht24.de,Male,United States
767,Karen,Robinson,krobinsonla@princeton.edu,Female,Canada
768,Karen,Montgomery,kmontgomerylb@thetimes.co.uk,Female,United States
769,Robert,Franklin,rfranklinlc@addthis.com,Male,United States
770,Virginia,Austin,vaustinld@ft.com,Female,United States
771,Jerry,Richardson,jrichardsonle@ca.gov,Male,United States
772,Daniel,Castillo,dcastillolf@imdb.com,Male,United States
773,Eric,Weaver,eweaverlg@php.net,Male,Canada
774,Sarah,Hamilton,shamiltonlh@nifty.com,Female,United States
775,Carl,King,ckingli@deliciousdays.com,Male,Mexico
776,Brenda,Warren,bwarrenlj@cisco.com,Female,Mexico
777,Jane,Bryant,jbryantlk@istockphoto.com,Female,Mexico
778,Jose,Williamson,jwilliamsonll@army.mil,Male,Canada
779,Sarah,Carr,scarrlm@ibm.com,Female,United States
780,Norma,Hall,nhallln@slideshare.net,Female,Mexico
781,Sharon,Bishop,sbishoplo@cdbaby.com,Female,Mexico
782,Phyllis,Kennedy,pkennedylp@dyndns.org,Female,Mexico
783,Scott,Harrison,sharrisonlq@cam.ac.uk,Male,Canada
784,Carol,Oliver,coliverlr@tiny.cc,Female,Canada
785,Jessica,Peters,jpetersls@accuweather.com,Female,United States
786,Nicholas,George,ngeorgelt@samsung.com,Male,Canada
787,Victor,Myers,vmyerslu@illinois.edu,Male,United States
788,Frank,Ford,ffordlv@elegantthemes.com,Male,United States
789,Arthur,Bishop,abishoplw@yandex.ru,Male,United States
790,Ann,Long,alonglx@mit.edu,Female,Mexico
791,Steve,Arnold,sarnoldly@statcounter.com,Male,Mexico
792,Eric,Fields,efieldslz@cbc.ca,Male,Mexico
793,Rachel,Mccoy,rmccoym0@fc2.com,Female,Canada
794,Rachel,Roberts,rrobertsm1@constantcontact.com,Female,United States
795,Kathy,Griffin,kgriffinm2@dell.com,Female,United States
796,Shirley,Andrews,sandrewsm3@yale.edu,Female,Mexico
797,Chris,Gordon,cgordonm4@europa.eu,Male,United States
798,Michael,Armstrong,marmstrongm5@digg.com,Male,United States
799,Peter,Sims,psimsm6@artisteer.com,Male,United States
800,Anthony,Jacobs,ajacobsm7@forbes.com,Male,United States
801,Ashley,Bailey,abaileym8@lycos.com,Female,United States
802,Laura,Sullivan,lsullivanm9@php.net,Female,United States
803,Matthew,Larson,mlarsonma@shareasale.com,Male,United States
804,Harold,Hunter,hhuntermb@privacy.gov.au,Male,United States
805,Amy,Ferguson,afergusonmc@1688.com,Female,Canada
806,Susan,Cox,scoxmd@bloglines.com,Female,United States
807,Steve,Wheeler,swheelerme@amazonaws.com,Male,United States
808,Joyce,Davis,jdavismf@123-reg.co.uk,Female,United States
809,Mark,Lee,mleemg@arizona.edu,Male,Mexico
810,Roger,Robertson,rrobertsonmh@behance.net,Male,United States
811,Gloria,Long,glongmi@domainmarket.com,Female,United States
812,Henry,Gonzales,hgonzalesmj@hc360.com,Male,United States
813,Diana,Austin,daustinmk@hostgator.com,Female,United States
814,Richard,Turner,rturnerml@wikia.com,Male,United States
815,Victor,Carr,,Male,Mexico
816,Linda,Larson,llarsonmn@cam.ac.uk,Female,United States
817,Michelle,Castillo,mcastillomo@wordpress.com,Female,United States
818,Victor,Gibson,vgibsonmp@nymag.com,Male,United States
819,Julie,Washington,jwashingtonmq@springer.com,Female,Mexico
820,Victor,Lane,vlanemr@wordpress.org,Male,Mexico
821,Cynthia,Powell,cpowellms@tinyurl.com,Female,Mexico
822,Lillian,Wright,lwrightmt@amazon.co.jp,Female,United States
823,Rebecca,Kennedy,rkennedymu@de.vu,Female,Mexico
824,Jack,Reid,jreidmv@slideshare.net,Male,United States
825,Andrea,Hawkins,ahawkinsmw@shinystat.com,Female,United States
826,Deborah,Henderson,dhendersonmx@feedburner.com,Female,United States
827,Katherine,Ruiz,kruizmy@blogspot.com,Female,Canada
828,Harold,Roberts,hrobertsmz@hp.com,Male,United States
829,Rachel,Sanders,rsandersn0@addthis.com,Female,United States
830,Janice,Bell,jbelln1@google.com.au,Female,Canada
831,Phyllis,Burton,pburtonn2@wordpress.com,Female,United States
832,Nicole,Butler,nbutlern3@usgs.gov,Female,United States
833,Larry,White,lwhiten4@joomla.org,Male,United States
834,Louise,Vasquez,lvasquezn5@ehow.com,Female,United States
835,Louis,Lynch,llynchn6@ucoz.com,Male,Canada
836,Emily,Chapman,echapmann7@sfgate.com,Female,Canada
837,Gary,Morrison,,Male,Mexico
838,Jeffrey,Gonzales,jgonzalesn9@opera.com,Male,United States
839,Amy,Ramos,aramosna@clickbank.net,Female,United States
840,Angela,Mendoza,amendozanb@hp.com,Female,Mexico
841,Ann,Lee,aleenc@bravesites.com,Female,Mexico
842,Edward,Garcia,egarciand@quantcast.com,Male,Canada
843,Joshua,Lewis,jlewisne@xing.com,Male,Canada
844,Joyce,Day,jdaynf@imgur.com,Female,Mexico
845,Martin,Larson,mlarsonng@loc.gov,Male,Mexico
846,William,Gordon,wgordonnh@meetup.com,Male,Canada
847,Jeffrey,Owens,jowensni@merriam-webster.com,Male,Mexico
848,Joan,Nichols,jnicholsnj@google.de,Female,United States
849,Denise,Duncan,dduncannk@columbia.edu,Female,United States
850,Jacqueline,Kelly,,Female,Mexico
851,Gregory,Sanders,gsandersnm@fotki.com,Male,Mexico
852,Lillian,Woods,lwoodsnn@hibu.com,Female,United States
853,Cynthia,Bailey,cbaileyno@bloglines.com,Female,Canada
854,Jesse,Freeman,jfreemannp@miibeian.gov.cn,Male,Mexico
855,Richard,Chapman,rchapmannq@themeforest.net,Male,Canada
856,Christine,Rivera,criveranr@last.fm,Female,Canada
857,Arthur,Montgomery,amontgomeryns@psu.edu,Male,United States
858,Kathy,Hicks,khicksnt@live.com,Female,Canada
859,Melissa,Reed,mreednu@mtv.com,Female,Mexico
860,Norma,Rose,nrosenv@qq.com,Female,United States
861,Maria,Fox,mfoxnw@ebay.com,Female,Canada
862,Patrick,Cook,pcooknx@ebay.co.uk,Male,Canada
863,Brian,Griffin,bgriffinny@oaic.gov.au,Male,United States
864,Laura,Romero,lromeronz@house.gov,Female,United States
865,Maria,Webb,mwebbo0@fc2.com,Female,United States
866,Russell,Woods,rwoodso1@miitbeian.gov.cn,Male,United States
867,Craig,Andrews,candrewso2@free.fr,Male,United States
868,Jeffrey,Andrews,jandrewso3@creativecommons.org,Male,Mexico
869,Carlos,Matthews,cmatthewso4@wix.com,Male,Mexico
870,Shawn,Sims,ssimso5@statcounter.com,Male,United States
871,Larry,Hill,lhillo6@posterous.com,Male,Canada
872,Philip,Fowler,pfowlero7@yellowpages.com,Male,United States
873,Sharon,Brooks,sbrookso8@yale.edu,Female,United States
874,Lawrence,Long,llongo9@ifeng.com,Male,United States
875,Sandra,Armstrong,sarmstrongoa@rakuten.co.jp,Female,Canada
876,Juan,Cox,,Male,Canada
877,Maria,Martin,mmartinoc@weebly.com,Female,United States
878,Scott,Bowman,sbowmanod@netvibes.com,Male,Canada
879,Patricia,Fowler,pfowleroe@answers.com,Female,United States
880,Earl,Oliver,eoliverof@oracle.com,Male,United States
881,Juan,Turner,jturnerog@chron.com,Male,United States
882,Sandra,Fields,sfieldsoh@weather.com,Female,United States
883,Jesse,Simmons,jsimmonsoi@dyndns.org,Male,Canada
884,Norma,Ellis,nellisoj@reddit.com,Female,United States
885,Gregory,George,ggeorgeok@dmoz.org,Male,United States
886,Shirley,Rice,sriceol@example.com,Female,United States
887,Sara,Richardson,srichardsonom@nbcnews.com,Female,Mexico
888,Pamela,Hunter,phunteron@cloudflare.com,Female,Canada
889,Anthony,Phillips,aphillipsoo@usa.gov,Male,Canada
890,Jean,White,jwhiteop@weather.com,Female,United States
891,Frances,Myers,fmyersoq@apache.org,Female,Canada
892,Wayne,Kennedy,wkennedyor@blog.com,Male,Canada
893,Julie,Perkins,jperkinsos@illinois.edu,Female,United States
894,Ralph,Jacobs,rjacobsot@examiner.com,Male,Mexico
895,Benjamin,Cruz,bcruzou@businessinsider.com,Male,United States
896,Scott,Ross,srossov@mlb.com,Male,Canada
897,Kenneth,Ramos,kramosow@globo.com,Male,United States
898,Robert,Shaw,rshawox@bbb.org,Male,United States
899,Charles,Ortiz,cortizoy@twitter.com,Male,Canada
900,Douglas,Andrews,dandrewsoz@hp.com,Male,Mexico
901,Lawrence,Parker,lparkerp0@networksolutions.com,Male,United States
902,Jane,Harvey,jharveyp1@bbb.org,Female,United States
903,Ernest,Gordon,egordonp2@go.com,Male,Canada
904,Robert,Wagner,rwagnerp3@discuz.net,Male,Canada
905,Ryan,Johnson,rjohnsonp4@hubpages.com,Male,Canada
906,Edward,Greene,egreenep5@techcrunch.com,Male,Canada
907,Joan,Richards,jrichardsp6@acquirethisname.com,Female,United States
908,Beverly,Arnold,barnoldp7@livejournal.com,Female,Mexico
909,Jerry,Morrison,jmorrisonp8@guardian.co.uk,Male,Mexico
910,Patricia,Berry,pberryp9@vimeo.com,Female,Mexico
911,Dorothy,Riley,drileypa@archive.org,Female,United States
912,Shirley,Johnson,sjohnsonpb@sbwire.com,Female,United States
913,Eugene,Greene,,Male,Mexico
914,Aaron,Jackson,ajacksonpd@clickbank.net,Male,Canada
915,Karen,Miller,kmillerpe@yolasite.com,Female,Canada
916,Janice,Tucker,jtuckerpf@list-manage.com,Female,United States
917,William,Perry,wperrypg@shareasale.com,Male,United States
918,Ernest,Watkins,ewatkinsph@wordpress.org,Male,Mexico
919,Jessica,Patterson,jpattersonpi@wufoo.com,Female,Mexico
920,Louise,Jacobs,ljacobspj@ca.gov,Female,Mexico
921,Anna,Bishop,abishoppk@narod.ru,Female,Canada
922,Donna,Russell,drussellpl@moonfruit.com,Female,United States
923,Jane,Morrison,jmorrisonpm@360.cn,Female,Mexico
924,Steve,Gray,sgraypn@yahoo.com,Male,Mexico
925,Christine,Young,cyoungpo@cnet.com,Female,Mexico
926,Ann,Ford,afordpp@instagram.com,Female,United States
927,Steven,Bennett,sbennettpq@chicagotribune.com,Male,United States
928,Nancy,Mendoza,nmendozapr@facebook.com,Female,United States
929,Russell,Barnes,rbarnesps@plala.or.jp,Male,United States
930,Virginia,Ford,vfordpt@homestead.com,Female,Mexico
931,Frances,Bishop,fbishoppu@google.com.au,Female,United States
932,Antonio,Stanley,astanleypv@fastcompany.com,Male,United States
933,Jeremy,Woods,jwoodspw@geocities.com,Male,Mexico
934,Victor,Hamilton,vhamiltonpx@blogspot.com,Male,United States
935,George,Crawford,gcrawfordpy@arizona.edu,Male,United States
936,Randy,Myers,rmyerspz@washingtonpost.com,Male,United States
937,Terry,Bowman,tbowmanq0@apple.com,Male,Canada
938,Jacqueline,Dunn,jdunnq1@biglobe.ne.jp,Female,United States
939,Charles,Weaver,cweaverq2@dedecms.com,Male,Canada
940,Phillip,Barnes,pbarnesq3@go.com,Male,United States
941,Nancy,Gilbert,ngilbertq4@auda.org.au,Female,Canada
942,Daniel,Baker,dbakerq5@naver.com,Male,United States
943,Shawn,Jones,sjonesq6@state.tx.us,Male,United States
944,Diane,Hunter,dhunterq7@seesaa.net,Female,United States
945,Martha,Graham,mgrahamq8@myspace.com,Female,Canada
946,Louis,Ross,lrossq9@auda.org.au,Male,Mexico
947,Andrea,Wilson,awilsonqa@godaddy.com,Female,United States
948,Scott,Ray,srayqb@cbslocal.com,Male,Canada
949,Barbara,Chapman,bchapmanqc@nytimes.com,Female,United States
950,Sharon,Fields,sfieldsqd@deviantart.com,Female,United States
951,Ryan,Campbell,rcampbellqe@blinklist.com,Male,Canada
952,Carl,Wheeler,cwheelerqf@berkeley.edu,Male,Canada
953,Patricia,Stevens,pstevensqg@delicious.com,Female,United States
954,Antonio,Ortiz,aortizqh@fastcompany.com,Male,Mexico
955,Carolyn,Greene,cgreeneqi@cnn.com,Female,United States
956,Ronald,Castillo,rcastilloqj@dell.com,Male,Canada
957,Jose,Hamilton,jhamiltonqk@mapy.cz,Male,United States
958,Robin,Kim,rkimql@telegraph.co.uk,Female,Mexico
959,Patricia,Day,pdayqm@histats.com,Female,United States
960,Clarence,Stanley,cstanleyqn@cam.ac.uk,Male,Mexico
961,Marilyn,Weaver,mweaverqo@cnbc.com,Female,United States
962,Jose,Freeman,jfreemanqp@princeton.edu,Male,United States
963,Ralph,Gibson,rgibsonqq@intel.com,Male,United States
964,Charles,Richardson,crichardsonqr@rakuten.co.jp,Male,Canada
965,Craig,Sims,csimsqs@oaic.gov.au,Male,United States
966,Ralph,Nelson,rnelsonqt@army.mil,Male,Mexico
967,Ralph,Harrison,rharrisonqu@businessweek.com,Male,United States
968,Robert,Stone,rstoneqv@mlb.com,Male,United States
969,Rebecca,Rivera,rriveraqw@technorati.com,Female,Canada
970,Donna,Martin,dmartinqx@adobe.com,Female,Canada
971,Gerald,Butler,gbutlerqy@devhub.com,Male,United States
972,Albert,Bowman,abowmanqz@europa.eu,Male,Canada
973,Christine,Kennedy,ckennedyr0@psu.edu,Female,Canada
974,George,Payne,gpayner1@tmall.com,Male,Canada
975,Debra,Barnes,dbarnesr2@apache.org,Female,United States
976,Denise,Mason,dmasonr3@zimbio.com,Female,United States
977,Gary,Rose,groser4@bloomberg.com,Male,United States
978,Earl,Jenkins,ejenkinsr5@ebay.co.uk,Male,Canada
979,Rachel,Dean,rdeanr6@naver.com,Female,United States
980,Diane,Hall,dhallr7@microsoft.com,Female,Canada
981,Eric,Wood,ewoodr8@icio.us,Male,United States
982,Anna,Andrews,aandrewsr9@blogtalkradio.com,Female,United States
983,Sara,Sanders,ssandersra@bigcartel.com,Female,United States
984,Samuel,Morgan,smorganrb@51.la,Male,Mexico
985,Beverly,Castillo,bcastillorc@chron.com,Female,United States
986,Theresa,Larson,tlarsonrd@yellowpages.com,Female,Canada
987,George,Dixon,gdixonre@addthis.com,Male,Mexico
988,Roger,Stanley,rstanleyrf@wordpress.com,Male,United States
989,Frank,Greene,fgreenerg@unicef.org,Male,Mexico
990,Mildred,Schmidt,,Female,Mexico
991,Katherine,Hamilton,khamiltonri@gravatar.com,Female,Canada
992,Charles,Mason,cmasonrj@mayoclinic.com,Male,Canada
993,Carol,Flores,cfloresrk@pen.io,Female,United States
994,Virginia,Boyd,vboydrl@g.co,Female,United States
995,Ashley,Rodriguez,arodriguezrm@google.de,Female,United States
996,Daniel,Dixon,ddixonrn@dmoz.org,Male,Canada
997,Janice,Wilson,jwilsonro@usnews.com,Female,Canada
998,Russell,Kennedy,rkennedyrp@utexas.edu,Male,United States
999,Roy,Howard,rhowardrq@over-blog.com,Male,United States
1000,Ann,Moore,amoorerr@google.pl,Female,United States
