id,first_name,last_name,email,gender,country
1,Raymond,Kim,rkim0@soundcloud.com,Male,United States
2,Mary,Andrews,,Female,United States
3,Sarah,Carpenter,scarpenter2@walmart.com,Female,Mexico
4,Lisa,Gonzalez,lgonzalez3@webnode.com,Female,Mexico
5,Paul,Mitchell,pmitchell4@buzzfeed.com,Male,United States
6,Ruth,Brooks,rbrooks5@alibaba.com,Female,United States
7,Wanda,Shaw,wshaw6@dailymotion.com,Female,Mexico
8,Stephen,Moreno,smoreno7@themeforest.net,Male,United States
9,Joshua,Armstrong,jarmstrong8@salon.com,Male,United States
10,Denise,Cook,dcook9@printfriendly.com,Female,Canada
11,Ernest,Cole,ecolea@myspace.com,Male,United States
12,Larry,Ramirez,lramirezb@washington.edu,Male,Mexico
13,Ruth,Campbell,rcampbellc@deviantart.com,Female,United States
14,Martha,Larson,mlarsond@tripadvisor.com,Female,Canada
15,Annie,Reyes,,Female,United States
16,Lois,Spencer,lspencerf@vinaora.com,Female,Canada
17,Martin,Powell,mpowellg@blogs.com,Male,United States
18,Melissa,Matthews,mmatthewsh@engadget.com,Female,Canada
19,Deborah,James,djamesi@livejournal.com,Female,United States
20,Shirley,Patterson,spattersonj@vk.com,Female,United States
21,Susan,Bailey,sbaileyk@icq.com,Female,Mexico
22,Todd,Edwards,tedwardsl@buzzfeed.com,Male,United States
23,Adam,Mccoy,amccoym@soundcloud.com,Male,United States
24,Bruce,Day,bdayn@wikispaces.com,Male,Mexico
25,Harold,Stephens,hstephenso@mac.com,Male,Canada
26,Katherine,Walker,,Female,Mexico
27,Tina,Richardson,trichardsonq@behance.net,Female,Mexico
28,Norma,Coleman,ncolemanr@bravesites.com,Female,Mexico
29,Billy,Stewart,bstewarts@addtoany.com,Male,United States
30,Emily,Watson,ewatsont@kickstarter.com,Female,Mexico
31,Eugene,Powell,epowellu@dot.gov,Male,Canada
32,Cynthia,Adams,cadamsv@blog.com,Female,Canada
33,Jacqueline,Howard,jhowardw@webmd.com,Female,Canada
34,Patrick,Weaver,pweaverx@spiegel.de,Male,Mexico
35,Lawrence,Garza,lgarzay@angelfire.com,Male,United States
36,Paul,Rose,prosez@amazon.co.uk,Male,United States
37,Jeremy,Howell,jhowell10@yahoo.com,Male,United States
38,Amy,Adams,aadams11@cam.ac.uk,Female,Canada
39,Philip,Hughes,phughes12@csmonitor.com,Male,Canada
40,Phillip,Jones,pjones13@ning.com,Male,Canada
41,Donna,Grant,dgrant14@tumblr.com,Female,United States
42,Chris,Rodriguez,crodriguez15@woothemes.com,Male,United States
43,Harold,Burke,hburke16@newyorker.com,Male,United States
44,Albert,Parker,aparker17@reference.com,Male,Mexico
45,Joshua,Holmes,jholmes18@upenn.edu,Male,Canada
46,Andrew,Banks,abanks19@qq.com,Male,United States
47,Gary,Owens,gowens1a@indiatimes.com,Male,Mexico
48,Chris,Owens,cowens1b@barnesandnoble.com,Male,United States
49,Julie,Rose,jrose1c@edublogs.org,Female,Mexico
50,Gloria,Jones,,Female,United States
51,Carl,King,cking1e@amazon.de,Male,Canada
52,Robert,Carroll,rcarroll1f@thetimes.co.uk,Male,United States
53,Anna,Mitchell,amitchell1g@bluehost.com,Female,United States
54,Bruce,Stephens,bstephens1h@gnu.org,Male,Canada
55,Beverly,Russell,brussell1i@loc.gov,Female,United States
56,Norma,Carroll,ncarroll1j@deliciousdays.com,Female,United States
57,Norma,Johnson,njohnson1k@godaddy.com,Female,Mexico
58,Amanda,Fuller,,Female,Mexico
59,Rebecca,Frazier,rfrazier1m@businessweek.com,Female,United States
60,Walter,Arnold,warnold1n@mapquest.com,Male,United States
61,Rebecca,Perkins,,Female,United States
62,Donald,Crawford,dcrawford1p@wufoo.com,Male,United States
63,Eric,Owens,eowens1q@cafepress.com,Male,Canada
64,Gerald,Bell,gbell1r@msn.com,Male,United States
65,Stephanie,Nichols,snichols1s@mysql.com,Female,United States
66,Norma,Wood,nwood1t@scientificamerican.com,Female,Canada
67,Steve,Matthews,smatthews1u@simplemachines.org,Male,Mexico
68,Ralph,Coleman,rcoleman1v@live.com,Male,Canada
69,Gary,Greene,ggreene1w@samsung.com,Male,Mexico
70,Tina,Hicks,thicks1x@geocities.com,Female,United States
71,Teresa,Phillips,tphillips1y@netlog.com,Female,Mexico
72,Carl,Rogers,crogers1z@sphinn.com,Male,United States
73,Ann,Ellis,aellis20@aol.com,Female,Mexico
74,Gerald,Mccoy,gmccoy21@aol.com,Male,Mexico
75,Jean,Wells,jwells22@ow.ly,Female,Mexico
76,Willie,Reyes,wreyes23@latimes.com,Male,Canada
77,Timothy,Graham,tgraham24@weebly.com,Male,United States
78,Theresa,Myers,tmyers25@sfgate.com,Female,Mexico
79,Frances,Willis,fwillis26@360.cn,Female,United States
80,Robin,Hunter,rhunter27@springer.com,Female,United States
81,Martin,Davis,mdavis28@dyndns.org,Male,Canada
82,Thomas,Bradley,tbradley29@netscape.com,Male,United States
83,Helen,Hernandez,hhernandez2a@vkontakte.ru,Female,United States
84,Rebecca,Reed,rreed2b@google.ca,Female,United States
85,Matthew,Walker,mwalker2c@fema.gov,Male,Canada
86,Maria,Day,mday2d@twitter.com,Female,Mexico
87,Judith,Welch,,Female,Mexico
88,Lois,Ramirez,lramirez2f@rediff.com,Female,Mexico
89,Gerald,Carr,gcarr2g@statcounter.com,Male,Mexico
90,Betty,Campbell,bcampbell2h@bandcamp.com,Female,Canada
91,Kathy,Medina,kmedina2i@symantec.com,Female,United States
92,Melissa,Grant,mgrant2j@google.fr,Female,Canada
93,Jane,Lee,jlee2k@reference.com,Female,United States
94,Lisa,Ramirez,lramirez2l@biblegateway.com,Female,United States
95,William,Vasquez,wvasquez2m@photobucket.com,Male,United States
96,Martha,Alexander,malexander2n@clickbank.net,Female,Mexico
97,Christopher,Mills,cmills2o@indiatimes.com,Male,Canada
98,Gregory,Olson,golson2p@theatlantic.com,Male,Canada
99,Timothy,Wright,twright2q@moonfruit.com,Male,United States
100,Andrea,Brown,abrown2r@fc2.com,Female,United States
101,Cheryl,Foster,cfoster2s@squarespace.com,Female,Mexico
102,Adam,Franklin,afranklin2t@purevolume.com,Male,United States
103,Alice,Young,ayoung2u@cbsnews.com,Female,Mexico
104,Sean,Hunter,shunter2v@nydailynews.com,Male,United States
105,Heather,Bowman,hbowman2w@pcworld.com,Female,Canada
106,Ralph,Ramirez,rramirez2x@google.nl,Male,Canada
107,Roy,Foster,rfoster2y@chronoengine.com,Male,United States
108,Martin,Riley,mriley2z@psu.edu,Male,United States
109,Kathy,Scott,kscott30@buzzfeed.com,Female,Canada
110,Katherine,Brown,kbrown31@barnesandnoble.com,Female,Mexico
111,Henry,Sanders,hsanders32@cyberchimps.com,Male,Mexico
112,Todd,Harvey,tharvey33@w3.org,Male,United States
113,Virginia,Ortiz,vortiz34@joomla.org,Female,United States
114,Brian,King,bking35@youku.com,Male,Canada
115,Billy,Vasquez,,Male,United States
116,Joan,Fowler,jfowler37@java.com,Female,United States
117,Tammy,Dunn,tdunn38@psu.edu,Female,United States
118,Sharon,Jackson,sjackson39@stanford.edu,Female,United States
119,Barbara,Taylor,btaylor3a@house.gov,Female,Canada
120,Louise,Harrison,lharrison3b@51.la,Female,United States
121,Melissa,Wallace,mwallace3c@blogspot.com,Female,United States
122,Debra,Mills,dmills3d@xing.com,Female,Mexico
123,Wayne,Grant,wgrant3e@cloudflare.com,Male,United States
124,Michelle,Lynch,mlynch3f@wiley.com,Female,United States
125,Brenda,Bennett,bbennett3g@independent.co.uk,Female,United States
126,Ann,Gray,,Female,Canada
127,Gary,Edwards,gedwards3i@wikispaces.com,Male,United States
128,Thomas,Ford,tford3j@hc360.com,Male,Mexico
129,Bonnie,Cole,bcole3k@themeforest.net,Female,United States
130,Joshua,Barnes,jbarnes3l@reuters.com,Male,United States
131,Irene,Moreno,imoreno3m@zdnet.com,Female,Mexico
132,Joyce,Williams,jwilliams3n@comsenz.com,Female,Mexico
133,Ralph,Foster,rfoster3o@github.com,Male,Mexico
134,Charles,Medina,cmedina3p@mysql.com,Male,Mexico
135,Tammy,Fox,tfox3q@techcrunch.com,Female,Canada
136,Amanda,Gutierrez,agutierrez3r@qq.com,Female,United States
137,Kathryn,Hudson,khudson3s@springer.com,Female,Mexico
138,Roger,Stephens,rstephens3t@pagesperso-orange.fr,Male,United States
139,Melissa,Ferguson,mferguson3u@w3.org,Female,Mexico
140,Keith,Harper,kharper3v@typepad.com,Male,United States
141,Terry,Hernandez,thernandez3w@columbia.edu,Male,Mexico
142,Debra,Kim,dkim3x@dyndns.org,Female,United States
143,Lillian,Phillips,lphillips3y@cnbc.com,Female,Mexico
144,Amanda,Bennett,abennett3z@mozilla.com,Female,United States
145,Helen,Cunningham,hcunningham40@tripadvisor.com,Female,United States
146,Andrea,Brown,abrown41@unicef.org,Female,United States
147,Philip,Ford,pford42@lycos.com,Male,United States
148,Ashley,Stevens,astevens43@surveymonkey.com,Female,Canada
149,Paul,Fields,pfields44@goodreads.com,Male,United States
150,Rebecca,Cox,rcox45@pen.io,Female,United States
151,Betty,Welch,bwelch46@unc.edu,Female,Mexico
152,Joe,Sims,jsims47@amazon.co.jp,Male,United States
153,Kathy,Cox,kcox48@elegantthemes.com,Female,Mexico
154,Harold,Hudson,hhudson49@bravesites.com,Male,Mexico
155,Evelyn,Lynch,elynch4a@gnu.org,Female,Canada
156,Judy,Nguyen,jnguyen4b@ameblo.jp,Female,United States
157,Victor,Gomez,vgomez4c@uol.com.br,Male,United States
158,Anne,Greene,agreene4d@accuweather.com,Female,Mexico
159,Willie,Clark,wclark4e@icq.com,Male,United States
160,Craig,Meyer,,Male,Mexico
161,Thomas,Bishop,tbishop4g@smh.com.au,Male,United States
162,Sandra,Snyder,ssnyder4h@chronoengine.com,Female,Mexico
163,Roy,Ramos,,Male,Mexico
164,Walter,Sanders,wsanders4j@bluehost.com,Male,United States
165,Gloria,Porter,,Female,Canada
166,Julia,Ward,jward4l@mit.edu,Female,United States
167,Matthew,Walker,mwalker4m@eventbrite.com,Male,Canada
168,Billy,Hunter,bhunter4n@earthlink.net,Male,United States
169,Jason,Williamson,jwilliamson4o@over-blog.com,Male,United States
170,Mark,Reid,,Male,United States
171,Larry,Adams,ladams4q@adobe.com,Male,Canada
172,Joshua,Carr,jcarr4r@spotify.com,Male,United States
173,Edward,Carr,ecarr4s@constantcontact.com,Male,United States
174,Jonathan,Watson,jwatson4t@altervista.org,Male,United States
175,Eugene,Moreno,emoreno4u@usnews.com,Male,Mexico
176,Jose,Hansen,jhansen4v@miitbeian.gov.cn,Male,United States
177,Marie,Stone,mstone4w@networkadvertising.org,Female,United States
178,Emily,Stone,estone4x@census.gov,Female,Mexico
179,Johnny,Sullivan,,Male,United States
180,John,Jones,jjones4z@bbc.co.uk,Male,Mexico
181,Linda,Romero,lromero50@cyberchimps.com,Female,Mexico
182,Doris,Harvey,dharvey51@sun.com,Female,United States
183,Anthony,White,awhite52@parallels.com,Male,Mexico
184,Tammy,Frazier,tfrazier53@statcounter.com,Female,United States
185,Beverly,Lawson,blawson54@t-online.de,Female,United States
186,Justin,Olson,jolson55@gizmodo.com,Male,Canada
187,Dennis,Morrison,dmorrison56@ucla.edu,Male,Canada
188,Frances,Mcdonald,fmcdonald57@stanford.edu,Female,United States
189,Karen,Graham,kgraham58@amazon.co.jp,Female,United States
190,Mary,Cole,mcole59@simplemachines.org,Female,United States
191,Samuel,Rogers,srogers5a@berkeley.edu,Male,Canada
192,Jean,Weaver,jweaver5b@amazon.de,Female,United States
193,Julia,Bradley,jbradley5c@tinypic.com,Female,Mexico
194,Jacqueline,Gonzalez,jgonzalez5d@chronoengine.com,Female,Mexico
195,Tina,Meyer,tmeyer5e@discuz.net,Female,Mexico
196,Melissa,Morris,mmorris5f@angelfire.com,Female,Canada
197,Debra,Burns,dburns5g@chron.com,Female,United States
198,Christopher,Carroll,ccarroll5h@amazon.co.uk,Male,Mexico
199,Shirley,Hughes,shughes5i@goo.ne.jp,Female,Canada
200,Janet,Nichols,jnichols5j@comsenz.com,Female,Canada
201,Richard,Collins,rcollins5k@creativecommons.org,Male,Canada
202,Roy,Watson,rwatson5l@joomla.org,Male,Mexico
203,Frank,Griffin,fgriffin5m@discovery.com,Male,United States
204,Jonathan,Turner,jturner5n@oaic.gov.au,Male,Mexico
205,Jonathan,Romero,jromero5o@is.gd,Male,Mexico
206,Kathryn,Palmer,kpalmer5p@forbes.com,Female,United States
207,Cheryl,Palmer,cpalmer5q@usda.gov,Female,Mexico
208,Jack,Stephens,jstephens5r@sphinn.com,Male,Mexico
209,Edward,Howell,,Male,Canada
210,Paul,Coleman,pcoleman5t@geocities.com,Male,United States
211,Linda,Armstrong,larmstrong5u@sbwire.com,Female,United States
212,Dennis,Fowler,dfowler5v@squidoo.com,Male,United States
213,Russell,Welch,rwelch5w@eepurl.com,Male,Canada
214,Earl,Wood,ewood5x@va.gov,Male,Mexico
215,Diane,Gray,dgray5y@trellian.com,Female,Canada
216,Arthur,Garrett,agarrett5z@jugem.jp,Male,Canada
217,Paul,Cooper,pcooper60@ibm.com,Male,Canada
218,Thomas,Phillips,tphillips61@surveymonkey.com,Male,United States
219,Marie,Frazier,mfrazier62@fema.gov,Female,Canada
220,Martin,Medina,mmedina63@psu.edu,Male,Canada
221,Randy,Wood,rwood64@netvibes.com,Male,United States
222,Anne,Bennett,abennett65@cpanel.net,Female,Canada
223,Jean,Arnold,jarnold66@canalblog.com,Female,United States
224,Dennis,George,dgeorge67@accuweather.com,Male,United States
225,Sarah,Nichols,snichols68@washingtonpost.com,Female,Canada
226,Chris,Hansen,chansen69@jugem.jp,Male,Canada
227,Jane,Shaw,jshaw6a@usa.gov,Female,Canada
228,Alan,Fox,afox6b@imageshack.us,Male,Canada
229,Alice,Barnes,abarnes6c@flickr.com,Female,Mexico
230,Nicholas,Banks,nbanks6d@multiply.com,Male,United States
231,Christine,Ward,cward6e@wordpress.org,Female,Mexico
232,Patricia,Young,pyoung6f@vistaprint.com,Female,Mexico
233,Joyce,Porter,jporter6g@dailymotion.com,Female,Canada
234,Kimberly,Ray,kray6h@senate.gov,Female,Mexico
235,Benjamin,Rose,brose6i@sakura.ne.jp,Male,United States
236,Martin,Kelley,mkelley6j@wix.com,Male,Canada
237,Sean,Morgan,,Male,Mexico
238,Todd,Riley,triley6l@flavors.me,Male,United States
239,Cynthia,Williamson,cwilliamson6m@fc2.com,Female,Canada
240,Roger,Burke,rburke6n@cdbaby.com,Male,United States
241,Martin,Wheeler,mwheeler6o@netvibes.com,Male,United States
242,Kathleen,Wagner,kwagner6p@ifeng.com,Female,United States
243,Barbara,Cox,bcox6q@blogtalkradio.com,Female,United States
244,Mary,Hughes,,Female,Mexico
245,Roger,Cruz,rcruz6s@netscape.com,Male,Canada
246,Kelly,Davis,kdavis6t@census.gov,Female,United States
247,Charles,Watson,cwatson6u@cbsnews.com,Male,Mexico
248,Martha,Gray,mgray6v@dailymail.co.uk,Female,United States
249,Charles,Moore,cmoore6w@hostgator.com,Male,Mexico
250,Catherine,Warren,cwarren6x@t.co,Female,Mexico
251,Jack,Lawrence,jlawrence6y@prweb.com,Male,Mexico
252,Roger,Bryant,rbryant6z@google.com.au,Male,United States
253,Jason,Sullivan,jsullivan70@bandcamp.com,Male,United States
254,Justin,Bradley,jbradley71@themeforest.net,Male,United States
255,Karen,Parker,kparker72@barnesandnoble.com,Female,United States
256,Janet,Moore,jmoore73@networksolutions.com,Female,Canada
257,Laura,Ramos,lramos74@uiuc.edu,Female,Mexico
258,Kathryn,Williamson,kwilliamson75@nifty.com,Female,United States
259,Sharon,Ramos,sramos76@csmonitor.com,Female,Canada
260,Wanda,Garza,wgarza77@reference.com,Female,United States
261,Bruce,Hicks,bhicks78@ox.ac.uk,Male,Mexico
262,Robert,Mendoza,rmendoza79@meetup.com,Male,United States
263,Ernest,Mason,emason7a@tiny.cc,Male,United States
264,Angela,Murray,amurray7b@spotify.com,Female,United States
265,Jeffrey,Wallace,jwallace7c@ibm.com,Male,Mexico
266,Kathleen,Richards,krichards7d@reuters.com,Female,Canada
267,Norma,Little,nlittle7e@youtu.be,Female,United States
268,Wayne,Gilbert,wgilbert7f@alexa.com,Male,United States
269,Russell,Vasquez,rvasquez7g@scribd.com,Male,Canada
270,Laura,Pierce,lpierce7h@wp.com,Female,Canada
271,Gerald,Hudson,ghudson7i@yandex.ru,Male,Canada
272,William,Webb,wwebb7j@archive.org,Male,Mexico
273,Emily,Peters,epeters7k@mozilla.com,Female,Canada
274,Cynthia,Perkins,,Female,Mexico
275,Jesse,Young,jyoung7m@purevolume.com,Male,United States
276,Theresa,Armstrong,tarmstrong7n@unesco.org,Female,Mexico
277,Walter,Nguyen,wnguyen7o@jimdo.com,Male,United States
278,Patrick,Alexander,palexander7p@webmd.com,Male,United States
279,Patrick,Hudson,phudson7q@histats.com,Male,United States
280,Melissa,Fields,mfields7r@google.es,Female,Canada
281,Bobby,Richards,brichards7s@chicagotribune.com,Male,Canada
282,Fred,Robertson,frobertson7t@epa.gov,Male,Canada
283,Lois,Green,lgreen7u@slashdot.org,Female,Canada
284,John,Wheeler,jwheeler7v@hud.gov,Male,Canada
285,Joe,Mitchell,jmitchell7w@wikispaces.com,Male,Canada
286,Carlos,Burke,cburke7x@webeden.co.uk,Male,United States
287,Jean,Palmer,jpalmer7y@hud.gov,Female,Mexico
288,Jeffrey,Brooks,jbrooks7z@hatena.ne.jp,Male,Mexico
289,Jessica,Andrews,jandrews80@sciencedirect.com,Female,Canada
290,Margaret,Morgan,mmorgan81@columbia.edu,Female,Canada
291,Wayne,Little,wlittle82@reverbnation.com,Male,Canada
292,Doris,Young,dyoung83@friendfeed.com,Female,United States
293,Jacqueline,Duncan,jduncan84@goodreads.com,Female,United States
294,Sara,Ellis,sellis85@examiner.com,Female,United States
295,Jeffrey,Mcdonald,jmcdonald86@vinaora.com,Male,Canada
296,Wayne,Fields,wfields87@hao123.com,Male,Canada
297,Theresa,Hanson,,Female,United States
298,Willie,Lawson,wlawson89@cisco.com,Male,United States
299,Edward,Thomas,ethomas8a@ebay.co.uk,Male,Mexico
300,Ronald,Robertson,rrobertson8b@pagesperso-orange.fr,Male,Canada
301,Emily,Harrison,eharrison8c@hibu.com,Female,Canada
302,Laura,Young,lyoung8d@networkadvertising.org,Female,Canada
303,Ernest,Richards,erichards8e@fc2.com,Male,Mexico
304,Rebecca,Alvarez,ralvarez8f@boston.com,Female,United States
305,Jose,George,jgeorge8g@technorati.com,Male,Mexico
306,Jose,Pierce,jpierce8h@desdev.cn,Male,Mexico
307,Christine,Murphy,cmurphy8i@reverbnation.com,Female,United States
308,Justin,Matthews,jmatthews8j@odnoklassniki.ru,Male,Canada
309,Annie,Armstrong,aarmstrong8k@wired.com,Female,United States
310,Denise,Clark,dclark8l@i2i.jp,Female,Mexico
311,Benjamin,Martinez,bmartinez8m@unesco.org,Male,Canada
312,Cynthia,Banks,cbanks8n@npr.org,Female,Mexico
313,Lori,Lane,llane8o@hud.gov,Female,Mexico
314,Diana,Wilson,dwilson8p@vimeo.com,Female,United States
315,Nicholas,Reed,nreed8q@friendfeed.com,Male,Canada
316,Tina,Sanchez,tsanchez8r@hibu.com,Female,United States
317,Nicholas,Lynch,nlynch8s@va.gov,Male,Canada
318,Phyllis,Elliott,pelliott8t@cocolog-nifty.com,Female,Canada
319,Kevin,Nguyen,,Male,Canada
320,Kevin,Flores,kflores8v@rediff.com,Male,United States
321,Fred,Howard,fhoward8w@reddit.com,Male,Canada
322,Patricia,Rose,prose8x@moonfruit.com,Female,Mexico
323,Andrea,Davis,adavis8y@wufoo.com,Female,Canada
324,Thomas,Sanchez,tsanchez8z@tinypic.com,Male,United States
325,Robert,Robertson,rrobertson90@google.cn,Male,Mexico
326,Andrew,Burke,aburke91@cdbaby.com,Male,Canada
327,Stephen,Smith,ssmith92@yellowbook.com,Male,Mexico
328,Amanda,Nelson,anelson93@behance.net,Female,United States
329,Cynthia,George,cgeorge94@tmall.com,Female,United States
330,Sarah,Hunter,shunter95@vkontakte.ru,Female,United States
331,Juan,Little,jlittle96@oaic.gov.au,Male,Canada
332,Jennifer,Freeman,jfreeman97@hao123.com,Female,Canada
333,Carlos,Sullivan,csullivan98@nasa.gov,Male,Canada
334,Susan,Garcia,sgarcia99@cmu.edu,Female,Mexico
335,Donald,Bowman,dbowman9a@usda.gov,Male,United States
336,Theresa,Watkins,twatkins9b@pen.io,Female,United States
337,Frances,Chapman,fchapman9c@artisteer.com,Female,Canada
338,James,Cooper,jcooper9d@cdc.gov,Male,United States
339,Christopher,Johnson,cjohnson9e@whitehouse.gov,Male,United States
340,Matthew,Cruz,mcruz9f@surveymonkey.com,Male,United States
341,Lisa,Daniels,ldaniels9g@amazon.com,Female,United States
342,Diana,Ford,dford9h@walmart.com,Female,United States
343,Antonio,Grant,agrant9i@upenn.edu,Male,United States
344,Larry,Collins,lcollins9j@archive.org,Male,Mexico
345,Joseph,Perry,jperry9k@cyberchimps.com,Male,Canada
346,Alice,Freeman,afreeman9l@cbc.ca,Female,Canada
347,Jane,Phillips,jphillips9m@buzzfeed.com,Female,United States
348,Janice,Hicks,jhicks9n@java.com,Female,Canada
349,Steve,Wells,swells9o@diigo.com,Male,Mexico
350,Louis,Holmes,lholmes9p@yellowbook.com,Male,Canada
351,Ralph,Porter,rporter9q@sourceforge.net,Male,Mexico
352,Melissa,Gutierrez,mgutierrez9r@nps.gov,Female,United States
353,Gary,James,gjames9s@deviantart.com,Male,Mexico
354,Gloria,Peters,gpeters9t@odnoklassniki.ru,Female,United States
355,Andrea,Gonzalez,,Female,United States
356,Shawn,Wells,swells9v@phpbb.com,Male,United States
357,Michael,Moore,,Male,Canada
358,Christopher,Ortiz,,Male,Mexico
359,Bonnie,Moore,bmoore9y@stumbleupon.com,Female,United States
360,Laura,Sims,lsims9z@buzzfeed.com,Female,Mexico
361,Margaret,Hart,mharta0@newyorker.com,Female,Mexico
362,Teresa,Moreno,tmorenoa1@devhub.com,Female,Canada
363,Larry,Reynolds,lreynoldsa2@sphinn.com,Male,United States
364,Shawn,Peters,spetersa3@ftc.gov,Male,United States
365,Michelle,Tucker,mtuckera4@senate.gov,Female,Canada
366,Frances,Pierce,fpiercea5@accuweather.com,Female,United States
367,Jerry,Foster,jfostera6@eepurl.com,Male,Mexico
368,Diane,Butler,dbutlera7@dailymail.co.uk,Female,Canada
369,Christina,Lewis,clewisa8@phpbb.com,Female,United States
370,Ruth,Duncan,rduncana9@kickstarter.com,Female,United States
371,Judith,Cole,jcoleaa@msn.com,Female,Canada
372,Louis,Spencer,lspencerab@army.mil,Male,Mexico
373,Philip,Brown,pbrownac@sfgate.com,Male,Canada
374,Lillian,Evans,levansad@yale.edu,Female,United States
375,Marie,Jordan,mjordanae@timesonline.co.uk,Female,United States
376,Joseph,Phillips,jphillipsaf@slate.com,Male,United States
377,Ruth,Stone,rstoneag@shareasale.com,Female,United States
378,Virginia,Baker,vbakerah@nature.com,Female,United States
379,Jason,Porter,jporterai@ca.gov,Male,United States
380,Tina,Larson,tlarsonaj@amazon.co.uk,Female,United States
381,Terry,Hawkins,thawkinsak@msu.edu,Male,United States
382,Willie,Sanchez,wsanchezal@gov.uk,Male,Mexico
383,Wayne,Mason,wmasonam@tumblr.com,Male,Canada
384,Mark,Meyer,mmeyeran@vinaora.com,Male,United States
385,Joe,Oliver,joliverao@yelp.com,Male,Canada
386,Phyllis,Watson,,Female,Mexico
387,James,Carpenter,jcarpenteraq@bbc.co.uk,Male,Mexico
388,Marie,Bennett,mbennettar@boston.com,Female,Canada
389,Nancy,Young,,Female,United States
390,Brian,Taylor,btaylorat@ucsd.edu,Male,Mexico
391,John,Sanders,jsandersau@com.com,Male,Canada
392,Annie,Ramos,aramosav@webeden.co.uk,Female,United States
393,Kenneth,Holmes,kholmesaw@upenn.edu,Male,Mexico
394,Thomas,Hudson,,Male,Canada
395,Joe,Fox,jfoxay@odnoklassniki.ru,Male,United States
396,Jason,Kelley,jkelleyaz@bbc.co.uk,Male,United States
397,Henry,Stanley,hstanleyb0@bing.com,Male,United States
398,Nicole,Coleman,ncolemanb1@opensource.org,Female,United States
399,Mary,Freeman,mfreemanb2@sciencedirect.com,Female,United States
400,Anna,Thompson,athompsonb3@statcounter.com,Female,United States
401,Rose,Carpenter,rcarpenterb4@ustream.tv,Female,United States
402,Jonathan,Hicks,jhicksb5@yandex.ru,Male,Canada
403,Andrea,Ferguson,afergusonb6@msn.com,Female,United States
404,Shirley,Jenkins,sjenkinsb7@linkedin.com,Female,United States
405,Anne,Hudson,ahudsonb8@yahoo.co.jp,Female,United States
406,Annie,Burns,aburnsb9@oracle.com,Female,Mexico
407,Dorothy,Olson,dolsonba@technorati.com,Female,Canada
408,Susan,Peters,spetersbb@marketwatch.com,Female,United States
409,Martha,Webb,mwebbbc@scientificamerican.com,Female,Canada
410,Nancy,Jones,njonesbd@spotify.com,Female,Mexico
411,Ruth,Hall,rhallbe@flavors.me,Female,United States
412,Paula,Owens,powensbf@yelp.com,Female,Canada
413,Alice,Larson,alarsonbg@imageshack.us,Female,United States
414,Paula,Flores,pfloresbh@latimes.com,Female,Canada
415,Samuel,Ramos,sramosbi@epa.gov,Male,Canada
416,Jessica,Washington,,Female,United States
417,Sandra,Miller,smillerbk@ed.gov,Female,Canada
418,Terry,Collins,tcollinsbl@xing.com,Male,Mexico
419,Rachel,Burke,rburkebm@walmart.com,Female,United States
420,Michelle,Henry,mhenrybn@themeforest.net,Female,Canada
421,Richard,Banks,rbanksbo@tumblr.com,Male,United States
422,Jesse,Ferguson,jfergusonbp@joomla.org,Male,United States
423,Gerald,Roberts,grobertsbq@fotki.com,Male,United States
424,Jimmy,King,jkingbr@etsy.com,Male,United States
425,Catherine,Rogers,crogersbs@latimes.com,Female,United States
426,Harold,Murray,hmurraybt@phpbb.com,Male,United States
427,Carolyn,Greene,cgreenebu@aboutads.info,Female,Mexico
428,Cheryl,Henderson,chendersonbv@xinhuanet.com,Female,Mexico
429,Anna,Watkins,awatkinsbw@loc.gov,Female,United States
430,Matthew,Gonzales,mgonzalesbx@hhs.gov,Male,Canada
431,Scott,Butler,sbutlerby@cocolog-nifty.com,Male,United States
432,Katherine,Ramirez,kramirezbz@umn.edu,Female,Mexico
433,Ernest,Evans,eevansc0@oakley.com,Male,United States
434,Phillip,Torres,,Male,United States
435,Anne,Sullivan,asullivanc2@histats.com,Female,Mexico
436,Philip,Ramirez,pramirezc3@chron.com,Male,United States
437,Joseph,Harper,jharperc4@constantcontact.com,Male,Mexico
438,Terry,Wells,twellsc5@reuters.com,Male,United States
439,Edward,Peters,epetersc6@creativecommons.org,Male,United States
440,Ronald,Nichols,rnicholsc7@e-recht24.de,Male,Mexico
441,Earl,Stanley,estanleyc8@mlb.com,Male,United States
442,Marilyn,Lawson,mlawsonc9@gizmodo.com,Female,Mexico
443,Jeremy,Weaver,jweaverca@upenn.edu,Male,United States
444,Richard,Montgomery,rmontgomerycb@miitbeian.gov.cn,Male,Mexico
445,Judy,Roberts,jrobertscc@intel.com,Female,United States
446,Joseph,Fields,jfieldscd@goo.gl,Male,Canada
447,Teresa,Scott,tscottce@ehow.com,Female,Mexico
448,Dorothy,Mendoza,dmendozacf@dot.gov,Female,United States
449,Ruth,Reid,rreidcg@bloglines.com,Female,Mexico
450,Jennifer,Lopez,jlopezch@addtoany.com,Female,Mexico
451,Walter,Medina,wmedinaci@google.nl,Male,United States
452,Donald,Johnson,djohnsoncj@lulu.com,Male,United States
453,Catherine,Harris,,Female,United States
454,Patricia,Hunt,phuntcl@surveymonkey.com,Female,Canada
455,Amy,Ruiz,aruizcm@mac.com,Female,Mexico
456,Larry,Gutierrez,lgutierrezcn@ovh.net,Male,Canada
457,Jose,Black,jblackco@noaa.gov,Male,United States
458,Stephen,Graham,sgrahamcp@barnesandnoble.com,Male,United States
459,Howard,White,hwhitecq@samsung.com,Male,United States
460,Paul,Washington,pwashingtoncr@livejournal.com,Male,Mexico
461,Elizabeth,Black,eblackcs@instagram.com,Female,Canada
462,Jonathan,Johnston,jjohnstonct@reverbnation.com,Male,United States
463,Donald,Rodriguez,drodriguezcu@slashdot.org,Male,United States
464,Roy,Chapman,rchapmancv@house.gov,Male,Mexico
465,Pamela,Torres,ptorrescw@facebook.com,Female,United States
466,Phyllis,Richards,prichardscx@topsy.com,Female,United States
467,Clarence,Romero,cromerocy@census.gov,Male,Canada
468,Dorothy,Hill,dhillcz@tumblr.com,Female,United States
469,Carl,Bowman,cbowmand0@java.com,Male,Mexico
470,Deborah,Hart,dhartd1@mashable.com,Female,Canada
471,Jane,Moore,jmoored2@sakura.ne.jp,Female,Canada
472,Pamela,Reynolds,preynoldsd3@tiny.cc,Female,Mexico
473,Charles,Kelley,ckelleyd4@tuttocitta.it,Male,United States
474,Irene,Richards,irichardsd5@state.gov,Female,United States
475,Mary,Chapman,mchapmand6@hexun.com,Female,United States
476,Terry,Lawrence,tlawrenced7@topsy.com,Male,Mexico
477,Joe,Perry,jperryd8@nps.gov,Male,Canada
478,Robin,Mitchell,rmitchelld9@mediafire.com,Female,United States
479,Thomas,Harrison,tharrisonda@fc2.com,Male,Mexico
480,Ernest,Black,eblackdb@mashable.com,Male,United States
481,Thomas,Payne,tpaynedc@thetimes.co.uk,Male,Mexico
482,Jeffrey,Perez,jperezdd@virginia.edu,Male,United States
483,Maria,Carr,mcarrde@goo.ne.jp,Female,Mexico
484,Lawrence,Chapman,lchapmandf@scribd.com,Male,Canada
485,Ruth,Carpenter,,Female,Mexico
486,Lori,Rivera,lriveradh@example.com,Female,Canada
487,Jeremy,Watkins,jwatkinsdi@tuttocitta.it,Male,United States
488,Gregory,Sims,gsimsdj@alexa.com,Male,Canada
489,Arthur,Armstrong,aarmstrongdk@wikia.com,Male,Canada
490,Edward,Larson,elarsondl@auda.org.au,Male,United States
491,Brandon,Mason,bmasondm@cargocollective.com,Male,Mexico
492,Andrew,West,awestdn@sfgate.com,Male,United States
493,Terry,Little,tlittledo@blogger.com,Male,United States
494,Tina,Kim,tkimdp@walmart.com,Female,United States
495,Anthony,Lawrence,alawrencedq@unblog.fr,Male,United States
496,Steve,Sanchez,ssanchezdr@live.com,Male,United States
497,Gregory,Carr,gcarrds@paginegialle.it,Male,Canada
498,Bobby,Gutierrez,bgutierrezdt@pbs.org,Male,Mexico
499,Sharon,Coleman,,Female,United States
500,Ronald,Garza,rgarzadv@salon.com,Male,United States
501,Charles,Hall,challdw@globo.com,Male,Mexico
502,Mary,Gonzalez,mgonzalezdx@hibu.com,Female,United States
503,Arthur,Ryan,aryandy@elpais.com,Male,Mexico
504,Michelle,Bowman,mbowmandz@amazon.de,Female,Mexico
505,Frances,Harris,fharrise0@state.gov,Female,United States
506,Jonathan,Rodriguez,,Male,Mexico
507,Diana,Reyes,dreyese2@unicef.org,Female,Canada
508,Diane,Larson,dlarsone3@cdc.gov,Female,Mexico
509,Willie,Griffin,wgriffine4@gnu.org,Male,Canada
510,Teresa,Turner,tturnere5@chicagotribune.com,Female,United States
511,Tina,Montgomery,tmontgomerye6@reddit.com,Female,Mexico
512,William,Perry,wperrye7@hubpages.com,Male,Mexico
513,Ralph,Alexander,ralexandere8@census.gov,Male,United States
514,Sharon,Jordan,sjordane9@alexa.com,Female,Mexico
515,Julie,Lynch,jlynchea@ning.com,Female,Canada
516,Tina,Gray,tgrayeb@newsvine.com,Female,United States
517,Deborah,Hayes,,Female,United States
518,Michelle,Clark,mclarked@skyrock.com,Female,United States
519,Mildred,Black,mblackee@state.tx.us,Female,Mexico
520,Benjamin,Washington,bwashingtonef@cnet.com,Male,United States
521,Willie,Ryan,wryaneg@dropbox.com,Male,United States
522,Justin,Brooks,jbrookseh@google.co.jp,Male,Mexico
523,Jason,Fisher,jfisherei@japanpost.jp,Male,United States
524,Antonio,Reed,areedej@xing.com,Male,United States
525,Aaron,James,ajamesek@altervista.org,Male,United States
526,Janice,Hart,jhartel@storify.com,Female,Canada
527,Catherine,Scott,cscottem@cyberchimps.com,Female,United States
528,Angela,Baker,abakeren@goodreads.com,Female,Mexico
529,Bruce,Mendoza,bmendozaeo@oaic.gov.au,Male,United States
530,Robert,Gibson,rgibsonep@youku.com,Male,United States
531,Nicholas,Cole,ncoleeq@over-blog.com,Male,United States
532,Alice,Morales,amoraleser@ucoz.ru,Female,Canada
533,Jonathan,Boyd,jboydes@list-manage.com,Male,Canada
534,Paul,Lane,planeet@mysql.com,Male,Canada
535,Ralph,Rivera,rriveraeu@imageshack.us,Male,United States
536,Sean,Lane,slaneev@google.de,Male,United States
537,Roger,Hamilton,rhamiltonew@stumbleupon.com,Male,Canada
538,Robin,Freeman,rfreemanex@bing.com,Female,Canada
539,Kathy,Smith,ksmithey@webmd.com,Female,United States
540,Donald,Flores,dfloresez@google.com,Male,Mexico
541,Joan,Hicks,jhicksf0@opera.com,Female,United States
542,Charles,Diaz,cdiazf1@last.fm,Male,Canada
543,John,Jenkins,jjenkinsf2@free.fr,Male,Mexico
544,Sara,Fields,sfieldsf3@hubpages.com,Female,Canada
545,Terry,Dean,,Male,United States
546,Tammy,Boyd,tboydf5@oaic.gov.au,Female,United States
547,Mary,Willis,,Female,Canada
548,Walter,Mcdonald,wmcdonaldf7@yandex.ru,Male,United States
549,Heather,Nguyen,hnguyenf8@odnoklassniki.ru,Female,United States
550,Julia,Davis,jdavisf9@cnbc.com,Female,United States
551,Sarah,Romero,sromerofa@europa.eu,Female,United States
552,Catherine,Collins,ccollinsfb@army.mil,Female,Canada
553,Denise,Lynch,dlynchfc@cornell.edu,Female,Canada
554,Norma,Welch,nwelchfd@livejournal.com,Female,Canada
555,Clarence,Watson,cwatsonfe@discuz.net,Male,United States
556,Larry,Sanchez,lsanchezff@instagram.com,Male,Canada
557,Ralph,Olson,rolsonfg@time.com,Male,United States
558,Kimberly,Murphy,kmurphyfh@webnode.com,Female,Canada
559,Kelly,Palmer,kpalmerfi@yahoo.com,Female,Mexico
560,Katherine,Smith,ksmithfj@hhs.gov,Female,Canada
561,Kenneth,Cruz,kcruzfk@senate.gov,Male,Canada
562,Antonio,Gray,agrayfl@arizona.edu,Male,Mexico
563,Fred,Lawrence,flawrencefm@blogs.com,Male,United States
564,Martha,Ward,mwardfn@marketwatch.com,Female,United States
565,Teresa,Fox,tfoxfo@toplist.cz,Female,Canada
566,Cynthia,Thompson,cthompsonfp@sohu.com,Female,United States
567,Rachel,Burns,rburnsfq@skype.com,Female,Mexico
568,Justin,Bradley,jbradleyfr@tinyurl.com,Male,Mexico
569,Judith,Williamson,jwilliamsonfs@deliciousdays.com,Female,Canada
570,Jesse,Anderson,jandersonft@earthlink.net,Male,United States
571,Kathy,Hamilton,khamiltonfu@yahoo.com,Female,Mexico
572,Martha,Day,,Female,United States
573,Deborah,Meyer,dmeyerfw@istockphoto.com,Female,Canada
574,Donna,Stevens,dstevensfx@barnesandnoble.com,Female,Canada
575,Todd,Ellis,tellisfy@dion.ne.jp,Male,Canada
576,Diana,Hall,dhallfz@topsy.com,Female,Canada
577,Melissa,Kim,mkimg0@macromedia.com,Female,United States
578,Frances,Gilbert,fgilbertg1@bloomberg.com,Female,Canada
579,Angela,Wilson,awilsong2@usatoday.com,Female,Canada
580,Jimmy,Jordan,jjordang3@sun.com,Male,United States
581,Victor,Montgomery,vmontgomeryg4@amazonaws.com,Male,United States
582,Carl,Murray,cmurrayg5@lulu.com,Male,Mexico
583,Julia,Perkins,jperkinsg6@diigo.com,Female,Canada
584,Kathryn,Campbell,kcampbellg7@cpanel.net,Female,Canada
585,Douglas,Lawrence,dlawrenceg8@google.com.hk,Male,Canada
586,Louise,Wheeler,lwheelerg9@ezinearticles.com,Female,Mexico
587,Louis,Long,llongga@ox.ac.uk,Male,United States
588,John,Lewis,jlewisgb@ocn.ne.jp,Male,United States
589,Clarence,Henderson,chendersongc@ask.com,Male,United States
590,Susan,Cooper,scoopergd@who.int,Female,Canada
591,Jeremy,Stevens,,Male,United States
592,Tina,Long,tlonggf@time.com,Female,United States
593,Sara,Fisher,sfishergg@omniture.com,Female,Canada
594,Ruth,Larson,rlarsongh@walmart.com,Female,Mexico
595,Sarah,Washington,swashingtongi@google.fr,Female,United States
596,Peter,Burton,pburtongj@slideshare.net,Male,Mexico
597,Sean,Ramirez,sramirezgk@prnewswire.com,Male,Canada
598,Frank,Cunningham,fcunninghamgl@yellowbook.com,Male,United States
599,Joshua,Turner,jturnergm@cdc.gov,Male,United States
600,Russell,Meyer,rmeyergn@answers.com,Male,Canada
601,Janet,Rivera,jriverago@dion.ne.jp,Female,United States
602,Ruby,Sullivan,rsullivangp@shop-pro.jp,Female,Canada
603,Lori,Jones,ljonesgq@geocities.jp,Female,Mexico
604,Marilyn,Olson,,Female,United States
605,Denise,Mcdonald,dmcdonaldgs@studiopress.com,Female,Mexico
606,Juan,Nichols,jnicholsgt@nbcnews.com,Male,United States
607,Craig,Henderson,chendersongu@cdbaby.com,Male,Canada
608,Catherine,Carter,ccartergv@weebly.com,Female,United States
609,Laura,Hall,lhallgw@hp.com,Female,Canada
610,Gregory,Jenkins,gjenkinsgx@ning.com,Male,United States
611,Samuel,Barnes,sbarnesgy@storify.com,Male,Mexico
612,Robin,Hughes,rhughesgz@chron.com,Female,Canada
613,Donald,Cole,dcoleh0@163.com,Male,United States
614,Edward,Young,eyoungh1@twitpic.com,Male,United States
615,Nicole,Cooper,ncooperh2@ovh.net,Female,United States
616,Janet,Taylor,jtaylorh3@google.com.hk,Female,Canada
617,Roger,Oliver,roliverh4@ftc.gov,Male,United States
618,Bobby,Gonzales,bgonzalesh5@europa.eu,Male,United States
619,Brandon,Harper,,Male,United States
620,Martha,Webb,mwebbh7@infoseek.co.jp,Female,United States
621,Linda,Nguyen,lnguyenh8@liveinternet.ru,Female,United States
622,Ryan,Shaw,rshawh9@t-online.de,Male,Canada
623,Roy,Johnson,rjohnsonha@cloudflare.com,Male,Mexico
624,Elizabeth,Brooks,ebrookshb@si.edu,Female,United States
625,Christine,Patterson,cpattersonhc@upenn.edu,Female,Mexico
626,Steven,Stone,sstonehd@trellian.com,Male,Mexico
627,Katherine,Franklin,,Female,United States
628,Paul,Gilbert,pgilberthf@linkedin.com,Male,Mexico
629,Maria,Wood,mwoodhg@merriam-webster.com,Female,Canada
630,Russell,Tucker,rtuckerhh@blogger.com,Male,United States
631,Alice,Oliver,aoliverhi@jalbum.net,Female,Canada
632,Norma,Howell,nhowellhj@blogger.com,Female,United States
633,Maria,James,mjameshk@blogger.com,Female,United States
634,Stephen,Ray,srayhl@ehow.com,Male,Mexico
635,Maria,Holmes,mholmeshm@w3.org,Female,Canada
636,Lois,Garcia,,Female,Canada
637,Ernest,Garza,egarzaho@va.gov,Male,Mexico
638,Antonio,Price,apricehp@opensource.org,Male,Mexico
639,Ronald,Lopez,rlopezhq@senate.gov,Male,United States
640,Ann,Dunn,adunnhr@deliciousdays.com,Female,United States
641,Denise,Thomas,dthomashs@independent.co.uk,Female,Canada
642,Doris,Mills,dmillsht@wordpress.org,Female,United States
643,Lawrence,Turner,lturnerhu@adobe.com,Male,United States
644,Samuel,Gray,sgrayhv@issuu.com,Male,Canada
645,Tammy,Davis,tdavishw@e-recht24.de,Female,United States
646,Anthony,Hall,ahallhx@mozilla.com,Male,Mexico
647,Laura,Garcia,lgarciahy@homestead.com,Female,United States
648,Amanda,Nelson,anelsonhz@cnn.com,Female,United States
649,Carolyn,Romero,cromeroi0@theglobeandmail.com,Female,United States
650,Harry,Richardson,hrichardsoni1@hugedomains.com,Male,United States
651,Jason,Lee,jleei2@paginegialle.it,Male,Mexico
652,Patricia,Gordon,pgordoni3@soup.io,Female,United States
653,Adam,Moore,amoorei4@facebook.com,Male,United States
654,Teresa,Kelly,tkellyi5@miitbeian.gov.cn,Female,Mexico
655,Nancy,Bell,nbelli6@msn.com,Female,United States
656,Benjamin,Medina,bmedinai7@sina.com.cn,Male,United States
657,Jeremy,Bishop,jbishopi8@bbc.co.uk,Male,United States
658,Marilyn,Howell,mhowelli9@bizjournals.com,Female,United States
659,Chris,Walker,cwalkeria@ibm.com,Male,Canada
660,Judith,Shaw,jshawib@csmonitor.com,Female,United States
661,Tina,Reynolds,treynoldsic@cpanel.net,Female,Canada
662,Judy,Marshall,jmarshallid@pen.io,Female,Canada
663,Ann,Diaz,adiazie@businesswire.com,Female,United States
664,Martha,Bradley,mbradleyif@merriam-webster.com,Female,United States
665,Albert,Martinez,amartinezig@skype.com,Male,Canada
666,Diane,Snyder,dsnyderih@wired.com,Female,Canada
667,Randy,Moore,rmooreii@youku.com,Male,Canada
668,Cynthia,Reyes,creyesij@domainmarket.com,Female,United States
669,Betty,Pierce,bpierceik@mozilla.com,Female,Canada
670,Scott,Fernandez,sfernandezil@cornell.edu,Male,United States
671,Roy,Matthews,rmatthewsim@paypal.com,Male,United States
672,Laura,Young,lyoungin@zdnet.com,Female,United States
673,Linda,Owens,lowensio@telegraph.co.uk,Female,United States
674,Alan,Jenkins,ajenkinsip@si.edu,Male,Canada
675,Kevin,Hicks,,Male,Canada
676,Donald,Mcdonald,dmcdonaldir@chronoengine.com,Male,Mexico
677,Doris,Wood,dwoodis@google.ca,Female,United States
678,Shawn,Hansen,shansenit@google.es,Male,United States
679,Doris,Bennett,dbennettiu@360.cn,Female,Mexico
680,Julia,Black,jblackiv@loc.gov,Female,United States
681,Bobby,Armstrong,barmstrongiw@bandcamp.com,Male,Mexico
682,Christina,Duncan,cduncanix@angelfire.com,Female,Canada
683,Barbara,Gonzalez,bgonzaleziy@godaddy.com,Female,Canada
684,Jonathan,Porter,jporteriz@engadget.com,Male,Canada
685,Catherine,Kelly,ckellyj0@pen.io,Female,Mexico
686,Pamela,Wright,,Female,Mexico
687,Gloria,Richardson,grichardsonj2@webmd.com,Female,United States
688,Frank,Castillo,fcastilloj3@narod.ru,Male,Canada
689,Jesse,Gray,jgrayj4@nationalgeographic.com,Male,United States
690,Anthony,Harrison,aharrisonj5@gravatar.com,Male,Canada
691,Daniel,Moore,dmoorej6@bluehost.com,Male,Canada
692,Albert,Peters,apetersj7@yellowbook.com,Male,United States
693,Juan,Edwards,jedwardsj8@hao123.com,Male,United States
694,Lois,Cruz,lcruzj9@yolasite.com,Female,United States
695,Roger,Ferguson,rfergusonja@freewebs.com,Male,Canada
696,Chris,Mccoy,cmccoyjb@altervista.org,Male,United States
697,Lillian,Jackson,ljacksonjc@fotki.com,Female,United States
698,Linda,Henderson,lhendersonjd@china.com.cn,Female,Canada
699,Helen,Mason,hmasonje@eventbrite.com,Female,United States
700,Keith,Mendoza,kmendozajf@engadget.com,Male,United States
701,Terry,Campbell,tcampbelljg@purevolume.com,Male,Mexico
702,Howard,Mitchell,hmitchelljh@ted.com,Male,Canada
703,Kenneth,Kim,kkimji@google.com.au,Male,Mexico
704,Irene,Nichols,inicholsjj@xinhuanet.com,Female,Mexico
705,Keith,Martinez,kmartinezjk@com.com,Male,United States
706,Angela,Wagner,awagnerjl@cafepress.com,Female,United States
707,Sharon,Johnston,sjohnstonjm@quantcast.com,Female,United States
708,Melissa,Jones,mjonesjn@ft.com,Female,United States
709,Emily,Webb,ewebbjo@stumbleupon.com,Female,Mexico
710,Todd,Gonzales,tgonzalesjp@bbc.co.uk,Male,Canada
711,Sharon,Stewart,,Female,Canada
712,Nicole,Jordan,njordanjr@patch.com,Female,Mexico
713,Heather,Lynch,hlynchjs@ovh.net,Female,United States
714,Helen,Barnes,hbarnesjt@github.com,Female,Mexico
715,Maria,Lewis,mlewisju@weibo.com,Female,Canada
716,Teresa,Murray,tmurrayjv@com.com,Female,United States
717,Eugene,Carroll,ecarrolljw@cafepress.com,Male,United States
718,Antonio,Hicks,ahicksjx@gmpg.org,Male,United States
719,Helen,Greene,hgreenejy@unblog.fr,Female,United States
720,Johnny,Williamson,jwilliamsonjz@ifeng.com,Male,United States
721,Nancy,Walker,nwalkerk0@geocities.com,Female,United States
722,Jimmy,Wilson,jwilsonk1@baidu.com,Male,United States
723,Julie,Thompson,jthompsonk2@trellian.com,Female,United States
724,Phillip,Miller,pmillerk3@ibm.com,Male,United States
725,Scott,Ellis,sellisk4@tripod.com,Male,Mexico
726,Adam,Sanchez,asanchezk5@cisco.com,Male,United States
727,Jonathan,Mills,jmillsk6@adobe.com,Male,United States
728,Julie,Mcdonald,jmcdonaldk7@salon.com,Female,United States
729,Louis,Stephens,lstephensk8@twitpic.com,Male,Mexico
730,Frank,Taylor,ftaylork9@canalblog.com,Male,Canada
731,Samuel,Burton,sburtonka@google.ca,Male,United States
732,Keith,Peters,kpeterskb@arstechnica.com,Male,Canada
733,Douglas,Evans,devanskc@barnesandnoble.com,Male,Canada
734,Julia,Dean,jdeankd@walmart.com,Female,United States
735,Ruby,Gonzalez,rgonzalezke@php.net,Female,United States
736,Susan,Sanchez,ssanchezkf@dyndns.org,Female,Canada
737,Michael,Bradley,mbradleykg@si.edu,Male,United States
738,Anne,Harris,aharriskh@acquirethisname.com,Female,United States
739,Anthony,Willis,awilliski@aol.com,Male,United States
740,Ralph,Hanson,rhansonkj@sohu.com,Male,United States
741,Tina,Welch,twelchkk@amazon.co.jp,Female,United States
742,Jacqueline,Rogers,jrogerskl@bloomberg.com,Female,Mexico
743,Juan,Tucker,jtuckerkm@newyorker.com,Male,Canada
744,Philip,Brown,pbrownkn@columbia.edu,Male,Mexico
745,Amy,Grant,agrantko@yelp.com,Female,Mexico
746,Evelyn,Ray,eraykp@thetimes.co.uk,Female,Canada
747,William,Welch,wwelchkq@clickbank.net,Male,United States
748,Phyllis,Bailey,pbaileykr@youku.com,Female,United States
749,Alan,Kelley,akelleyks@typepad.com,Male,Mexico
750,Larry,Andrews,landrewskt@altervista.org,Male,Canada
751,Kenneth,Pierce,,Male,United States
752,Douglas,Dean,ddeankv@bloglines.com,Male,United States
753,Deborah,Scott,dscottkw@sciencedaily.com,Female,United States
754,Juan,Hunt,jhuntkx@msu.edu,Male,Canada
755,Nicholas,Wallace,nwallaceky@dmoz.org,Male,United States
756,Edward,Wright,ewrightkz@ihg.com,Male,Mexico
757,Alan,Cunningham,acunninghaml0@rediff.com,Male,Canada
758,Ruby,Evans,revansl1@toplist.cz,Female,Canada
759,Margaret,Gray,mgrayl2@squarespace.com,Female,Mexico
760,Richard,Bell,rbelll3@vistaprint.com,Male,United States
761,Alan,Reid,areidl4@ebay.co.uk,Male,Mexico
762,Christopher,Vasquez,cvasquezl5@google.de,Male,Mexico
763,Denise,Dixon,ddixonl6@domainmarket.com,Female,United States
764,Jonathan,Henry,,Male,United States
765,Betty,Fowler,bfowlerl8@yelp.com,Female,Mexico
766,Rose,Olson,rolsonl9@webmd.com,Female,United States
767,Karen,Davis,kdavisla@deliciousdays.com,Female,United States
768,Dennis,Carr,dcarrlb@meetup.com,Male,United States
769,Gary,Long,glonglc@cdbaby.com,Male,Canada
770,Kimberly,Green,kgreenld@va.gov,Female,United States
771,Sara,Ferguson,sfergusonle@army.mil,Female,United States
772,Tammy,Tucker,ttuckerlf@networkadvertising.org,Female,Mexico
773,Stephen,Little,slittlelg@netlog.com,Male,United States
774,Ryan,Carter,rcarterlh@berkeley.edu,Male,Canada
775,Pamela,Fuller,pfullerli@friendfeed.com,Female,United States
776,Carolyn,Ford,cfordlj@twitter.com,Female,Canada
777,Jimmy,Robertson,jrobertsonlk@ted.com,Male,United States
778,Judith,Williamson,jwilliamsonll@whitehouse.gov,Female,Mexico
779,Robin,Henderson,rhendersonlm@adobe.com,Female,Mexico
780,Virginia,Davis,vdavisln@cisco.com,Female,United States
781,Ernest,Mills,emillslo@soundcloud.com,Male,Canada
782,Kevin,Wheeler,,Male,Canada
783,Arthur,Ross,arosslq@cloudflare.com,Male,Canada
784,Carlos,Gardner,cgardnerlr@slideshare.net,Male,United States
785,Edward,Castillo,ecastillols@rambler.ru,Male,United States
786,Gloria,Mccoy,gmccoylt@wiley.com,Female,Mexico
787,Shawn,Bishop,sbishoplu@indiatimes.com,Male,United States
788,Roger,Warren,rwarrenlv@free.fr,Male,United States
789,Terry,Morgan,tmorganlw@oakley.com,Male,Mexico
790,Justin,Taylor,jtaylorlx@creativecommons.org,Male,Canada
791,Janet,Fernandez,jfernandezly@networkadvertising.org,Female,Canada
792,Dorothy,Harvey,dharveylz@hao123.com,Female,United States
793,Jesse,Rice,jricem0@feedburner.com,Male,United States
794,Bobby,Stevens,bstevensm1@themeforest.net,Male,Canada
795,Sara,Wheeler,swheelerm2@prnewswire.com,Female,United States
796,Matthew,Nelson,mnelsonm3@about.com,Male,United States
797,Pamela,Nelson,pnelsonm4@photobucket.com,Female,United States
798,Marilyn,Graham,mgrahamm5@fda.gov,Female,United States
799,Christina,Gutierrez,cgutierrezm6@hugedomains.com,Female,Canada
800,Eugene,Patterson,epattersonm7@amazon.co.uk,Male,United States
801,Maria,Owens,mowensm8@goo.ne.jp,Female,United States
802,Amanda,Howell,ahowellm9@webeden.co.uk,Female,United States
803,Christine,Ford,cfordma@cnet.com,Female,Canada
804,Gloria,Martinez,gmartinezmb@so-net.ne.jp,Female,United States
805,Thomas,Arnold,tarnoldmc@aboutads.info,Male,Canada
806,Melissa,Anderson,,Female,Mexico
807,Rebecca,Hunter,rhunterme@vkontakte.ru,Female,Mexico
808,Rose,Oliver,rolivermf@businessinsider.com,Female,United States
809,Howard,Boyd,hboydmg@sina.com.cn,Male,United States
810,Susan,Knight,sknightmh@ebay.com,Female,United States
811,Anne,Hunter,ahuntermi@seesaa.net,Female,Canada
812,Harry,Mills,hmillsmj@comsenz.com,Male,Canada
813,Benjamin,Woods,bwoodsmk@elpais.com,Male,Canada
814,Bobby,Willis,bwillisml@uol.com.br,Male,United States
815,Donna,George,dgeorgemm@uiuc.edu,Female,Mexico
816,Lawrence,Bailey,lbaileymn@msu.edu,Male,United States
817,Roy,Moreno,,Male,Mexico
818,Alan,Griffin,,Male,United States
819,Carl,Thomas,cthomasmq@mozilla.com,Male,United States
820,Sean,Knight,sknightmr@fema.gov,Male,United States
821,Doris,Howard,,Female,Canada
822,Paul,Owens,powensmt@skype.com,Male,United States
823,Carolyn,Baker,cbakermu@amazon.co.uk,Female,Canada
824,Todd,Ford,tfordmv@usgs.gov,Male,United States
825,Sandra,Butler,sbutlermw@dot.gov,Female,United States
826,Fred,Holmes,fholmesmx@networkadvertising.org,Male,United States
827,Cheryl,Kelley,ckelleymy@examiner.com,Female,United States
828,Edward,Fernandez,efernandezmz@hatena.ne.jp,Male,United States
829,Arthur,Collins,acollinsn0@ihg.com,Male,United States
830,Anne,Wright,awrightn1@unicef.org,Female,United States
831,Billy,Hudson,bhudsonn2@patch.com,Male,Mexico
832,Carlos,Perez,cperezn3@cdc.gov,Male,Canada
833,Maria,Wagner,,Female,Mexico
834,Jonathan,Little,jlittlen5@apple.com,Male,United States
835,Doris,Morrison,dmorrisonn6@opensource.org,Female,United States
836,Raymond,Matthews,,Male,United States
837,Marie,Hunter,mhuntern8@multiply.com,Female,United States
838,William,Ray,wrayn9@nhs.uk,Male,Mexico
839,Bobby,Gordon,bgordonna@upenn.edu,Male,United States
840,Laura,Adams,ladamsnb@businessweek.com,Female,United States
841,Carol,Morales,cmoralesnc@ocn.ne.jp,Female,United States
842,Maria,Perry,mperrynd@springer.com,Female,United States
843,Harold,Collins,hcollinsne@dot.gov,Male,Canada
844,Julia,Reynolds,jreynoldsnf@slashdot.org,Female,United States
845,Jeffrey,Stone,jstoneng@kickstarter.com,Male,Mexico
846,Barbara,Ruiz,bruiznh@census.gov,Female,United States
847,Stephanie,Bowman,sbowmanni@yellowbook.com,Female,Canada
848,Judith,Burton,jburtonnj@msu.edu,Female,Mexico
849,John,Spencer,jspencernk@rakuten.co.jp,Male,United States
850,Laura,Owens,lowensnl@howstuffworks.com,Female,United States
851,David,Hudson,dhudsonnm@imageshack.us,Male,United States
852,Donald,Kelly,,Male,United States
853,Julia,Perez,jperezno@xinhuanet.com,Female,Canada
854,Angela,Hill,ahillnp@printfriendly.com,Female,Mexico
855,Alice,Alvarez,aalvareznq@google.de,Female,Mexico
856,Alan,Carroll,acarrollnr@slate.com,Male,Mexico
857,Katherine,Harris,kharrisns@free.fr,Female,United States
858,Patricia,Barnes,pbarnesnt@miitbeian.gov.cn,Female,United States
859,Terry,Frazier,tfraziernu@usgs.gov,Male,Canada
860,Louis,Dunn,ldunnnv@paginegialle.it,Male,United States
861,Ernest,Miller,emillernw@nbcnews.com,Male,United States
862,Thomas,Murphy,tmurphynx@edublogs.org,Male,United States
863,James,Russell,jrussellny@github.io,Male,Canada
864,Donald,Morris,,Male,United States
865,Emily,Cole,ecoleo0@home.pl,Female,United States
866,Virginia,Knight,vknighto1@cmu.edu,Female,United States
867,Ruby,Torres,,Female,United States
868,Melissa,Ford,mfordo3@plala.or.jp,Female,Mexico
869,Randy,Hunter,rhuntero4@npr.org,Male,United States
870,Randy,Pierce,rpierceo5@miibeian.gov.cn,Male,United States
871,Bonnie,Harvey,bharveyo6@wunderground.com,Female,Mexico
872,Ruby,Howell,rhowello7@sourceforge.net,Female,Canada
873,Cheryl,Duncan,cduncano8@state.gov,Female,United States
874,Teresa,Duncan,tduncano9@google.pl,Female,United States
875,Lois,Foster,,Female,Mexico
876,Earl,Alvarez,ealvarezob@phpbb.com,Male,United States
877,Anne,Ford,afordoc@apple.com,Female,Canada
878,Arthur,Baker,abakerod@gizmodo.com,Male,Mexico
879,Edward,Long,elongoe@amazon.co.jp,Male,Mexico
880,Bobby,Reyes,breyesof@oaic.gov.au,Male,Mexico
881,Ralph,Jones,rjonesog@eepurl.com,Male,Mexico
882,Annie,Johnston,ajohnstonoh@list-manage.com,Female,Mexico
883,David,Coleman,dcolemanoi@jiathis.com,Male,United States
884,Eric,Mcdonald,emcdonaldoj@elegantthemes.com,Male,Canada
885,Kenneth,Hill,khillok@netlog.com,Male,United States
886,Amanda,Jordan,ajordanol@ucla.edu,Female,United States
887,Daniel,Gilbert,dgilbertom@china.com.cn,Male,United States
888,Bonnie,Jackson,bjacksonon@sciencedirect.com,Female,Canada
889,Jerry,Lee,jleeoo@europa.eu,Male,United States
890,Clarence,Boyd,cboydop@marketwatch.com,Male,Canada
891,Diane,Franklin,dfranklinoq@prweb.com,Female,United States
892,Carolyn,Garcia,cgarciaor@mail.ru,Female,Canada
893,Diana,Diaz,ddiazos@smugmug.com,Female,Mexico
894,George,Allen,gallenot@google.com,Male,Canada
895,Michelle,Sanders,msandersou@mayoclinic.com,Female,Mexico
896,Bonnie,Russell,brussellov@symantec.com,Female,Canada
897,Katherine,Vasquez,kvasquezow@artisteer.com,Female,Mexico
898,Willie,Lynch,wlynchox@usgs.gov,Male,United States
899,Jeffrey,Day,jdayoy@hugedomains.com,Male,United States
900,Charles,Chavez,cchavezoz@booking.com,Male,United States
901,Amy,Butler,abutlerp0@cbc.ca,Female,Canada
902,Nicholas,Henry,nhenryp1@digg.com,Male,Mexico
903,Jeremy,Welch,jwelchp2@accuweather.com,Male,United States
904,Phyllis,Garcia,,Female,Mexico
905,Gloria,Carr,gcarrp4@cocolog-nifty.com,Female,Canada
906,Sara,Lane,slanep5@uol.com.br,Female,Mexico
907,Eugene,Gonzalez,egonzalezp6@e-recht24.de,Male,United States
908,Robin,Graham,rgrahamp7@uol.com.br,Female,United States
909,Roger,Rogers,rrogersp8@ustream.tv,Male,Canada
910,Maria,Howard,mhowardp9@nyu.edu,Female,Mexico
911,Anne,Black,ablackpa@prweb.com,Female,United States
912,Ronald,Hamilton,rhamiltonpb@storify.com,Male,Mexico
913,Stephen,Jackson,sjacksonpc@github.com,Male,Mexico
914,Phillip,Montgomery,pmontgomerypd@auda.org.au,Male,Mexico
915,Terry,Vasquez,tvasquezpe@etsy.com,Male,United States
916,Andrew,Harrison,aharrisonpf@addthis.com,Male,United States
917,Todd,Rice,tricepg@cargocollective.com,Male,Mexico
918,David,Dean,ddeanph@bigcartel.com,Male,Canada
919,Diane,Bryant,dbryantpi@wp.com,Female,United States
920,Ralph,Carter,rcarterpj@qq.com,Male,United States
921,Alan,Alexander,aalexanderpk@businessinsider.com,Male,United States
922,Shawn,Hughes,shughespl@sciencedaily.com,Male,United States
923,Justin,Chapman,,Male,United States
924,Ernest,Wilson,ewilsonpn@thetimes.co.uk,Male,United States
925,Eric,Gardner,egardnerpo@hexun.com,Male,United States
926,Alice,Turner,aturnerpp@ovh.net,Female,United States
927,Mary,Nichols,mnicholspq@ask.com,Female,Mexico
928,Barbara,Roberts,brobertspr@theguardian.com,Female,Mexico
929,Jacqueline,Little,jlittleps@shinystat.com,Female,Canada
930,Jacqueline,Hawkins,jhawkinspt@java.com,Female,United States
931,Douglas,Bennett,dbennettpu@usatoday.com,Male,United States
932,Teresa,Weaver,tweaverpv@creativecommons.org,Female,United States
933,Cheryl,Price,cpricepw@si.edu,Female,United States
934,Christina,Webb,cwebbpx@china.com.cn,Female,United States
935,George,Collins,gcollinspy@sogou.com,Male,Canada
936,Cynthia,Lane,clanepz@telegraph.co.uk,Female,United States
937,Daniel,Dean,ddeanq0@com.com,Male,United States
938,Steve,Austin,saustinq1@nydailynews.com,Male,United States
939,Ashley,Ross,arossq2@latimes.com,Female,Mexico
940,James,Green,jgreenq3@youtu.be,Male,United States
941,Emily,Rice,ericeq4@tiny.cc,Female,United States
942,Henry,Wagner,hwagnerq5@wiley.com,Male,Mexico
943,Judith,Lawrence,jlawrenceq6@phpbb.com,Female,Mexico
944,Charles,Bennett,cbennettq7@ovh.net,Male,Mexico
945,George,Little,glittleq8@bbb.org,Male,United States
946,Stephen,Rose,sroseq9@github.com,Male,Mexico
947,Michelle,Moore,mmooreqa@ucsd.edu,Female,United States
948,John,Stephens,jstephensqb@booking.com,Male,United States
949,Philip,Robertson,probertsonqc@nih.gov,Male,United States
950,Joshua,Hanson,jhansonqd@psu.edu,Male,Canada
951,Maria,Dean,mdeanqe@furl.net,Female,Mexico
952,Ashley,Daniels,adanielsqf@jugem.jp,Female,United States
953,Emily,Harris,,Female,United States
954,Kimberly,Harrison,kharrisonqh@prnewswire.com,Female,United States
955,Sharon,Perkins,sperkinsqi@telegraph.co.uk,Female,Mexico
956,Theresa,Snyder,tsnyderqj@technorati.com,Female,Canada
957,Laura,Smith,lsmithqk@yolasite.com,Female,Mexico
958,Fred,Stanley,fstanleyql@cbsnews.com,Male,Mexico
959,Wanda,Ortiz,wortizqm@dailymail.co.uk,Female,Canada
960,Lillian,Moore,lmooreqn@army.mil,Female,Canada
961,Victor,Edwards,vedwardsqo@mediafire.com,Male,Mexico
962,Virginia,Fisher,vfisherqp@linkedin.com,Female,United States
963,Terry,Morales,tmoralesqq@webmd.com,Male,Mexico
964,Jacqueline,Fox,jfoxqr@google.pl,Female,Canada
965,Jeffrey,Collins,jcollinsqs@rakuten.co.jp,Male,Mexico
966,Julia,Lane,jlaneqt@wix.com,Female,United States
967,Rachel,Wright,rwrightqu@army.mil,Female,United States
968,Clarence,Hayes,chayesqv@themeforest.net,Male,Mexico
969,Gloria,King,gkingqw@cloudflare.com,Female,United States
970,Justin,Gonzales,jgonzalesqx@ibm.com,Male,Canada
971,Andrew,Martinez,amartinezqy@deviantart.com,Male,Mexico
972,Phillip,Medina,pmedinaqz@princeton.edu,Male,United States
973,Kathleen,Castillo,kcastillor0@forbes.com,Female,United States
974,Dorothy,Chapman,dchapmanr1@deviantart.com,Female,Mexico
975,Sandra,Harris,sharrisr2@wsj.com,Female,Canada
976,Daniel,Porter,dporterr3@wisc.edu,Male,Canada
977,Peter,Powell,ppowellr4@google.com.hk,Male,United States
978,Lillian,Hernandez,lhernandezr5@statcounter.com,Female,Canada
979,Jennifer,Henderson,jhendersonr6@ucoz.com,Female,United States
980,Norma,Gardner,ngardnerr7@blogger.com,Female,Mexico
981,Samuel,Perry,sperryr8@eepurl.com,Male,United States
982,Sara,Martinez,smartinezr9@infoseek.co.jp,Female,Mexico
983,Cheryl,Turner,cturnerra@naver.com,Female,United States
984,Ralph,Robinson,rrobinsonrb@shareasale.com,Male,Canada
985,Samuel,Miller,smillerrc@timesonline.co.uk,Male,United States
986,Gerald,Bryant,gbryantrd@dagondesign.com,Male,United States
987,Charles,Rogers,crogersre@yahoo.co.jp,Male,United States
988,Martin,Castillo,mcastillorf@trellian.com,Male,Mexico
989,Gregory,Frazier,gfrazierrg@yahoo.com,Male,United States
990,Diana,Diaz,ddiazrh@globo.com,Female,United States
991,Joe,Daniels,jdanielsri@nature.com,Male,Canada
992,Shawn,Thomas,sthomasrj@wired.com,Male,Mexico
993,Scott,Howard,showardrk@nasa.gov,Male,United States
994,Robert,Peters,rpetersrl@sakura.ne.jp,Male,United States
995,Helen,Carr,hcarrrm@wikimedia.org,Female,Canada
996,Kenneth,Hawkins,khawkinsrn@google.com.au,Male,United States
997,Rebecca,Ray,rrayro@go.com,Female,United States
998,Richard,Hudson,,Male,Canada
999,Christopher,Medina,cmedinarq@nasa.gov,Male,Canada
1000,Kathy,Robertson,krobertsonrr@chicagotribune.com,Female,Mexico
