id,first_name,last_name,email,gender,country
1,Judy,Chavez,jchavez0@timesonline.co.uk,Female,United States
2,Raymond,Snyder,rsnyder1@tripadvisor.com,Male,United States
3,Jesse,Jackson,jjackson2@istockphoto.com,Male,Mexico
4,Susan,Reynolds,sreynolds3@illinois.edu,Female,United States
5,Roy,Reed,rreed4@msn.com,Male,United States
6,Victor,Dean,vdean5@adobe.com,Male,United States
7,Donna,Berry,dberry6@delicious.com,Female,Canada
8,Carol,Young,cyoung7@gov.uk,Female,Mexico
9,Mark,Flores,mflores8@purevolume.com,Male,Canada
10,Chris,Fisher,cfisher9@dagondesign.com,Male,Canada
11,Stephen,Wallace,swallacea@usda.gov,Male,United States
12,Louis,Cunningham,lcunninghamb@comcast.net,Male,United States
13,Mildred,Carroll,mcarrollc@istockphoto.com,Female,Canada
14,Lawrence,Lopez,llopezd@domainmarket.com,Male,United States
15,Ronald,Gibson,rgibsone@huffingtonpost.com,Male,United States
16,Ronald,Hunter,rhunterf@timesonline.co.uk,Male,Canada
17,Andrea,Morgan,amorgang@google.pl,Female,Canada
18,Russell,Cox,rcoxh@howstuffworks.com,Male,Canada
19,Jeremy,Morgan,jmorgani@fc2.com,Male,United States
20,Todd,Collins,tcollinsj@shop-pro.jp,Male,Mexico
21,Beverly,Montgomery,bmontgomeryk@storify.com,Female,Mexico
22,Judith,Morrison,jmorrisonl@bandcamp.com,Female,Mexico
23,Tammy,Elliott,telliottm@tamu.edu,Female,United States
24,Barbara,Nelson,bnelsonn@woothemes.com,Female,Canada
25,Randy,Harper,rharpero@rambler.ru,Male,United States
26,Billy,Flores,bfloresp@google.com.br,Male,Canada
27,Tina,Snyder,tsnyderq@abc.net.au,Female,Mexico
28,Louise,Myers,lmyersr@diigo.com,Female,United States
29,Timothy,Duncan,tduncans@guardian.co.uk,Male,Mexico
30,Carolyn,Perry,cperryt@dot.gov,Female,United States
31,Virginia,Peterson,vpetersonu@reference.com,Female,United States
32,Johnny,Griffin,jgriffinv@si.edu,Male,United States
33,Janice,Larson,jlarsonw@tiny.cc,Female,Mexico
34,Carolyn,Hunter,chunterx@exblog.jp,Female,Canada
35,Catherine,Peters,cpetersy@bizjournals.com,Female,United States
36,Emily,Castillo,ecastilloz@cdc.gov,Female,United States
37,Diane,Lawson,,Female,United States
38,Sean,Carter,scarter11@ucsd.edu,Male,Mexico
39,Jason,Olson,jolson12@ustream.tv,Male,United States
40,Irene,Arnold,iarnold13@cpanel.net,Female,Mexico
41,Carolyn,Moreno,cmoreno14@weebly.com,Female,United States
42,Elizabeth,Rice,erice15@phoca.cz,Female,Mexico
43,Christine,Ortiz,cortiz16@wikia.com,Female,United States
44,Timothy,Hunter,thunter17@cyberchimps.com,Male,Mexico
45,Gerald,Fernandez,gfernandez18@aol.com,Male,United States
46,Beverly,Palmer,bpalmer19@disqus.com,Female,United States
47,Helen,Diaz,hdiaz1a@zimbio.com,Female,United States
48,Jean,Dixon,jdixon1b@amazon.de,Female,Canada
49,Heather,Anderson,handerson1c@discovery.com,Female,United States
50,Theresa,Burke,tburke1d@auda.org.au,Female,Canada
51,Deborah,Morales,dmorales1e@reference.com,Female,Canada
52,Carolyn,Gibson,cgibson1f@google.ru,Female,Mexico
53,Jesse,King,jking1g@oakley.com,Male,Mexico
54,Louis,Lawson,llawson1h@dyndns.org,Male,Canada
55,Antonio,Matthews,amatthews1i@washington.edu,Male,Canada
56,Katherine,Rogers,krogers1j@sciencedaily.com,Female,United States
57,Diana,Kim,,Female,Canada
58,Donna,Nguyen,dnguyen1l@vinaora.com,Female,United States
59,Sara,Harris,sharris1m@about.com,Female,Mexico
60,Kathleen,Torres,ktorres1n@wisc.edu,Female,United States
61,Joe,Bell,jbell1o@mysql.com,Male,United States
62,Julia,Medina,jmedina1p@tripod.com,Female,United States
63,Douglas,Fisher,dfisher1q@google.co.jp,Male,United States
64,Ashley,Reynolds,,Female,Canada
65,Alice,Collins,acollins1s@vkontakte.ru,Female,Canada
66,Evelyn,Henry,ehenry1t@businesswire.com,Female,United States
67,Anne,Armstrong,aarmstrong1u@reference.com,Female,United States
68,Ernest,Fuller,efuller1v@nymag.com,Male,Mexico
69,Theresa,Snyder,tsnyder1w@indiatimes.com,Female,United States
70,Jimmy,Fisher,jfisher1x@smugmug.com,Male,Canada
71,Roy,Stewart,rstewart1y@si.edu,Male,United States
72,Kimberly,Clark,kclark1z@dagondesign.com,Female,Mexico
73,Lois,Webb,,Female,Mexico
74,Daniel,Marshall,dmarshall21@hhs.gov,Male,Mexico
75,Janice,Moore,jmoore22@usda.gov,Female,Mexico
76,Frances,Kennedy,fkennedy23@dailymotion.com,Female,Mexico
77,Cheryl,Mendoza,cmendoza24@cisco.com,Female,Mexico
78,Marilyn,Holmes,mholmes25@ebay.co.uk,Female,United States
79,Anna,Williamson,awilliamson26@independent.co.uk,Female,Mexico
80,Norma,Gordon,ngordon27@bbb.org,Female,United States
81,Bonnie,Roberts,broberts28@mayoclinic.com,Female,United States
82,Patrick,Sullivan,psullivan29@craigslist.org,Male,Mexico
83,Paul,Roberts,proberts2a@sciencedirect.com,Male,Canada
84,Catherine,Black,cblack2b@soundcloud.com,Female,United States
85,Walter,Johnston,wjohnston2c@shop-pro.jp,Male,United States
86,Patrick,Kelley,pkelley2d@wisc.edu,Male,United States
87,Fred,Cole,fcole2e@zimbio.com,Male,United States
88,Andrea,Fowler,afowler2f@biblegateway.com,Female,Mexico
89,Karen,Gilbert,kgilbert2g@tamu.edu,Female,United States
90,Joshua,Chapman,jchapman2h@scientificamerican.com,Male,United States
91,Sara,Perez,sperez2i@fda.gov,Female,Canada
92,Jack,Weaver,jweaver2j@biglobe.ne.jp,Male,Mexico
93,Christine,Larson,clarson2k@quantcast.com,Female,United States
94,Clarence,Long,clong2l@oakley.com,Male,Canada
95,Philip,Woods,pwoods2m@discuz.net,Male,United States
96,Nancy,Hart,nhart2n@vk.com,Female,United States
97,Steven,Rice,srice2o@youku.com,Male,Canada
98,Arthur,Bradley,abradley2p@infoseek.co.jp,Male,United States
99,Matthew,Williams,mwilliams2q@simplemachines.org,Male,Canada
100,Joyce,Ortiz,jortiz2r@tripadvisor.com,Female,United States
101,Andrea,Sanchez,asanchez2s@cargocollective.com,Female,United States
102,Antonio,Martinez,amartinez2t@myspace.com,Male,United States
103,Amanda,Kelly,akelly2u@youtube.com,Female,United States
104,Jacqueline,Cole,jcole2v@smugmug.com,Female,Canada
105,Jessica,Nguyen,jnguyen2w@comsenz.com,Female,Canada
106,Eric,Black,eblack2x@ebay.com,Male,Mexico
107,Arthur,Bell,abell2y@etsy.com,Male,United States
108,Evelyn,Welch,ewelch2z@g.co,Female,Canada
109,Kimberly,Boyd,kboyd30@amazon.com,Female,United States
110,Beverly,Hansen,bhansen31@google.it,Female,United States
111,Arthur,Reid,areid32@twitpic.com,Male,United States
112,Russell,Davis,rdavis33@marriott.com,Male,United States
113,Sharon,Payne,spayne34@latimes.com,Female,Canada
114,Thomas,Martin,tmartin35@altervista.org,Male,United States
115,Cynthia,Willis,cwillis36@prnewswire.com,Female,United States
116,Tammy,Rose,trose37@ocn.ne.jp,Female,Mexico
117,Craig,Green,cgreen38@yellowpages.com,Male,United States
118,Ryan,Lewis,rlewis39@macromedia.com,Male,United States
119,Louis,Ramirez,lramirez3a@joomla.org,Male,United States
120,Anna,Freeman,afreeman3b@si.edu,Female,United States
121,Jean,Shaw,jshaw3c@lycos.com,Female,United States
122,Bruce,Edwards,bedwards3d@ftc.gov,Male,Mexico
123,Howard,Hansen,hhansen3e@soundcloud.com,Male,Canada
124,Steve,Cunningham,scunningham3f@histats.com,Male,United States
125,Peter,Hunt,phunt3g@microsoft.com,Male,Canada
126,Roger,Martin,rmartin3h@nationalgeographic.com,Male,United States
127,Amy,Morrison,amorrison3i@sciencedirect.com,Female,United States
128,Philip,Scott,pscott3j@flavors.me,Male,United States
129,Michael,Patterson,mpatterson3k@ucoz.ru,Male,Canada
130,Helen,Johnston,hjohnston3l@accuweather.com,Female,Mexico
131,Pamela,Cox,pcox3m@vk.com,Female,United States
132,Ronald,Hicks,rhicks3n@comsenz.com,Male,Mexico
133,James,Fernandez,jfernandez3o@delicious.com,Male,United States
134,Henry,Carr,hcarr3p@imdb.com,Male,Canada
135,Susan,James,sjames3q@reddit.com,Female,Canada
136,Barbara,Ramirez,bramirez3r@yellowpages.com,Female,United States
137,Wanda,Kelley,wkelley3s@statcounter.com,Female,United States
138,Stephen,Hicks,shicks3t@blinklist.com,Male,Mexico
139,Bruce,Arnold,barnold3u@stanford.edu,Male,Canada
140,Amy,Allen,aallen3v@sun.com,Female,United States
141,Douglas,Cox,dcox3w@parallels.com,Male,United States
142,Sarah,Burton,sburton3x@hud.gov,Female,United States
143,Cheryl,Armstrong,carmstrong3y@163.com,Female,United States
144,Anna,Marshall,amarshall3z@imdb.com,Female,United States
145,Kathy,Burke,kburke40@clickbank.net,Female,Mexico
146,Deborah,Diaz,ddiaz41@free.fr,Female,United States
147,Ernest,Kennedy,ekennedy42@wisc.edu,Male,Canada
148,Clarence,Weaver,cweaver43@hostgator.com,Male,United States
149,Melissa,Bowman,mbowman44@hatena.ne.jp,Female,United States
150,Maria,Washington,mwashington45@networkadvertising.org,Female,United States
151,Pamela,Crawford,pcrawford46@admin.ch,Female,United States
152,Jerry,Hunter,jhunter47@aol.com,Male,Mexico
153,Frank,Simmons,fsimmons48@booking.com,Male,Mexico
154,Jerry,Green,jgreen49@accuweather.com,Male,United States
155,Andrew,Johnston,ajohnston4a@java.com,Male,United States
156,Linda,Weaver,lweaver4b@constantcontact.com,Female,United States
157,Carolyn,Mcdonald,cmcdonald4c@yahoo.co.jp,Female,United States
158,Harold,Ellis,hellis4d@ibm.com,Male,Mexico
159,Peter,Sullivan,psullivan4e@un.org,Male,Canada
160,Sean,Reed,sreed4f@java.com,Male,United States
161,Marilyn,Elliott,melliott4g@elegantthemes.com,Female,Mexico
162,Todd,Austin,taustin4h@deliciousdays.com,Male,Canada
163,Jason,Franklin,jfranklin4i@cnbc.com,Male,Mexico
164,Beverly,Lawson,blawson4j@prlog.org,Female,Mexico
165,Chris,Bell,cbell4k@nyu.edu,Male,Canada
166,Jimmy,Grant,jgrant4l@apple.com,Male,Canada
167,Laura,Bryant,,Female,Canada
168,Jeremy,Armstrong,jarmstrong4n@usnews.com,Male,Mexico
169,Wayne,Jenkins,wjenkins4o@bluehost.com,Male,Mexico
170,Deborah,West,dwest4p@printfriendly.com,Female,United States
171,Victor,Lee,vlee4q@last.fm,Male,United States
172,Paul,Shaw,,Male,Canada
173,Debra,Freeman,dfreeman4s@marriott.com,Female,United States
174,John,Perry,jperry4t@npr.org,Male,United States
175,Christina,Owens,cowens4u@sourceforge.net,Female,United States
176,Virginia,Elliott,,Female,United States
177,Judy,Lawrence,jlawrence4w@myspace.com,Female,Canada
178,Gary,Tucker,gtucker4x@guardian.co.uk,Male,Canada
179,Diana,Clark,dclark4y@fda.gov,Female,Mexico
180,Lori,Armstrong,larmstrong4z@newsvine.com,Female,United States
181,Raymond,Elliott,relliott50@dmoz.org,Male,Canada
182,Catherine,Watson,cwatson51@xing.com,Female,Canada
183,Judith,Perez,jperez52@dagondesign.com,Female,Mexico
184,Scott,Gutierrez,sgutierrez53@newyorker.com,Male,United States
185,Scott,Lee,slee54@princeton.edu,Male,United States
186,Lois,Griffin,lgriffin55@earthlink.net,Female,Mexico
187,Richard,Henry,rhenry56@webs.com,Male,United States
188,Philip,Owens,powens57@livejournal.com,Male,Canada
189,Ernest,Ferguson,eferguson58@thetimes.co.uk,Male,Canada
190,Anthony,Fields,afields59@google.com,Male,United States
191,Arthur,Richards,arichards5a@lulu.com,Male,United States
192,Mary,Vasquez,mvasquez5b@aboutads.info,Female,United States
193,Martha,Watkins,mwatkins5c@netlog.com,Female,United States
194,Susan,Perkins,sperkins5d@abc.net.au,Female,Mexico
195,Karen,Elliott,kelliott5e@yellowpages.com,Female,Canada
196,Timothy,Mccoy,tmccoy5f@statcounter.com,Male,United States
197,John,Cruz,jcruz5g@marketwatch.com,Male,United States
198,Catherine,Mills,cmills5h@usnews.com,Female,Canada
199,Angela,Gardner,agardner5i@tmall.com,Female,United States
200,Sharon,Baker,sbaker5j@mysql.com,Female,Mexico
201,Teresa,Brown,tbrown5k@discuz.net,Female,United States
202,Eric,Phillips,ephillips5l@blogger.com,Male,United States
203,Justin,Gray,jgray5m@opensource.org,Male,United States
204,Fred,Woods,fwoods5n@163.com,Male,United States
205,Patrick,White,pwhite5o@icio.us,Male,United States
206,Harry,Wilson,hwilson5p@omniture.com,Male,United States
207,David,Sanders,dsanders5q@craigslist.org,Male,Mexico
208,Eugene,Payne,epayne5r@paypal.com,Male,United States
209,Jessica,Hughes,jhughes5s@linkedin.com,Female,United States
210,Christina,Payne,cpayne5t@irs.gov,Female,Canada
211,Rose,Bell,rbell5u@fotki.com,Female,Canada
212,Joyce,Wheeler,jwheeler5v@cargocollective.com,Female,Canada
213,Paul,Johnson,pjohnson5w@live.com,Male,United States
214,Sean,Reyes,sreyes5x@youtu.be,Male,Canada
215,Patrick,Murphy,pmurphy5y@kickstarter.com,Male,United States
216,Ralph,Anderson,randerson5z@google.pl,Male,United States
217,Shawn,Stanley,sstanley60@intel.com,Male,Mexico
218,Kevin,Flores,kflores61@phpbb.com,Male,Canada
219,Jeremy,Greene,jgreene62@alexa.com,Male,United States
220,Joshua,Hayes,jhayes63@behance.net,Male,United States
221,Chris,Shaw,cshaw64@si.edu,Male,United States
222,Kathryn,Johnson,kjohnson65@free.fr,Female,United States
223,Jean,Fuller,jfuller66@nasa.gov,Female,Canada
224,Paul,Dean,pdean67@google.com.au,Male,Mexico
225,Sean,Kim,skim68@mediafire.com,Male,Canada
226,Timothy,Burton,tburton69@diigo.com,Male,United States
227,Rebecca,Morris,rmorris6a@hexun.com,Female,United States
228,Philip,Kelley,pkelley6b@4shared.com,Male,Mexico
229,Billy,Boyd,bboyd6c@cafepress.com,Male,United States
230,Daniel,Gutierrez,dgutierrez6d@ibm.com,Male,United States
231,Judith,Graham,jgraham6e@examiner.com,Female,United States
232,Eugene,Marshall,,Male,Mexico
233,Laura,Castillo,lcastillo6g@soup.io,Female,United States
234,Scott,Martin,smartin6h@fc2.com,Male,Mexico
235,Douglas,Washington,dwashington6i@statcounter.com,Male,United States
236,Evelyn,Mason,,Female,United States
237,Steven,Ferguson,sferguson6k@is.gd,Male,Mexico
238,Roger,Snyder,rsnyder6l@thetimes.co.uk,Male,Canada
239,Alan,Wilson,awilson6m@un.org,Male,United States
240,Bonnie,Hunt,bhunt6n@ehow.com,Female,United States
241,Angela,Cunningham,acunningham6o@soup.io,Female,United States
242,Kenneth,Jordan,kjordan6p@narod.ru,Male,United States
243,Dorothy,Bell,dbell6q@omniture.com,Female,United States
244,Eric,Roberts,eroberts6r@google.cn,Male,Canada
245,Kathryn,Lynch,klynch6s@theatlantic.com,Female,United States
246,Randy,Chapman,rchapman6t@columbia.edu,Male,United States
247,Victor,Washington,vwashington6u@netlog.com,Male,United States
248,Anne,Russell,arussell6v@state.gov,Female,Mexico
249,Bonnie,Cooper,bcooper6w@dion.ne.jp,Female,Mexico
250,Lois,Warren,lwarren6x@businesswire.com,Female,Mexico
251,Ryan,Austin,raustin6y@constantcontact.com,Male,United States
252,Kathryn,Gardner,kgardner6z@stumbleupon.com,Female,United States
253,Kelly,Schmidt,kschmidt70@home.pl,Female,Canada
254,Nicole,Day,nday71@whitehouse.gov,Female,United States
255,Harry,Johnston,hjohnston72@comcast.net,Male,United States
256,Lawrence,Howell,lhowell73@yelp.com,Male,Mexico
257,Karen,Campbell,kcampbell74@apple.com,Female,United States
258,Heather,Medina,hmedina75@photobucket.com,Female,United States
259,Sara,Montgomery,smontgomery76@seattletimes.com,Female,United States
260,Phillip,Spencer,pspencer77@altervista.org,Male,United States
261,Mildred,Hawkins,mhawkins78@imageshack.us,Female,Mexico
262,Juan,Simmons,jsimmons79@cyberchimps.com,Male,Mexico
263,Heather,Palmer,hpalmer7a@meetup.com,Female,United States
264,Jane,Berry,jberry7b@spiegel.de,Female,United States
265,Jane,Collins,jcollins7c@toplist.cz,Female,Canada
266,Stephen,Meyer,smeyer7d@fastcompany.com,Male,United States
267,Ronald,Ford,rford7e@stumbleupon.com,Male,Canada
268,Michelle,Clark,mclark7f@artisteer.com,Female,Mexico
269,Lori,Ortiz,lortiz7g@twitpic.com,Female,United States
270,James,Johnston,jjohnston7h@disqus.com,Male,United States
271,Diana,Meyer,dmeyer7i@smugmug.com,Female,Mexico
272,George,Bell,gbell7j@paginegialle.it,Male,United States
273,Thomas,Morgan,tmorgan7k@usgs.gov,Male,United States
274,Judy,Dixon,jdixon7l@engadget.com,Female,Mexico
275,Stephanie,Howard,showard7m@discuz.net,Female,Mexico
276,Irene,Greene,igreene7n@npr.org,Female,Canada
277,Matthew,Myers,mmyers7o@squidoo.com,Male,Mexico
278,Doris,Robinson,drobinson7p@wix.com,Female,United States
279,Rebecca,Fox,rfox7q@woothemes.com,Female,Canada
280,Paul,Snyder,psnyder7r@unblog.fr,Male,Mexico
281,Theresa,Smith,tsmith7s@twitpic.com,Female,Canada
282,Larry,Watson,lwatson7t@ucoz.com,Male,United States
283,Carol,Kelley,ckelley7u@addthis.com,Female,United States
284,Earl,Thompson,,Male,United States
285,Adam,Lane,alane7w@redcross.org,Male,Canada
286,Eugene,Greene,egreene7x@163.com,Male,Mexico
287,Robert,Castillo,rcastillo7y@aboutads.info,Male,United States
288,Aaron,Hawkins,ahawkins7z@va.gov,Male,United States
289,Timothy,Lee,tlee80@dion.ne.jp,Male,United States
290,Dorothy,Flores,dflores81@photobucket.com,Female,Canada
291,Stephanie,Price,sprice82@odnoklassniki.ru,Female,United States
292,Elizabeth,Hicks,ehicks83@issuu.com,Female,Mexico
293,Thomas,Brown,tbrown84@acquirethisname.com,Male,United States
294,William,Foster,wfoster85@ow.ly,Male,United States
295,Stephen,Berry,sberry86@springer.com,Male,Mexico
296,Benjamin,Stone,bstone87@wp.com,Male,United States
297,Irene,Riley,iriley88@soundcloud.com,Female,United States
298,Eric,Mason,emason89@example.com,Male,Canada
299,Sandra,Warren,swarren8a@indiatimes.com,Female,Canada
300,Kathy,Phillips,kphillips8b@goo.ne.jp,Female,United States
301,Johnny,Porter,jporter8c@ucsd.edu,Male,Mexico
302,Jack,Gray,jgray8d@multiply.com,Male,United States
303,Carl,Watson,cwatson8e@soup.io,Male,United States
304,Peter,Russell,prussell8f@gmpg.org,Male,Mexico
305,Wanda,Fields,wfields8g@google.nl,Female,United States
306,Michael,Daniels,mdaniels8h@va.gov,Male,United States
307,Jimmy,Hudson,jhudson8i@slate.com,Male,Mexico
308,Timothy,Griffin,tgriffin8j@omniture.com,Male,United States
309,Roy,Black,rblack8k@live.com,Male,Mexico
310,Scott,Stone,sstone8l@elegantthemes.com,Male,Canada
311,Amanda,Morris,amorris8m@state.gov,Female,United States
312,Anne,Flores,aflores8n@biglobe.ne.jp,Female,United States
313,Kathleen,James,,Female,Mexico
314,Barbara,Robinson,brobinson8p@goo.ne.jp,Female,Mexico
315,Elizabeth,Anderson,eanderson8q@photobucket.com,Female,Mexico
316,Alan,Hill,ahill8r@amazon.co.uk,Male,United States
317,Nicole,Garcia,ngarcia8s@illinois.edu,Female,Mexico
318,Mary,Ramirez,,Female,Mexico
319,Linda,Coleman,lcoleman8u@reuters.com,Female,United States
320,Carol,Ellis,cellis8v@ihg.com,Female,United States
321,Kimberly,Mills,kmills8w@senate.gov,Female,United States
322,Sara,Davis,sdavis8x@unblog.fr,Female,United States
323,Lori,Harper,lharper8y@paypal.com,Female,Canada
324,Anne,Sims,asims8z@blogtalkradio.com,Female,United States
325,David,Howard,dhoward90@toplist.cz,Male,United States
326,Alice,Jenkins,ajenkins91@wufoo.com,Female,Canada
327,Catherine,Martinez,cmartinez92@google.ca,Female,Mexico
328,Jennifer,Ellis,jellis93@ifeng.com,Female,United States
329,Aaron,Cunningham,acunningham94@apple.com,Male,United States
330,Betty,Fisher,bfisher95@va.gov,Female,United States
331,Albert,Robinson,arobinson96@chronoengine.com,Male,United States
332,Norma,Lawson,nlawson97@unblog.fr,Female,Canada
333,Daniel,Palmer,dpalmer98@msn.com,Male,Canada
334,Marie,Banks,mbanks99@microsoft.com,Female,United States
335,Norma,Ortiz,nortiz9a@domainmarket.com,Female,United States
336,Ruby,Oliver,roliver9b@cpanel.net,Female,Canada
337,Earl,Nichols,enichols9c@wp.com,Male,United States
338,Willie,Price,wprice9d@cmu.edu,Male,Canada
339,Joe,Taylor,jtaylor9e@huffingtonpost.com,Male,Canada
340,Jerry,Payne,jpayne9f@jigsy.com,Male,United States
341,Anthony,Hanson,ahanson9g@zdnet.com,Male,Canada
342,Ryan,Lawrence,rlawrence9h@163.com,Male,United States
343,Willie,Hamilton,whamilton9i@accuweather.com,Male,United States
344,Michelle,Gilbert,mgilbert9j@si.edu,Female,Mexico
345,Susan,Schmidt,sschmidt9k@skyrock.com,Female,United States
346,Walter,Fowler,wfowler9l@ning.com,Male,Canada
347,Norma,Turner,nturner9m@examiner.com,Female,Canada
348,Jean,Morales,jmorales9n@issuu.com,Female,Mexico
349,Chris,Cook,ccook9o@joomla.org,Male,United States
350,Denise,Dean,ddean9p@mediafire.com,Female,United States
351,Melissa,Patterson,mpatterson9q@ehow.com,Female,United States
352,Steven,Hunter,shunter9r@amazon.co.uk,Male,Canada
353,Debra,Hamilton,dhamilton9s@hhs.gov,Female,United States
354,Carl,Ramirez,cramirez9t@alibaba.com,Male,United States
355,Mildred,Jacobs,mjacobs9u@cbsnews.com,Female,United States
356,Chris,Bowman,cbowman9v@chicagotribune.com,Male,Canada
357,Patrick,Perkins,pperkins9w@dion.ne.jp,Male,Canada
358,Howard,Howell,hhowell9x@icq.com,Male,United States
359,Deborah,Romero,dromero9y@hhs.gov,Female,Canada
360,Adam,Ortiz,aortiz9z@canalblog.com,Male,United States
361,Johnny,Kelly,jkellya0@altervista.org,Male,Mexico
362,Frances,Schmidt,fschmidta1@ebay.com,Female,Mexico
363,Wayne,Gutierrez,,Male,Canada
364,Clarence,Jordan,cjordana3@stumbleupon.com,Male,Mexico
365,Tina,Jordan,tjordana4@wufoo.com,Female,United States
366,Stephen,Bennett,sbennetta5@alibaba.com,Male,Canada
367,Barbara,Shaw,bshawa6@youku.com,Female,Canada
368,Joseph,Davis,,Male,United States
369,Mary,Daniels,,Female,Mexico
370,Deborah,Woods,dwoodsa9@google.co.uk,Female,United States
371,Charles,Medina,cmedinaaa@abc.net.au,Male,United States
372,Fred,Wheeler,fwheelerab@prweb.com,Male,United States
373,Eric,Oliver,eoliverac@shareasale.com,Male,Canada
374,Jeremy,Simmons,jsimmonsad@epa.gov,Male,Mexico
375,Ann,Richardson,arichardsonae@wufoo.com,Female,Canada
376,Todd,Murphy,tmurphyaf@bbc.co.uk,Male,United States
377,Phillip,Matthews,pmatthewsag@comsenz.com,Male,United States
378,Bobby,Anderson,bandersonah@ucoz.ru,Male,United States
379,Diana,Hall,dhallai@sciencedirect.com,Female,Canada
380,Brandon,Barnes,bbarnesaj@nydailynews.com,Male,Canada
381,Kathleen,Hamilton,khamiltonak@geocities.jp,Female,Mexico
382,Nicholas,Sullivan,nsullivanal@ibm.com,Male,United States
383,Mary,Bailey,mbaileyam@nbcnews.com,Female,Canada
384,Adam,Crawford,acrawfordan@infoseek.co.jp,Male,Canada
385,Doris,Turner,dturnerao@mac.com,Female,United States
386,Michael,Matthews,mmatthewsap@utexas.edu,Male,Canada
387,Chris,Stevens,cstevensaq@dedecms.com,Male,Mexico
388,Todd,Gray,tgrayar@pinterest.com,Male,Canada
389,Ruby,Fowler,,Female,Mexico
390,Andrea,Peterson,apetersonat@aboutads.info,Female,Canada
391,Louise,Carter,lcarterau@java.com,Female,Canada
392,Gary,Castillo,gcastilloav@cbc.ca,Male,Canada
393,Ruby,Kelley,rkelleyaw@wisc.edu,Female,United States
394,Larry,Russell,lrussellax@aol.com,Male,Canada
395,Tammy,Hunt,thuntay@sogou.com,Female,United States
396,David,Jenkins,djenkinsaz@blogger.com,Male,United States
397,Helen,Holmes,hholmesb0@zdnet.com,Female,United States
398,Henry,Bishop,hbishopb1@cornell.edu,Male,United States
399,Melissa,Lane,mlaneb2@army.mil,Female,United States
400,Benjamin,Daniels,bdanielsb3@webnode.com,Male,Canada
401,Nancy,Moreno,,Female,United States
402,Dorothy,Olson,dolsonb5@engadget.com,Female,United States
403,Billy,Bryant,bbryantb6@constantcontact.com,Male,United States
404,Jeremy,Greene,jgreeneb7@skype.com,Male,United States
405,Jennifer,Hudson,,Female,United States
406,Janet,Foster,jfosterb9@cnbc.com,Female,Mexico
407,Mark,Lee,mleeba@wikia.com,Male,Mexico
408,Matthew,Welch,mwelchbb@wisc.edu,Male,Canada
409,Matthew,Fuller,mfullerbc@elegantthemes.com,Male,United States
410,Martin,Woods,mwoodsbd@twitter.com,Male,Canada
411,Earl,Pierce,epiercebe@nhs.uk,Male,Mexico
412,Judith,Larson,jlarsonbf@paginegialle.it,Female,United States
413,Jose,Hudson,jhudsonbg@printfriendly.com,Male,Mexico
414,Cheryl,Burton,cburtonbh@scientificamerican.com,Female,United States
415,Irene,Vasquez,ivasquezbi@businessinsider.com,Female,United States
416,Rachel,Black,rblackbj@state.gov,Female,United States
417,Judy,Ellis,jellisbk@sciencedaily.com,Female,United States
418,Jason,Ward,jwardbl@dailymail.co.uk,Male,Mexico
419,Sarah,Gilbert,sgilbertbm@techcrunch.com,Female,Canada
420,Harold,Hawkins,hhawkinsbn@skype.com,Male,United States
421,Willie,Watson,wwatsonbo@comcast.net,Male,Canada
422,Albert,Freeman,afreemanbp@businessinsider.com,Male,United States
423,Eric,Cruz,ecruzbq@canalblog.com,Male,Canada
424,Jimmy,Phillips,jphillipsbr@bbb.org,Male,Canada
425,Susan,Cooper,scooperbs@hugedomains.com,Female,United States
426,Benjamin,Stevens,bstevensbt@nps.gov,Male,Canada
427,Edward,Scott,escottbu@clickbank.net,Male,United States
428,Ann,Bryant,abryantbv@cafepress.com,Female,United States
429,Henry,Wood,hwoodbw@epa.gov,Male,Mexico
430,Norma,Alexander,nalexanderbx@spiegel.de,Female,Mexico
431,Rebecca,Warren,rwarrenby@ebay.co.uk,Female,Mexico
432,Anne,Mitchell,amitchellbz@uol.com.br,Female,United States
433,Judith,Hill,jhillc0@cpanel.net,Female,Mexico
434,Brian,Matthews,bmatthewsc1@earthlink.net,Male,Canada
435,Jeremy,Knight,jknightc2@mediafire.com,Male,United States
436,Jean,Howell,jhowellc3@rambler.ru,Female,Canada
437,Ernest,Henderson,ehendersonc4@ustream.tv,Male,United States
438,Virginia,Wallace,vwallacec5@chron.com,Female,Canada
439,Scott,Johnson,sjohnsonc6@mlb.com,Male,Mexico
440,Edward,Holmes,eholmesc7@dagondesign.com,Male,Mexico
441,Jennifer,Bell,jbellc8@rakuten.co.jp,Female,United States
442,Antonio,Long,,Male,United States
443,Heather,George,hgeorgeca@creativecommons.org,Female,Canada
444,Kelly,Diaz,kdiazcb@blogtalkradio.com,Female,Mexico
445,Stephen,Foster,sfostercc@facebook.com,Male,United States
446,Christina,Palmer,cpalmercd@cbc.ca,Female,Canada
447,Kelly,Ferguson,kfergusonce@pcworld.com,Female,United States
448,Randy,Bowman,rbowmancf@blogspot.com,Male,Mexico
449,Andrea,Weaver,aweavercg@google.ru,Female,Canada
450,Kelly,Harper,kharperch@rakuten.co.jp,Female,United States
451,Nicholas,Foster,nfosterci@cbslocal.com,Male,United States
452,Maria,Reynolds,mreynoldscj@jugem.jp,Female,Mexico
453,Christine,Duncan,cduncanck@nyu.edu,Female,United States
454,Johnny,Kim,jkimcl@nydailynews.com,Male,United States
455,Diane,Bailey,dbaileycm@hc360.com,Female,United States
456,Ruth,Martinez,rmartinezcn@foxnews.com,Female,Mexico
457,Kathleen,Davis,kdavisco@webeden.co.uk,Female,United States
458,Diana,Jackson,djacksoncp@tmall.com,Female,United States
459,Bonnie,Robinson,brobinsoncq@infoseek.co.jp,Female,United States
460,Katherine,Hanson,khansoncr@dot.gov,Female,Canada
461,Donna,Knight,dknightcs@skyrock.com,Female,Mexico
462,Julie,Young,jyoungct@homestead.com,Female,Canada
463,Barbara,Barnes,bbarnescu@squidoo.com,Female,Mexico
464,Katherine,Washington,kwashingtoncv@woothemes.com,Female,United States
465,Pamela,Fuller,pfullercw@tripadvisor.com,Female,Mexico
466,Judy,Stevens,jstevenscx@reddit.com,Female,United States
467,Nicole,Perry,nperrycy@google.nl,Female,Mexico
468,Phyllis,Ellis,pelliscz@huffingtonpost.com,Female,Mexico
469,Clarence,Olson,colsond0@ovh.net,Male,United States
470,Kelly,Hayes,khayesd1@cbslocal.com,Female,United States
471,John,Webb,jwebbd2@mit.edu,Male,United States
472,Carl,Andrews,,Male,Mexico
473,Nicole,Alvarez,nalvarezd4@about.com,Female,Mexico
474,Donna,Romero,dromerod5@va.gov,Female,Mexico
475,Jesse,Morris,jmorrisd6@businesswire.com,Male,United States
476,Teresa,Watson,twatsond7@blogspot.com,Female,United States
477,Ernest,Rice,ericed8@i2i.jp,Male,United States
478,Amy,Simmons,asimmonsd9@csmonitor.com,Female,United States
479,Harry,Ellis,hellisda@admin.ch,Male,United States
480,Michelle,Stephens,mstephensdb@mac.com,Female,United States
481,Pamela,Arnold,parnolddc@google.co.jp,Female,Canada
482,Louis,Matthews,lmatthewsdd@archive.org,Male,United States
483,Ralph,Griffin,rgriffinde@cam.ac.uk,Male,Mexico
484,Debra,Morgan,dmorgandf@creativecommons.org,Female,Mexico
485,Julia,Garcia,jgarciadg@amazonaws.com,Female,United States
486,Steve,Gonzales,sgonzalesdh@theatlantic.com,Male,United States
487,Peter,Hernandez,phernandezdi@youtube.com,Male,Mexico
488,Fred,Shaw,fshawdj@infoseek.co.jp,Male,United States
489,Melissa,Fox,mfoxdk@bluehost.com,Female,United States
490,David,Foster,dfosterdl@ucsd.edu,Male,United States
491,Sarah,Garza,sgarzadm@vk.com,Female,Canada
492,Stephen,Kelly,skellydn@miibeian.gov.cn,Male,United States
493,Jean,Bryant,jbryantdo@webeden.co.uk,Female,Canada
494,Roger,Evans,revansdp@usda.gov,Male,United States
495,Walter,Carr,wcarrdq@furl.net,Male,Canada
496,Marilyn,Austin,maustindr@usda.gov,Female,Mexico
497,Alan,Reid,areidds@taobao.com,Male,Canada
498,Clarence,Austin,caustindt@ibm.com,Male,United States
499,Joseph,Simpson,jsimpsondu@people.com.cn,Male,Canada
500,Mark,Clark,mclarkdv@hhs.gov,Male,Canada
501,Lillian,Stewart,lstewartdw@reddit.com,Female,United States
502,Barbara,Castillo,bcastillodx@illinois.edu,Female,Mexico
503,Jesse,Parker,jparkerdy@slate.com,Male,Canada
504,Ann,Jacobs,ajacobsdz@comcast.net,Female,Mexico
505,Margaret,Gilbert,mgilberte0@lycos.com,Female,United States
506,Wanda,Mccoy,wmccoye1@lycos.com,Female,Mexico
507,Bonnie,Rogers,brogerse2@nationalgeographic.com,Female,United States
508,Andrea,Morris,amorrise3@jigsy.com,Female,Canada
509,Helen,Owens,howense4@1und1.de,Female,Mexico
510,Juan,Kelly,jkellye5@photobucket.com,Male,Canada
511,Charles,Woods,cwoodse6@oaic.gov.au,Male,Canada
512,Scott,Day,sdaye7@printfriendly.com,Male,United States
513,Adam,Morrison,amorrisone8@bigcartel.com,Male,Canada
514,Stephanie,Owens,sowense9@ihg.com,Female,Canada
515,Ashley,Wright,awrightea@dailymotion.com,Female,Mexico
516,Roy,Frazier,rfraziereb@shareasale.com,Male,United States
517,Scott,Stone,sstoneec@51.la,Male,United States
518,Katherine,Washington,kwashingtoned@i2i.jp,Female,Mexico
519,Tammy,Wright,twrightee@opensource.org,Female,Canada
520,Terry,Howell,thowellef@ihg.com,Male,Canada
521,Karen,Sanchez,ksanchezeg@jigsy.com,Female,United States
522,Steven,Bennett,sbennetteh@e-recht24.de,Male,Mexico
523,Juan,West,jwestei@ucsd.edu,Male,United States
524,Christina,Matthews,cmatthewsej@washingtonpost.com,Female,United States
525,Roger,Long,rlongek@yahoo.com,Male,United States
526,Susan,Richards,srichardsel@umn.edu,Female,United States
527,Dorothy,Fernandez,dfernandezem@topsy.com,Female,United States
528,Kevin,Washington,kwashingtonen@wikipedia.org,Male,Canada
529,Jack,Johnston,jjohnstoneo@deliciousdays.com,Male,Mexico
530,Marilyn,Rogers,mrogersep@princeton.edu,Female,United States
531,Charles,Bradley,cbradleyeq@dell.com,Male,United States
532,Adam,Jackson,ajacksoner@columbia.edu,Male,Mexico
533,Katherine,Fisher,kfisheres@google.de,Female,Mexico
534,Teresa,Harris,tharriset@yale.edu,Female,Canada
535,Louis,Cook,lcookeu@ucoz.com,Male,Mexico
536,Willie,Cole,wcoleev@aboutads.info,Male,United States
537,Jessica,Jackson,jjacksonew@bbb.org,Female,United States
538,Pamela,Romero,promeroex@baidu.com,Female,United States
539,George,Wells,gwellsey@multiply.com,Male,Mexico
540,Jack,James,jjamesez@sakura.ne.jp,Male,Canada
541,Donna,Lane,dlanef0@squarespace.com,Female,Mexico
542,Irene,Webb,iwebbf1@netvibes.com,Female,Mexico
543,Walter,Little,wlittlef2@ted.com,Male,United States
544,Wayne,Jones,wjonesf3@t-online.de,Male,United States
545,Ryan,Ray,rrayf4@cornell.edu,Male,United States
546,Rebecca,Burke,rburkef5@cam.ac.uk,Female,Canada
547,Louise,Hudson,lhudsonf6@tiny.cc,Female,United States
548,Edward,Johnson,ejohnsonf7@vinaora.com,Male,Mexico
549,Elizabeth,Price,epricef8@moonfruit.com,Female,United States
550,Randy,Fernandez,rfernandezf9@yelp.com,Male,Mexico
551,Sean,Gardner,sgardnerfa@php.net,Male,Mexico
552,Jose,Bell,jbellfb@hexun.com,Male,United States
553,Heather,Mcdonald,hmcdonaldfc@amazon.co.uk,Female,United States
554,Donald,Kelly,dkellyfd@bizjournals.com,Male,United States
555,George,Mills,gmillsfe@amazon.co.jp,Male,Canada
556,Jennifer,Bishop,,Female,Canada
557,Aaron,Reid,areidfg@eventbrite.com,Male,Mexico
558,Kathryn,Hayes,khayesfh@netvibes.com,Female,Canada
559,Steve,Arnold,sarnoldfi@oakley.com,Male,Mexico
560,Patrick,Day,pdayfj@skyrock.com,Male,Canada
561,Melissa,Cox,mcoxfk@liveinternet.ru,Female,United States
562,Gregory,Powell,,Male,Mexico
563,Janet,Hart,jhartfm@cornell.edu,Female,United States
564,Dorothy,Gonzales,dgonzalesfn@ameblo.jp,Female,United States
565,Bruce,Armstrong,barmstrongfo@naver.com,Male,United States
566,Craig,Franklin,cfranklinfp@nih.gov,Male,United States
567,George,Rivera,griverafq@smugmug.com,Male,Canada
568,Jose,Perry,jperryfr@nytimes.com,Male,United States
569,Philip,Brooks,pbrooksfs@redcross.org,Male,United States
570,Frank,Crawford,fcrawfordft@walmart.com,Male,Canada
571,Martin,Mccoy,mmccoyfu@wunderground.com,Male,United States
572,Brenda,Davis,bdavisfv@artisteer.com,Female,Mexico
573,Jason,White,jwhitefw@live.com,Male,Mexico
574,Chris,Diaz,cdiazfx@dion.ne.jp,Male,Mexico
575,Joan,Meyer,jmeyerfy@cnet.com,Female,Mexico
576,Sean,Campbell,scampbellfz@purevolume.com,Male,United States
577,Russell,Weaver,rweaverg0@google.com.hk,Male,Mexico
578,Marilyn,Ramos,mramosg1@deliciousdays.com,Female,Mexico
579,Lawrence,Moore,lmooreg2@plala.or.jp,Male,United States
580,George,Ferguson,gfergusong3@columbia.edu,Male,Canada
581,Martha,Romero,mromerog4@over-blog.com,Female,Canada
582,Shirley,Garcia,sgarciag5@studiopress.com,Female,Canada
583,Mildred,Lopez,mlopezg6@bandcamp.com,Female,United States
584,Bonnie,Foster,bfosterg7@indiatimes.com,Female,Canada
585,Harry,Baker,hbakerg8@abc.net.au,Male,United States
586,Mildred,Bennett,,Female,Canada
587,Jose,Long,jlongga@google.com.hk,Male,Canada
588,James,Jones,jjonesgb@scribd.com,Male,Mexico
589,Albert,Freeman,afreemangc@sourceforge.net,Male,United States
590,Jerry,Rivera,,Male,Mexico
591,Eric,Ortiz,eortizge@marketwatch.com,Male,United States
592,Nancy,Woods,nwoodsgf@whitehouse.gov,Female,United States
593,Pamela,Jordan,pjordangg@nationalgeographic.com,Female,Canada
594,Ruby,Dunn,rdunngh@digg.com,Female,Canada
595,Thomas,Thompson,tthompsongi@noaa.gov,Male,Canada
596,Joyce,Sanchez,jsanchezgj@webs.com,Female,Mexico
597,Tammy,Hernandez,thernandezgk@nationalgeographic.com,Female,Mexico
598,Julie,Thompson,jthompsongl@tuttocitta.it,Female,Mexico
599,Ernest,Baker,ebakergm@wisc.edu,Male,Canada
600,Kevin,Stevens,kstevensgn@webs.com,Male,United States
601,Donna,Mendoza,dmendozago@wordpress.com,Female,United States
602,Patricia,Gordon,pgordongp@jigsy.com,Female,United States
603,Frances,Wright,fwrightgq@biblegateway.com,Female,Mexico
604,Jeffrey,Jacobs,jjacobsgr@usgs.gov,Male,Mexico
605,Karen,Williams,kwilliamsgs@is.gd,Female,Mexico
606,Kevin,Fuller,kfullergt@nationalgeographic.com,Male,United States
607,Gary,Porter,gportergu@vk.com,Male,United States
608,Patricia,Sullivan,psullivangv@ehow.com,Female,Mexico
609,Chris,Williamson,cwilliamsongw@xinhuanet.com,Male,United States
610,Diane,Murray,dmurraygx@mapy.cz,Female,United States
611,Sharon,Long,slonggy@over-blog.com,Female,United States
612,Paula,Ramos,pramosgz@ibm.com,Female,United States
613,Clarence,Barnes,,Male,Mexico
614,Daniel,Smith,dsmithh1@uol.com.br,Male,Canada
615,Diana,Williamson,dwilliamsonh2@businessinsider.com,Female,United States
616,Justin,Martin,jmartinh3@apache.org,Male,Mexico
617,Bonnie,Hart,,Female,Canada
618,Roger,Murray,rmurrayh5@icq.com,Male,Canada
619,Howard,Gilbert,hgilberth6@reverbnation.com,Male,United States
620,Raymond,Marshall,rmarshallh7@prnewswire.com,Male,United States
621,Denise,Thompson,dthompsonh8@economist.com,Female,United States
622,Kathryn,Lawson,klawsonh9@cam.ac.uk,Female,United States
623,Janet,Fowler,jfowlerha@huffingtonpost.com,Female,United States
624,Lori,Gonzales,lgonzaleshb@symantec.com,Female,United States
625,Cynthia,Porter,cporterhc@phoca.cz,Female,United States
626,Walter,Young,wyounghd@blinklist.com,Male,United States
627,John,Johnson,jjohnsonhe@yahoo.com,Male,Mexico
628,Lawrence,Vasquez,lvasquezhf@army.mil,Male,United States
629,Joyce,Ellis,jellishg@google.co.jp,Female,United States
630,Jennifer,Fowler,jfowlerhh@bloglines.com,Female,United States
631,Lisa,Hill,lhillhi@nps.gov,Female,United States
632,Jeremy,Crawford,jcrawfordhj@liveinternet.ru,Male,Mexico
633,Gerald,Fields,gfieldshk@shop-pro.jp,Male,Canada
634,Bobby,Hernandez,bhernandezhl@marketwatch.com,Male,Mexico
635,Annie,Hanson,ahansonhm@mashable.com,Female,United States
636,Charles,Campbell,ccampbellhn@wired.com,Male,United States
637,Roger,Wheeler,rwheelerho@eepurl.com,Male,Mexico
638,Amy,Edwards,aedwardshp@bbc.co.uk,Female,United States
639,Rose,Rodriguez,rrodriguezhq@businessweek.com,Female,Mexico
640,Kenneth,Ramirez,kramirezhr@ning.com,Male,United States
641,Kelly,Lee,kleehs@reference.com,Female,Mexico
642,Nancy,Lewis,nlewisht@ox.ac.uk,Female,United States
643,Michelle,Sanders,msandershu@mozilla.com,Female,Canada
644,Carl,Wheeler,,Male,United States
645,Kimberly,Murphy,kmurphyhw@tinyurl.com,Female,Mexico
646,Nancy,Rodriguez,nrodriguezhx@nytimes.com,Female,Mexico
647,Ernest,Hicks,ehickshy@digg.com,Male,Mexico
648,Phillip,Davis,pdavishz@github.io,Male,United States
649,Susan,Bell,sbelli0@vimeo.com,Female,United States
650,Ernest,Turner,eturneri1@ow.ly,Male,United States
651,Cheryl,Willis,cwillisi2@networksolutions.com,Female,United States
652,Gary,Greene,ggreenei3@last.fm,Male,United States
653,Wayne,Willis,wwillisi4@indiatimes.com,Male,Canada
654,Juan,Hernandez,jhernandezi5@ameblo.jp,Male,United States
655,Mary,Morgan,mmorgani6@fda.gov,Female,United States
656,Louis,Brooks,,Male,United States
657,Marilyn,Ford,mfordi8@surveymonkey.com,Female,Mexico
658,Marie,Richards,mrichardsi9@yahoo.co.jp,Female,United States
659,Clarence,Franklin,cfranklinia@sciencedirect.com,Male,United States
660,Lillian,Austin,laustinib@telegraph.co.uk,Female,Canada
661,Lori,Owens,lowensic@bbc.co.uk,Female,Canada
662,Christine,Lane,claneid@samsung.com,Female,Canada
663,Johnny,Wood,jwoodie@etsy.com,Male,United States
664,Russell,Peterson,rpetersonif@shareasale.com,Male,United States
665,Norma,Carr,ncarrig@blogtalkradio.com,Female,United States
666,Beverly,Coleman,bcolemanih@goo.gl,Female,Canada
667,Nicholas,Harper,nharperii@youtube.com,Male,Canada
668,Laura,Austin,laustinij@ezinearticles.com,Female,United States
669,Denise,Vasquez,dvasquezik@newyorker.com,Female,United States
670,Amy,Gordon,agordonil@aol.com,Female,United States
671,Theresa,Bishop,,Female,Canada
672,Bobby,Ruiz,bruizin@vinaora.com,Male,Mexico
673,Tina,Larson,tlarsonio@springer.com,Female,Canada
674,Frank,Ross,frossip@bizjournals.com,Male,Canada
675,Rachel,Richards,rrichardsiq@creativecommons.org,Female,Mexico
676,Amy,Franklin,afranklinir@cpanel.net,Female,United States
677,Jeffrey,Chapman,jchapmanis@si.edu,Male,United States
678,Raymond,Ferguson,rfergusonit@edublogs.org,Male,Mexico
679,Kelly,Powell,kpowelliu@thetimes.co.uk,Female,Mexico
680,Jennifer,Hanson,jhansoniv@shutterfly.com,Female,Canada
681,Stephen,Willis,swillisiw@washington.edu,Male,Canada
682,Brandon,Smith,bsmithix@craigslist.org,Male,United States
683,Mark,Gomez,mgomeziy@yale.edu,Male,United States
684,John,Ford,jfordiz@ezinearticles.com,Male,United States
685,Patricia,Perry,pperryj0@si.edu,Female,Canada
686,Stephen,Warren,swarrenj1@yellowbook.com,Male,United States
687,Lawrence,Morrison,lmorrisonj2@webeden.co.uk,Male,Canada
688,Kimberly,Moreno,kmorenoj3@miitbeian.gov.cn,Female,Mexico
689,Nicholas,Wood,nwoodj4@purevolume.com,Male,United States
690,Brandon,Castillo,bcastilloj5@lulu.com,Male,United States
691,Barbara,Williams,bwilliamsj6@apple.com,Female,United States
692,Jason,Adams,,Male,Canada
693,Gloria,Welch,gwelchj8@umich.edu,Female,Mexico
694,Carlos,Kelley,ckelleyj9@salon.com,Male,Mexico
695,Beverly,Moore,bmooreja@ftc.gov,Female,United States
696,Virginia,Duncan,vduncanjb@barnesandnoble.com,Female,Mexico
697,Marie,Duncan,mduncanjc@rediff.com,Female,Mexico
698,Michael,Jackson,mjacksonjd@example.com,Male,United States
699,Robert,Fox,rfoxje@unicef.org,Male,United States
700,Roy,Freeman,,Male,United States
701,Mildred,Stevens,mstevensjg@github.io,Female,Canada
702,Joe,Weaver,jweaverjh@ca.gov,Male,Mexico
703,Steve,Wood,swoodji@mtv.com,Male,Canada
704,Tina,Miller,tmillerjj@uol.com.br,Female,Canada
705,Jesse,Baker,,Male,United States
706,Douglas,Ramos,dramosjl@baidu.com,Male,Canada
707,Marie,Thomas,mthomasjm@accuweather.com,Female,Mexico
708,Wanda,Rice,wricejn@etsy.com,Female,United States
709,James,Hicks,jhicksjo@springer.com,Male,Canada
710,Christopher,Stephens,cstephensjp@google.co.uk,Male,Canada
711,Todd,Ross,trossjq@histats.com,Male,Mexico
712,Diane,Garza,,Female,Mexico
713,Christine,Hunter,chunterjs@illinois.edu,Female,United States
714,Doris,Palmer,dpalmerjt@slashdot.org,Female,Mexico
715,Clarence,Fernandez,,Male,United States
716,Juan,Perez,jperezjv@globo.com,Male,United States
717,Jose,Brown,jbrownjw@house.gov,Male,United States
718,Joan,Edwards,jedwardsjx@ucoz.ru,Female,United States
719,Jerry,White,jwhitejy@paginegialle.it,Male,United States
720,Fred,Hawkins,fhawkinsjz@themeforest.net,Male,United States
721,Howard,Freeman,hfreemank0@ucoz.com,Male,Canada
722,Harold,Garza,hgarzak1@soup.io,Male,United States
723,Gregory,Graham,ggrahamk2@sitemeter.com,Male,Mexico
724,Jimmy,Pierce,jpiercek3@cnn.com,Male,United States
725,Sara,Black,sblackk4@google.de,Female,Canada
726,Maria,Ryan,,Female,Mexico
727,Alan,Gonzalez,agonzalezk6@mysql.com,Male,Canada
728,Elizabeth,Jones,ejonesk7@wiley.com,Female,Mexico
729,Samuel,Turner,sturnerk8@answers.com,Male,Canada
730,Shawn,Taylor,staylork9@t.co,Male,United States
731,Ronald,Morgan,rmorganka@bloglovin.com,Male,Canada
732,Joshua,Harris,jharriskb@usa.gov,Male,United States
733,Philip,Hunt,phuntkc@tuttocitta.it,Male,United States
734,Samuel,Berry,sberrykd@friendfeed.com,Male,United States
735,Amanda,Henderson,ahendersonke@admin.ch,Female,Canada
736,Lori,Garcia,lgarciakf@aboutads.info,Female,Canada
737,Denise,Baker,dbakerkg@dell.com,Female,Canada
738,Raymond,Bailey,rbaileykh@guardian.co.uk,Male,Canada
739,Marilyn,Robertson,mrobertsonki@redcross.org,Female,Canada
740,Beverly,Black,bblackkj@google.com.br,Female,United States
741,Virginia,Ryan,vryankk@sciencedaily.com,Female,Canada
742,Marie,Marshall,mmarshallkl@pinterest.com,Female,United States
743,Teresa,Peters,tpeterskm@cocolog-nifty.com,Female,Canada
744,Barbara,Hayes,bhayeskn@spiegel.de,Female,United States
745,Jerry,Johnson,jjohnsonko@miitbeian.gov.cn,Male,United States
746,Cynthia,Burke,cburkekp@tiny.cc,Female,United States
747,Phillip,Meyer,pmeyerkq@macromedia.com,Male,United States
748,Samuel,Harvey,sharveykr@cafepress.com,Male,Canada
749,Christopher,Hicks,chicksks@dion.ne.jp,Male,United States
750,Phillip,Greene,pgreenekt@cisco.com,Male,United States
751,Janet,Daniels,jdanielsku@live.com,Female,United States
752,Michael,Rogers,mrogerskv@aboutads.info,Male,United States
753,Samuel,Martinez,smartinezkw@com.com,Male,United States
754,Antonio,Lawson,alawsonkx@gov.uk,Male,Mexico
755,Ruth,Flores,rfloresky@usa.gov,Female,United States
756,Nicholas,Murphy,nmurphykz@photobucket.com,Male,United States
757,Jeffrey,Ray,jrayl0@symantec.com,Male,United States
758,Julie,Lynch,jlynchl1@hexun.com,Female,Canada
759,Gloria,Owens,,Female,Mexico
760,Thomas,Patterson,tpattersonl3@sitemeter.com,Male,United States
761,Jose,Moreno,jmorenol4@paypal.com,Male,Mexico
762,Matthew,Murphy,,Male,Mexico
763,Russell,Martin,rmartinl6@so-net.ne.jp,Male,United States
764,Laura,Hayes,,Female,United States
765,Martin,Schmidt,mschmidtl8@un.org,Male,Mexico
766,Patricia,Alexander,palexanderl9@theglobeandmail.com,Female,Mexico
767,Mary,Porter,mporterla@spiegel.de,Female,Canada
768,Dennis,Hunt,dhuntlb@time.com,Male,Mexico
769,Annie,Fisher,afisherlc@netlog.com,Female,Canada
770,Johnny,Fields,jfieldsld@washingtonpost.com,Male,Canada
771,Paula,Armstrong,parmstrongle@hostgator.com,Female,Canada
772,Samuel,Parker,sparkerlf@wisc.edu,Male,Canada
773,Roy,Gonzalez,rgonzalezlg@storify.com,Male,United States
774,Lori,Rogers,lrogerslh@noaa.gov,Female,United States
775,Emily,Reid,ereidli@amazonaws.com,Female,United States
776,James,Reyes,jreyeslj@bbb.org,Male,United States
777,Kimberly,Ramirez,,Female,Mexico
778,Ralph,Gray,rgrayll@google.pl,Male,United States
779,Maria,Morgan,,Female,United States
780,Willie,Kelley,wkelleyln@people.com.cn,Male,United States
781,Dorothy,Stanley,dstanleylo@cdbaby.com,Female,United States
782,Antonio,Chapman,achapmanlp@51.la,Male,Mexico
783,Nicholas,Wood,nwoodlq@yahoo.com,Male,United States
784,Frances,George,fgeorgelr@state.tx.us,Female,Canada
785,Andrea,Henderson,ahendersonls@php.net,Female,Mexico
786,Henry,Sullivan,hsullivanlt@github.io,Male,United States
787,John,Olson,jolsonlu@acquirethisname.com,Male,Mexico
788,Joshua,Mcdonald,jmcdonaldlv@soup.io,Male,United States
789,Virginia,Austin,vaustinlw@theguardian.com,Female,Mexico
790,Craig,Moreno,cmorenolx@virginia.edu,Male,Canada
791,Doris,Hunter,dhunterly@slideshare.net,Female,Canada
792,Thomas,Reed,treedlz@yellowbook.com,Male,Canada
793,Jimmy,Murray,jmurraym0@ehow.com,Male,Canada
794,Stephanie,Mitchell,smitchellm1@ca.gov,Female,Canada
795,Sharon,Bishop,sbishopm2@ed.gov,Female,United States
796,Alice,Spencer,aspencerm3@cyberchimps.com,Female,Canada
797,Brenda,Dean,bdeanm4@myspace.com,Female,United States
798,Frances,Fuller,ffullerm5@myspace.com,Female,United States
799,Debra,Austin,daustinm6@sohu.com,Female,United States
800,Edward,Ferguson,efergusonm7@hud.gov,Male,Mexico
801,Betty,Diaz,bdiazm8@utexas.edu,Female,Mexico
802,Dorothy,Berry,dberrym9@scribd.com,Female,United States
803,Jack,Butler,jbutlerma@ycombinator.com,Male,Canada
804,Karen,Kennedy,,Female,Mexico
805,Nicole,Anderson,nandersonmc@weather.com,Female,Canada
806,Janet,Reynolds,jreynoldsmd@timesonline.co.uk,Female,Canada
807,Anne,Hayes,ahayesme@barnesandnoble.com,Female,Canada
808,Scott,Ray,sraymf@mayoclinic.com,Male,Mexico
809,Beverly,Peterson,bpetersonmg@indiatimes.com,Female,Mexico
810,Emily,Rivera,eriveramh@cisco.com,Female,United States
811,Deborah,Andrews,,Female,Canada
812,Phillip,Cooper,pcoopermj@freewebs.com,Male,Canada
813,Brandon,Peters,bpetersmk@imageshack.us,Male,United States
814,Annie,Williams,awilliamsml@google.com.hk,Female,United States
815,Helen,Hayes,hhayesmm@tripadvisor.com,Female,Mexico
816,Frances,Gray,fgraymn@stanford.edu,Female,United States
817,Kathy,Moore,kmooremo@joomla.org,Female,Canada
818,Keith,Torres,ktorresmp@ftc.gov,Male,United States
819,Craig,Gutierrez,cgutierrezmq@so-net.ne.jp,Male,Canada
820,Margaret,Cox,mcoxmr@google.pl,Female,Mexico
821,Howard,Richards,hrichardsms@dot.gov,Male,Mexico
822,Randy,Snyder,rsnydermt@elpais.com,Male,Canada
823,Jean,Elliott,jelliottmu@mozilla.com,Female,United States
824,Katherine,Anderson,kandersonmv@cafepress.com,Female,Canada
825,Gary,Jacobs,gjacobsmw@mysql.com,Male,Canada
826,Bobby,Jordan,bjordanmx@netlog.com,Male,United States
827,Steven,Cox,scoxmy@theguardian.com,Male,United States
828,Janet,Armstrong,jarmstrongmz@example.com,Female,United States
829,Kimberly,Riley,krileyn0@techcrunch.com,Female,Canada
830,Ashley,Castillo,acastillon1@nifty.com,Female,United States
831,Charles,Banks,cbanksn2@china.com.cn,Male,Canada
832,Clarence,Fowler,cfowlern3@php.net,Male,United States
833,Sandra,Mendoza,smendozan4@qq.com,Female,Mexico
834,Steve,Barnes,sbarnesn5@google.com,Male,Mexico
835,Lillian,Green,lgreenn6@jigsy.com,Female,Mexico
836,Rose,Mills,rmillsn7@cloudflare.com,Female,United States
837,Irene,Tucker,ituckern8@globo.com,Female,Canada
838,Amanda,Phillips,aphillipsn9@si.edu,Female,United States
839,Aaron,Diaz,adiazna@domainmarket.com,Male,United States
840,Walter,Gordon,wgordonnb@princeton.edu,Male,United States
841,Evelyn,Adams,eadamsnc@devhub.com,Female,Mexico
842,Benjamin,Knight,,Male,United States
843,Alan,Allen,aallenne@ning.com,Male,Mexico
844,Gary,Moore,gmoorenf@joomla.org,Male,United States
845,Sean,Ferguson,sfergusonng@wsj.com,Male,Canada
846,Daniel,Sims,dsimsnh@simplemachines.org,Male,Mexico
847,Sean,Wells,swellsni@hhs.gov,Male,United States
848,Walter,Rivera,wriveranj@toplist.cz,Male,United States
849,Ashley,Henry,ahenrynk@wordpress.org,Female,United States
850,Bonnie,Phillips,bphillipsnl@mac.com,Female,Canada
851,Pamela,Arnold,parnoldnm@cyberchimps.com,Female,Canada
852,Robin,Burns,,Female,United States
853,Jennifer,Fowler,jfowlerno@angelfire.com,Female,United States
854,Christina,Fowler,cfowlernp@arstechnica.com,Female,United States
855,Matthew,Foster,mfosternq@netlog.com,Male,United States
856,Jonathan,Tucker,jtuckernr@usgs.gov,Male,Canada
857,Jane,Grant,,Female,United States
858,Cynthia,Fuller,cfullernt@topsy.com,Female,Mexico
859,Laura,Frazier,lfraziernu@domainmarket.com,Female,United States
860,Bonnie,Knight,bknightnv@jugem.jp,Female,United States
861,Rachel,Barnes,rbarnesnw@odnoklassniki.ru,Female,United States
862,Benjamin,Freeman,bfreemannx@posterous.com,Male,United States
863,Joe,Lane,jlaneny@devhub.com,Male,Mexico
864,Dennis,Moreno,dmorenonz@acquirethisname.com,Male,United States
865,Dennis,Matthews,dmatthewso0@cmu.edu,Male,Canada
866,Katherine,Howell,khowello1@t-online.de,Female,Mexico
867,Deborah,Hunter,dhuntero2@artisteer.com,Female,Mexico
868,Jean,Murray,jmurrayo3@delicious.com,Female,United States
869,Kevin,Ford,kfordo4@slate.com,Male,Canada
870,Charles,Sullivan,csullivano5@fotki.com,Male,Canada
871,Roy,Perry,rperryo6@ehow.com,Male,United States
872,David,Kim,dkimo7@cargocollective.com,Male,United States
873,Stephen,Thompson,sthompsono8@indiatimes.com,Male,Mexico
874,Russell,Larson,rlarsono9@cpanel.net,Male,Canada
875,Diane,Rodriguez,drodriguezoa@bloglines.com,Female,United States
876,Thomas,Meyer,tmeyerob@state.gov,Male,United States
877,John,Lee,jleeoc@joomla.org,Male,Mexico
878,Sara,Hayes,shayesod@ehow.com,Female,United States
879,Gary,Black,,Male,Mexico
880,Gerald,Robertson,grobertsonof@netlog.com,Male,United States
881,Jessica,Meyer,jmeyerog@yale.edu,Female,Canada
882,Philip,Peterson,,Male,United States
883,Barbara,Matthews,bmatthewsoi@ucsd.edu,Female,United States
884,Patricia,Castillo,pcastillooj@issuu.com,Female,United States
885,Julie,Kennedy,jkennedyok@biblegateway.com,Female,Mexico
886,Wanda,Jackson,wjacksonol@wired.com,Female,Canada
887,Randy,Oliver,roliverom@bbb.org,Male,Canada
888,Karen,Wilson,kwilsonon@xinhuanet.com,Female,United States
889,Cynthia,Adams,cadamsoo@discovery.com,Female,Canada
890,David,Willis,dwillisop@upenn.edu,Male,Canada
891,Kimberly,Bailey,kbaileyoq@bloomberg.com,Female,Canada
892,Ruby,Stewart,rstewartor@soundcloud.com,Female,Mexico
893,Heather,Nelson,,Female,United States
894,Peter,Ellis,pellisot@google.com.br,Male,United States
895,Kathleen,Arnold,karnoldou@dagondesign.com,Female,Mexico
896,Irene,Robertson,irobertsonov@google.ca,Female,United States
897,Ruby,Carpenter,rcarpenterow@themeforest.net,Female,Mexico
898,Justin,Jenkins,jjenkinsox@gmpg.org,Male,Mexico
899,Patrick,Wallace,pwallaceoy@blogs.com,Male,Canada
900,Norma,Hughes,nhughesoz@printfriendly.com,Female,United States
901,William,Kennedy,wkennedyp0@gov.uk,Male,United States
902,Howard,Montgomery,hmontgomeryp1@example.com,Male,United States
903,Joseph,Sanchez,jsanchezp2@noaa.gov,Male,Mexico
904,Margaret,James,mjamesp3@berkeley.edu,Female,United States
905,Anna,Ramos,aramosp4@zdnet.com,Female,Canada
906,Amy,Stewart,astewartp5@globo.com,Female,Canada
907,Adam,Meyer,ameyerp6@meetup.com,Male,Canada
908,Anthony,Richardson,arichardsonp7@bravesites.com,Male,United States
909,Sarah,Lewis,slewisp8@ibm.com,Female,United States
910,Debra,Willis,dwillisp9@livejournal.com,Female,Canada
911,Douglas,Medina,dmedinapa@taobao.com,Male,United States
912,Juan,Mason,jmasonpb@alexa.com,Male,United States
913,Dennis,Thomas,dthomaspc@tmall.com,Male,United States
914,Jesse,Crawford,jcrawfordpd@myspace.com,Male,Canada
915,Sean,Alexander,salexanderpe@foxnews.com,Male,Canada
916,Terry,Coleman,tcolemanpf@over-blog.com,Male,United States
917,Wanda,Nichols,wnicholspg@instagram.com,Female,United States
918,Patricia,Ruiz,pruizph@washingtonpost.com,Female,United States
919,Michael,Dixon,mdixonpi@cdbaby.com,Male,United States
920,Anne,Simmons,asimmonspj@google.es,Female,United States
921,Shirley,Fowler,sfowlerpk@hibu.com,Female,Canada
922,Ryan,Gonzalez,rgonzalezpl@yellowpages.com,Male,Canada
923,Thomas,Knight,tknightpm@eepurl.com,Male,Mexico
924,Clarence,Grant,cgrantpn@gnu.org,Male,United States
925,Kathy,Moore,kmoorepo@technorati.com,Female,United States
926,Alice,Garrett,agarrettpp@phpbb.com,Female,Canada
927,Annie,Jones,ajonespq@ibm.com,Female,Canada
928,Johnny,Gardner,jgardnerpr@google.it,Male,United States
929,Kimberly,Willis,kwillisps@over-blog.com,Female,Mexico
930,Christine,Woods,cwoodspt@mlb.com,Female,Canada
931,Phyllis,Banks,,Female,Mexico
932,Judy,Vasquez,jvasquezpv@cafepress.com,Female,United States
933,Earl,Rodriguez,erodriguezpw@cam.ac.uk,Male,Canada
934,Martin,Welch,mwelchpx@microsoft.com,Male,United States
935,Roy,Dean,rdeanpy@google.com.au,Male,Mexico
936,Nancy,Howard,nhowardpz@slideshare.net,Female,United States
937,Donna,Lane,dlaneq0@acquirethisname.com,Female,United States
938,Christopher,Russell,crussellq1@hud.gov,Male,Mexico
939,Jane,Taylor,jtaylorq2@engadget.com,Female,United States
940,Frances,Phillips,fphillipsq3@odnoklassniki.ru,Female,Mexico
941,Elizabeth,Montgomery,emontgomeryq4@plala.or.jp,Female,Canada
942,Martha,Wells,mwellsq5@hao123.com,Female,Mexico
943,Irene,Warren,iwarrenq6@hexun.com,Female,Mexico
944,Jason,Chavez,jchavezq7@yolasite.com,Male,United States
945,Andrew,Peterson,apetersonq8@soup.io,Male,United States
946,Craig,Carroll,ccarrollq9@flavors.me,Male,Canada
947,Steve,Bradley,sbradleyqa@studiopress.com,Male,United States
948,Ann,Meyer,ameyerqb@fda.gov,Female,United States
949,Gloria,Hunt,ghuntqc@homestead.com,Female,Canada
950,Henry,Hamilton,hhamiltonqd@tuttocitta.it,Male,United States
951,Rachel,Wheeler,rwheelerqe@spotify.com,Female,Canada
952,Randy,Brooks,rbrooksqf@slashdot.org,Male,United States
953,Ryan,Mendoza,rmendozaqg@liveinternet.ru,Male,United States
954,Janice,Bryant,jbryantqh@fda.gov,Female,United States
955,Harold,White,hwhiteqi@dyndns.org,Male,Canada
956,Craig,Arnold,carnoldqj@ed.gov,Male,Canada
957,Robert,Green,rgreenqk@google.com,Male,United States
958,Elizabeth,Dixon,edixonql@liveinternet.ru,Female,Canada
959,Gerald,Coleman,gcolemanqm@simplemachines.org,Male,United States
960,Sandra,Garrett,sgarrettqn@scribd.com,Female,United States
961,Bruce,Andrews,bandrewsqo@omniture.com,Male,Mexico
962,Howard,Rodriguez,hrodriguezqp@feedburner.com,Male,Canada
963,Mark,Mendoza,mmendozaqq@mayoclinic.com,Male,Mexico
964,Patricia,Roberts,probertsqr@1und1.de,Female,United States
965,Adam,Phillips,aphillipsqs@engadget.com,Male,United States
966,Christine,Grant,cgrantqt@scribd.com,Female,United States
967,Jeremy,Morgan,jmorganqu@fastcompany.com,Male,Canada
968,Teresa,Welch,twelchqv@google.com.br,Female,Mexico
969,Rebecca,Hart,rhartqw@washington.edu,Female,Canada
970,Craig,Hunter,chunterqx@home.pl,Male,United States
971,Ernest,Washington,ewashingtonqy@xrea.com,Male,United States
972,Rebecca,Weaver,rweaverqz@jimdo.com,Female,Canada
973,Shawn,Adams,sadamsr0@dmoz.org,Male,United States
974,Ralph,Jackson,rjacksonr1@dailymail.co.uk,Male,Canada
975,Jeremy,Dunn,,Male,United States
976,Andrew,Gibson,agibsonr3@aboutads.info,Male,United States
977,Bonnie,Hawkins,bhawkinsr4@hugedomains.com,Female,United States
978,Joseph,White,jwhiter5@washington.edu,Male,Canada
979,Robin,Ramirez,rramirezr6@marketwatch.com,Female,United States
980,Kenneth,Cox,kcoxr7@usatoday.com,Male,United States
981,Susan,Hernandez,shernandezr8@chron.com,Female,Canada
982,Louise,Stevens,lstevensr9@sitemeter.com,Female,Canada
983,Jerry,Ramirez,jramirezra@ehow.com,Male,United States
984,Michael,Gray,mgrayrb@pbs.org,Male,Canada
985,Rachel,Porter,rporterrc@bigcartel.com,Female,Mexico
986,Brenda,Matthews,bmatthewsrd@ca.gov,Female,Canada
987,Pamela,Garcia,pgarciare@sitemeter.com,Female,Canada
988,Martin,Daniels,mdanielsrf@patch.com,Male,United States
989,Jacqueline,Carroll,jcarrollrg@forbes.com,Female,United States
990,Anne,Cooper,acooperrh@tripadvisor.com,Female,Canada
991,Joan,Fisher,jfisherri@webmd.com,Female,Mexico
992,Martin,Payne,mpaynerj@cnbc.com,Male,United States
993,Julia,Peters,jpetersrk@cloudflare.com,Female,United States
994,Steve,Harrison,sharrisonrl@fc2.com,Male,United States
995,Jean,Hernandez,jhernandezrm@timesonline.co.uk,Female,United States
996,Nancy,Wood,nwoodrn@360.cn,Female,United States
997,Helen,Hernandez,hhernandezro@hp.com,Female,Canada
998,Emily,Carr,ecarrrp@wikimedia.org,Female,Mexico
999,Joyce,Cox,jcoxrq@whitehouse.gov,Female,United States
1000,Judith,Stone,jstonerr@time.com,Female,United States
