id,first_name,last_name,email,gender,country
1,Nicholas,Gardner,ngardner0@theglobeandmail.com,Male,Canada
2,Diana,Gilbert,dgilbert1@usnews.com,Female,United States
3,Diane,Garrett,dgarrett2@phpbb.com,Female,United States
4,Shawn,Henry,shenry3@theatlantic.com,Male,United States
5,Jason,Garrett,jgarrett4@state.tx.us,Male,United States
6,John,Fisher,jfisher5@rakuten.co.jp,Male,United States
7,Rachel,Bell,rbell6@hatena.ne.jp,Female,United States
8,Eugene,Wright,ewright7@netvibes.com,Male,United States
9,Harold,Stone,hstone8@opera.com,Male,United States
10,Jacqueline,Coleman,jcoleman9@hud.gov,Female,Mexico
11,Anna,Reynolds,areynoldsa@cargocollective.com,Female,Mexico
12,Edward,Ramirez,eramirezb@hibu.com,Male,United States
13,Joshua,Hughes,jhughesc@noaa.gov,Male,United States
14,Brenda,Phillips,bphillipsd@loc.gov,Female,United States
15,Michael,Burns,mburnse@g.co,Male,United States
16,Jeffrey,Palmer,jpalmerf@dot.gov,Male,Canada
17,Michelle,Murphy,mmurphyg@live.com,Female,Canada
18,Fred,King,fkingh@bravesites.com,Male,Canada
19,Shawn,Romero,sromeroi@yahoo.com,Male,United States
20,Nicole,Jordan,njordanj@people.com.cn,Female,Mexico
21,Raymond,Gibson,rgibsonk@dagondesign.com,Male,Mexico
22,Kimberly,Mitchell,kmitchelll@chicagotribune.com,Female,United States
23,Diane,Bradley,dbradleym@google.fr,Female,United States
24,Marie,Cook,mcookn@illinois.edu,Female,United States
25,Peter,Griffin,pgriffino@wiley.com,Male,United States
26,Jane,Hamilton,jhamiltonp@trellian.com,Female,Mexico
27,Kathleen,Smith,ksmithq@bizjournals.com,Female,Mexico
28,Debra,Freeman,dfreemanr@tumblr.com,Female,Mexico
29,Jason,Butler,jbutlers@t-online.de,Male,United States
30,Roy,Fields,rfieldst@kickstarter.com,Male,Canada
31,Pamela,Phillips,pphillipsu@sohu.com,Female,United States
32,Lisa,Carter,lcarterv@cam.ac.uk,Female,United States
33,Julie,Palmer,jpalmerw@delicious.com,Female,United States
34,Ruby,Rodriguez,rrodriguezx@slideshare.net,Female,United States
35,Bonnie,Weaver,bweavery@yolasite.com,Female,United States
36,Jessica,Frazier,jfrazierz@ox.ac.uk,Female,Canada
37,John,Weaver,jweaver10@domainmarket.com,Male,United States
38,Justin,Lee,jlee11@goo.gl,Male,Mexico
39,Melissa,Mitchell,mmitchell12@ning.com,Female,United States
40,Philip,Harris,pharris13@miibeian.gov.cn,Male,United States
41,Barbara,Scott,bscott14@mac.com,Female,Mexico
42,Arthur,Taylor,ataylor15@answers.com,Male,United States
43,Jason,Hernandez,jhernandez16@addtoany.com,Male,Canada
44,Arthur,Weaver,aweaver17@nsw.gov.au,Male,Canada
45,Kevin,Ramirez,kramirez18@nydailynews.com,Male,United States
46,Victor,Frazier,vfrazier19@sciencedirect.com,Male,Mexico
47,Kenneth,Nichols,knichols1a@ucla.edu,Male,Canada
48,Ruby,Perkins,,Female,United States
49,Heather,Cook,hcook1c@istockphoto.com,Female,United States
50,Alice,Williamson,awilliamson1d@abc.net.au,Female,Mexico
51,Christopher,Lynch,clynch1e@engadget.com,Male,United States
52,Willie,Hall,whall1f@w3.org,Male,United States
53,Ralph,Pierce,rpierce1g@amazon.co.uk,Male,Mexico
54,Betty,Weaver,bweaver1h@google.co.jp,Female,Canada
55,Anthony,Washington,,Male,United States
56,Chris,Holmes,cholmes1j@mapquest.com,Male,United States
57,Judy,Ryan,jryan1k@pcworld.com,Female,Mexico
58,Andrea,Stone,astone1l@accuweather.com,Female,United States
59,Kathryn,Cooper,kcooper1m@gmpg.org,Female,Canada
60,Judy,Kennedy,,Female,United States
61,Louise,Griffin,,Female,United States
62,Joshua,Roberts,jroberts1p@etsy.com,Male,United States
63,Eric,Morris,emorris1q@github.io,Male,United States
64,Katherine,Black,,Female,Canada
65,Doris,Ray,dray1s@imgur.com,Female,United States
66,Jacqueline,Murphy,jmurphy1t@ameblo.jp,Female,United States
67,Patricia,Mcdonald,pmcdonald1u@loc.gov,Female,United States
68,Scott,Woods,swoods1v@harvard.edu,Male,Canada
69,Michael,Andrews,mandrews1w@bbb.org,Male,Mexico
70,Clarence,Hunt,chunt1x@netscape.com,Male,United States
71,Jane,Simmons,jsimmons1y@e-recht24.de,Female,Canada
72,Shirley,Marshall,,Female,Canada
73,Angela,Carroll,acarroll20@yale.edu,Female,Canada
74,Andrew,Brooks,abrooks21@businessinsider.com,Male,Canada
75,Paula,Bell,pbell22@ning.com,Female,Mexico
76,Juan,Berry,jberry23@nih.gov,Male,United States
77,Phillip,Palmer,ppalmer24@feedburner.com,Male,Mexico
78,Emily,Payne,epayne25@deviantart.com,Female,United States
79,Richard,Reed,rreed26@go.com,Male,United States
80,Jonathan,Mitchell,jmitchell27@51.la,Male,United States
81,Christopher,Shaw,cshaw28@slashdot.org,Male,United States
82,Diana,Campbell,dcampbell29@nhs.uk,Female,Canada
83,Willie,Parker,wparker2a@deviantart.com,Male,United States
84,Paul,Griffin,pgriffin2b@sfgate.com,Male,Mexico
85,Donna,Robertson,drobertson2c@live.com,Female,Canada
86,Nancy,Reed,nreed2d@discuz.net,Female,United States
87,Wayne,Larson,wlarson2e@1und1.de,Male,Mexico
88,Keith,Peters,kpeters2f@nsw.gov.au,Male,United States
89,Mark,Willis,mwillis2g@woothemes.com,Male,Canada
90,Louis,Thompson,,Male,Mexico
91,Elizabeth,Turner,eturner2i@mlb.com,Female,United States
92,Donald,Collins,dcollins2j@wiley.com,Male,Canada
93,Nicole,Sullivan,nsullivan2k@intel.com,Female,Mexico
94,Elizabeth,Hernandez,ehernandez2l@mayoclinic.com,Female,United States
95,Norma,Nguyen,nnguyen2m@symantec.com,Female,Canada
96,Stephen,Berry,sberry2n@who.int,Male,Canada
97,Scott,Greene,sgreene2o@gravatar.com,Male,Canada
98,Philip,Hicks,phicks2p@addthis.com,Male,United States
99,Michael,Shaw,,Male,United States
100,Willie,Fox,wfox2r@huffingtonpost.com,Male,Mexico
101,Ruby,Gomez,,Female,Canada
102,Thomas,Clark,tclark2t@exblog.jp,Male,Mexico
103,Tammy,Jenkins,tjenkins2u@va.gov,Female,United States
104,Billy,Phillips,,Male,United States
105,John,Marshall,,Male,United States
106,Daniel,Watson,dwatson2x@aboutads.info,Male,United States
107,Timothy,Nelson,tnelson2y@berkeley.edu,Male,United States
108,Lisa,Wilson,lwilson2z@pcworld.com,Female,United States
109,Martin,Boyd,mboyd30@is.gd,Male,Mexico
110,Keith,Webb,kwebb31@quantcast.com,Male,Canada
111,Jonathan,Harrison,jharrison32@fda.gov,Male,Canada
112,Melissa,Jacobs,mjacobs33@bravesites.com,Female,Canada
113,Bobby,Fields,bfields34@ebay.co.uk,Male,Mexico
114,Laura,Sanchez,lsanchez35@nhs.uk,Female,Mexico
115,Lisa,Larson,llarson36@yahoo.com,Female,United States
116,Jack,Turner,jturner37@miibeian.gov.cn,Male,Mexico
117,Doris,Evans,devans38@foxnews.com,Female,Mexico
118,Douglas,Gordon,dgordon39@tamu.edu,Male,United States
119,Janice,Lawrence,jlawrence3a@lulu.com,Female,United States
120,Philip,Price,pprice3b@icio.us,Male,Mexico
121,Jason,Hernandez,jhernandez3c@reuters.com,Male,United States
122,Anna,Marshall,amarshall3d@ycombinator.com,Female,United States
123,Adam,Parker,aparker3e@digg.com,Male,Canada
124,Daniel,Garza,dgarza3f@marketwatch.com,Male,United States
125,Gloria,Jackson,gjackson3g@lycos.com,Female,Mexico
126,Irene,Porter,iporter3h@themeforest.net,Female,United States
127,Harry,Peterson,hpeterson3i@ucoz.com,Male,United States
128,Kathryn,Montgomery,,Female,United States
129,Susan,Little,,Female,Mexico
130,Carolyn,Stevens,cstevens3l@chron.com,Female,United States
131,Ruth,Moore,rmoore3m@nbcnews.com,Female,Mexico
132,Ronald,Taylor,rtaylor3n@epa.gov,Male,United States
133,Jimmy,Black,jblack3o@cnbc.com,Male,Mexico
134,Albert,Edwards,aedwards3p@t-online.de,Male,United States
135,Christine,Hawkins,chawkins3q@dell.com,Female,United States
136,Wayne,Powell,wpowell3r@twitter.com,Male,United States
137,Gloria,Green,ggreen3s@chicagotribune.com,Female,United States
138,Edward,Ryan,eryan3t@ucoz.ru,Male,Canada
139,Paula,Weaver,pweaver3u@google.pl,Female,United States
140,Margaret,Jordan,mjordan3v@nydailynews.com,Female,United States
141,Susan,Campbell,scampbell3w@163.com,Female,Mexico
142,Cynthia,Coleman,ccoleman3x@bloglines.com,Female,United States
143,Roger,Medina,rmedina3y@nature.com,Male,Canada
144,Sandra,Stanley,sstanley3z@sbwire.com,Female,Canada
145,Linda,Romero,lromero40@europa.eu,Female,United States
146,James,Hunt,jhunt41@constantcontact.com,Male,United States
147,Angela,Cruz,acruz42@fotki.com,Female,United States
148,Lisa,Gardner,lgardner43@purevolume.com,Female,United States
149,Betty,Williams,bwilliams44@loc.gov,Female,Canada
150,Norma,Jacobs,njacobs45@com.com,Female,United States
151,Larry,Ortiz,lortiz46@zimbio.com,Male,Canada
152,Fred,Thomas,fthomas47@amazonaws.com,Male,Canada
153,Lori,Rodriguez,lrodriguez48@geocities.com,Female,Mexico
154,Antonio,Thompson,athompson49@house.gov,Male,Mexico
155,Diane,Torres,dtorres4a@europa.eu,Female,United States
156,Patrick,Fuller,pfuller4b@ucsd.edu,Male,United States
157,Phillip,Morrison,pmorrison4c@prnewswire.com,Male,United States
158,Wayne,Ruiz,wruiz4d@trellian.com,Male,Mexico
159,Teresa,Burns,tburns4e@creativecommons.org,Female,United States
160,Tammy,Hansen,thansen4f@infoseek.co.jp,Female,United States
161,Clarence,Reed,creed4g@mtv.com,Male,Canada
162,Robin,Lane,rlane4h@istockphoto.com,Female,United States
163,Adam,Sims,asims4i@blogger.com,Male,United States
164,Lawrence,Lawrence,llawrence4j@dailymotion.com,Male,United States
165,Julie,Ramirez,,Female,Canada
166,Doris,Fernandez,dfernandez4l@ucla.edu,Female,United States
167,Brian,Parker,bparker4m@answers.com,Male,Mexico
168,William,Olson,wolson4n@devhub.com,Male,Mexico
169,Carlos,Ward,cward4o@omniture.com,Male,United States
170,Martin,White,mwhite4p@wikia.com,Male,Canada
171,Lisa,Ward,lward4q@archive.org,Female,United States
172,Steven,Matthews,smatthews4r@about.com,Male,Canada
173,Phyllis,Butler,pbutler4s@aboutads.info,Female,Canada
174,Carl,Arnold,carnold4t@dyndns.org,Male,Mexico
175,Benjamin,Mccoy,bmccoy4u@ustream.tv,Male,Mexico
176,Roy,Porter,rporter4v@oracle.com,Male,Mexico
177,Roger,Clark,rclark4w@edublogs.org,Male,United States
178,Frank,Welch,fwelch4x@qq.com,Male,United States
179,Patrick,King,pking4y@biblegateway.com,Male,United States
180,Mildred,Kennedy,mkennedy4z@networksolutions.com,Female,Canada
181,Martin,Lane,mlane50@tinypic.com,Male,United States
182,Joan,Duncan,jduncan51@stumbleupon.com,Female,Canada
183,Joan,Rodriguez,jrodriguez52@dedecms.com,Female,Mexico
184,Cynthia,Wood,cwood53@mac.com,Female,United States
185,Donald,Harrison,dharrison54@wiley.com,Male,United States
186,Amy,Parker,aparker55@behance.net,Female,United States
187,Sharon,Robinson,srobinson56@spotify.com,Female,Mexico
188,Lillian,Martin,lmartin57@uiuc.edu,Female,United States
189,Martin,Daniels,mdaniels58@lulu.com,Male,United States
190,Lillian,Mitchell,lmitchell59@ed.gov,Female,Mexico
191,Todd,Cox,tcox5a@ebay.com,Male,United States
192,Julia,Mccoy,jmccoy5b@huffingtonpost.com,Female,Canada
193,Bobby,Carter,bcarter5c@zimbio.com,Male,United States
194,Katherine,Parker,kparker5d@blogger.com,Female,United States
195,Jonathan,Garcia,jgarcia5e@spiegel.de,Male,United States
196,Dorothy,Rogers,,Female,Mexico
197,Sharon,Harris,sharris5g@google.es,Female,Canada
198,Ralph,Holmes,rholmes5h@weibo.com,Male,United States
199,Frances,Evans,fevans5i@wufoo.com,Female,Canada
200,Denise,Nichols,dnichols5j@pen.io,Female,Mexico
201,Anne,Wright,awright5k@myspace.com,Female,United States
202,Diana,Alvarez,dalvarez5l@ovh.net,Female,United States
203,Judy,Perry,jperry5m@php.net,Female,Mexico
204,Alan,Adams,aadams5n@clickbank.net,Male,United States
205,Tammy,Stewart,tstewart5o@baidu.com,Female,Mexico
206,Jose,Jones,jjones5p@google.pl,Male,United States
207,Laura,Hunter,lhunter5q@constantcontact.com,Female,United States
208,Jack,Ortiz,jortiz5r@nymag.com,Male,Canada
209,Mildred,Hall,mhall5s@yahoo.com,Female,Canada
210,Shirley,Richards,srichards5t@columbia.edu,Female,United States
211,Paula,Jordan,pjordan5u@auda.org.au,Female,United States
212,Juan,Hanson,jhanson5v@sogou.com,Male,Canada
213,Adam,Elliott,aelliott5w@dyndns.org,Male,Mexico
214,Katherine,Meyer,kmeyer5x@census.gov,Female,Canada
215,Craig,Elliott,celliott5y@youtube.com,Male,United States
216,Chris,Parker,cparker5z@merriam-webster.com,Male,Canada
217,Roger,King,rking60@homestead.com,Male,United States
218,Gloria,Adams,gadams61@cnbc.com,Female,United States
219,Anthony,Hansen,,Male,United States
220,Antonio,Campbell,acampbell63@craigslist.org,Male,Mexico
221,Lori,Wheeler,lwheeler64@unicef.org,Female,United States
222,Paula,Ryan,pryan65@harvard.edu,Female,United States
223,Brenda,Long,blong66@usatoday.com,Female,United States
224,Kevin,Perez,kperez67@newsvine.com,Male,United States
225,Angela,Davis,adavis68@jalbum.net,Female,United States
226,Robin,Williams,rwilliams69@wp.com,Female,United States
227,Margaret,Schmidt,mschmidt6a@china.com.cn,Female,Canada
228,Bonnie,Hawkins,bhawkins6b@mac.com,Female,United States
229,Douglas,Nichols,,Male,Canada
230,Helen,King,hking6d@sakura.ne.jp,Female,Canada
231,Eric,Lee,elee6e@pagesperso-orange.fr,Male,United States
232,Brandon,Hanson,bhanson6f@cbsnews.com,Male,United States
233,Jose,Woods,,Male,Mexico
234,Joan,Gutierrez,jgutierrez6h@uiuc.edu,Female,Canada
235,Denise,Cook,dcook6i@flickr.com,Female,United States
236,Andrea,Turner,aturner6j@networksolutions.com,Female,United States
237,Alan,Moore,amoore6k@auda.org.au,Male,United States
238,Ernest,Sanchez,,Male,United States
239,Carol,Morrison,cmorrison6m@blog.com,Female,United States
240,Larry,Tucker,ltucker6n@businessweek.com,Male,Canada
241,Kathleen,Elliott,kelliott6o@quantcast.com,Female,Canada
242,Christine,Webb,cwebb6p@businesswire.com,Female,Canada
243,Maria,Hayes,mhayes6q@google.it,Female,Canada
244,Craig,Ellis,,Male,Mexico
245,Michael,Brooks,mbrooks6s@i2i.jp,Male,Mexico
246,Anthony,Hunter,ahunter6t@un.org,Male,United States
247,Terry,Franklin,tfranklin6u@independent.co.uk,Male,Mexico
248,Randy,Washington,rwashington6v@comsenz.com,Male,Mexico
249,Janet,Willis,jwillis6w@youtu.be,Female,United States
250,Karen,Jordan,kjordan6x@symantec.com,Female,Canada
251,Bonnie,Ramos,bramos6y@nasa.gov,Female,United States
252,Timothy,Owens,towens6z@google.ru,Male,Canada
253,Alice,Russell,arussell70@woothemes.com,Female,Canada
254,Raymond,Morales,rmorales71@topsy.com,Male,Mexico
255,Martha,Schmidt,mschmidt72@spotify.com,Female,Canada
256,Janet,Arnold,,Female,Mexico
257,Phillip,King,pking74@yelp.com,Male,United States
258,Theresa,Stone,tstone75@ucsd.edu,Female,United States
259,Jeffrey,Mitchell,jmitchell76@e-recht24.de,Male,Mexico
260,Randy,Jones,rjones77@bloglovin.com,Male,Canada
261,Walter,Gomez,wgomez78@cafepress.com,Male,United States
262,Jeffrey,Ward,jward79@surveymonkey.com,Male,Mexico
263,Eugene,Bennett,ebennett7a@xrea.com,Male,Canada
264,Marilyn,Duncan,,Female,Canada
265,Alan,Hicks,ahicks7c@cbc.ca,Male,Canada
266,Virginia,Allen,,Female,United States
267,Laura,Moreno,lmoreno7e@soup.io,Female,United States
268,Doris,Hall,dhall7f@g.co,Female,United States
269,Scott,Fox,sfox7g@hexun.com,Male,United States
270,Aaron,Reyes,areyes7h@google.com.br,Male,Mexico
271,Sara,Wagner,swagner7i@bluehost.com,Female,Mexico
272,Wanda,Ramirez,wramirez7j@yelp.com,Female,United States
273,Anthony,Jacobs,ajacobs7k@chron.com,Male,United States
274,Carl,Banks,cbanks7l@illinois.edu,Male,United States
275,Beverly,Medina,bmedina7m@psu.edu,Female,United States
276,Irene,Coleman,icoleman7n@theglobeandmail.com,Female,United States
277,Lois,Anderson,landerson7o@tiny.cc,Female,Mexico
278,Mildred,Jones,mjones7p@studiopress.com,Female,United States
279,Albert,Carr,acarr7q@msn.com,Male,Canada
280,Jeremy,Cole,jcole7r@mit.edu,Male,United States
281,Juan,Henderson,jhenderson7s@ezinearticles.com,Male,Mexico
282,Matthew,Armstrong,marmstrong7t@yahoo.com,Male,Canada
283,Sean,Morrison,smorrison7u@google.fr,Male,Canada
284,Gary,Washington,gwashington7v@hubpages.com,Male,Canada
285,Brian,James,bjames7w@jugem.jp,Male,United States
286,Juan,Long,jlong7x@wikimedia.org,Male,Mexico
287,Russell,Stevens,rstevens7y@usa.gov,Male,Mexico
288,Sandra,Jackson,sjackson7z@bigcartel.com,Female,United States
289,Harry,Duncan,hduncan80@pcworld.com,Male,United States
290,Ruby,Mccoy,rmccoy81@surveymonkey.com,Female,Mexico
291,Teresa,Kelley,tkelley82@dedecms.com,Female,Canada
292,Howard,Ramos,hramos83@themeforest.net,Male,Canada
293,Beverly,Hansen,,Female,Canada
294,Joan,Mitchell,jmitchell85@webs.com,Female,United States
295,Joseph,Elliott,jelliott86@yandex.ru,Male,Mexico
296,Kathy,Parker,kparker87@washingtonpost.com,Female,Canada
297,Fred,Mason,fmason88@e-recht24.de,Male,United States
298,Brenda,Campbell,bcampbell89@google.nl,Female,United States
299,Helen,Hall,hhall8a@japanpost.jp,Female,Canada
300,Doris,Jenkins,djenkins8b@dmoz.org,Female,Mexico
301,Clarence,Gonzalez,cgonzalez8c@noaa.gov,Male,Canada
302,Dennis,Lynch,dlynch8d@weather.com,Male,United States
303,Janice,Watkins,jwatkins8e@etsy.com,Female,Canada
304,Julia,Carroll,jcarroll8f@google.com.br,Female,Mexico
305,Nicholas,Burton,nburton8g@yandex.ru,Male,Canada
306,Kenneth,Lewis,klewis8h@nymag.com,Male,United States
307,Annie,Mcdonald,amcdonald8i@ftc.gov,Female,United States
308,Jesse,Thomas,jthomas8j@ox.ac.uk,Male,United States
309,Rebecca,Elliott,relliott8k@msu.edu,Female,Canada
310,Jason,Barnes,jbarnes8l@intel.com,Male,Canada
311,Susan,Moore,,Female,United States
312,Betty,Meyer,,Female,Mexico
313,Stephanie,Graham,sgraham8o@google.pl,Female,Canada
314,Adam,Robertson,arobertson8p@dagondesign.com,Male,United States
315,Beverly,Long,blong8q@usatoday.com,Female,Canada
316,Philip,Morgan,pmorgan8r@example.com,Male,Canada
317,Roger,Fields,rfields8s@ameblo.jp,Male,Canada
318,Evelyn,Pierce,epierce8t@networksolutions.com,Female,United States
319,Anna,Reed,areed8u@canalblog.com,Female,Canada
320,Jose,Chapman,jchapman8v@theglobeandmail.com,Male,Mexico
321,Linda,Butler,lbutler8w@about.com,Female,United States
322,Joseph,Fisher,jfisher8x@webeden.co.uk,Male,United States
323,Lori,Richards,,Female,United States
324,Kelly,Webb,kwebb8z@wsj.com,Female,Mexico
325,Earl,Hall,ehall90@hc360.com,Male,Mexico
326,Victor,Wheeler,vwheeler91@mediafire.com,Male,United States
327,Maria,Meyer,,Female,Mexico
328,Julia,King,jking93@newsvine.com,Female,Canada
329,Janet,Brown,jbrown94@themeforest.net,Female,United States
330,Terry,Bell,tbell95@fc2.com,Male,United States
331,Janice,Dean,jdean96@google.com,Female,Canada
332,Michelle,Garza,mgarza97@microsoft.com,Female,United States
333,Antonio,Arnold,aarnold98@hao123.com,Male,United States
334,Phillip,Garrett,pgarrett99@github.io,Male,Canada
335,Lori,Gutierrez,lgutierrez9a@amazonaws.com,Female,United States
336,Charles,Carr,ccarr9b@patch.com,Male,Canada
337,Lillian,Sims,lsims9c@narod.ru,Female,United States
338,Kathleen,Hansen,khansen9d@businessinsider.com,Female,United States
339,Elizabeth,Jacobs,ejacobs9e@cbsnews.com,Female,United States
340,Margaret,Gray,mgray9f@wp.com,Female,United States
341,Thomas,Jacobs,tjacobs9g@comsenz.com,Male,Canada
342,Victor,Holmes,vholmes9h@imgur.com,Male,Canada
343,Matthew,Rice,mrice9i@chron.com,Male,United States
344,Sean,Howell,showell9j@hhs.gov,Male,United States
345,Carl,Armstrong,carmstrong9k@cloudflare.com,Male,United States
346,Jason,Morris,,Male,United States
347,Marie,Watkins,mwatkins9m@newyorker.com,Female,United States
348,Anna,Griffin,agriffin9n@list-manage.com,Female,Mexico
349,Ryan,Rose,rrose9o@washington.edu,Male,Canada
350,Kathryn,Perez,kperez9p@cisco.com,Female,United States
351,Kimberly,Hansen,khansen9q@xrea.com,Female,United States
352,Jimmy,Dunn,jdunn9r@hhs.gov,Male,Mexico
353,Kevin,Duncan,kduncan9s@symantec.com,Male,United States
354,Clarence,Collins,ccollins9t@shinystat.com,Male,United States
355,Judith,Arnold,jarnold9u@flickr.com,Female,Canada
356,Antonio,Nichols,anichols9v@csmonitor.com,Male,Mexico
357,Robin,Chavez,rchavez9w@japanpost.jp,Female,United States
358,Ernest,Wood,ewood9x@google.cn,Male,Canada
359,Julia,Fields,jfields9y@opensource.org,Female,Canada
360,Wanda,Thompson,wthompson9z@arizona.edu,Female,United States
361,Amanda,Webb,awebba0@flavors.me,Female,Canada
362,Wayne,Medina,wmedinaa1@people.com.cn,Male,United States
363,Robin,Myers,rmyersa2@unc.edu,Female,Mexico
364,Larry,Murphy,lmurphya3@wp.com,Male,Canada
365,Jessica,Rivera,jriveraa4@godaddy.com,Female,United States
366,Helen,Lynch,hlyncha5@netvibes.com,Female,Canada
367,Theresa,Howell,,Female,United States
368,Henry,Harris,,Male,Canada
369,Tammy,Miller,tmillera8@hubpages.com,Female,United States
370,Maria,Moore,mmoorea9@whitehouse.gov,Female,Canada
371,Shirley,Cole,scoleaa@reddit.com,Female,Mexico
372,Christina,Howard,chowardab@thetimes.co.uk,Female,Mexico
373,Cynthia,Bryant,cbryantac@123-reg.co.uk,Female,United States
374,Dennis,Carr,dcarrad@oracle.com,Male,Mexico
375,Gregory,Nichols,gnicholsae@studiopress.com,Male,United States
376,Phillip,Hansen,phansenaf@abc.net.au,Male,United States
377,Lawrence,Cook,lcookag@naver.com,Male,Canada
378,George,Fisher,gfisherah@bloomberg.com,Male,United States
379,Janet,Price,jpriceai@state.gov,Female,Canada
380,Ralph,Shaw,rshawaj@sina.com.cn,Male,Mexico
381,Marilyn,Hill,mhillak@princeton.edu,Female,United States
382,Philip,Gardner,pgardneral@diigo.com,Male,United States
383,Anna,Turner,aturneram@china.com.cn,Female,Canada
384,Victor,Burns,vburnsan@example.com,Male,Canada
385,Janice,Armstrong,,Female,Canada
386,Alice,Taylor,ataylorap@bing.com,Female,Canada
387,Ronald,Ramos,rramosaq@google.com.au,Male,United States
388,Kenneth,Rivera,kriveraar@bizjournals.com,Male,Mexico
389,Jose,Hill,jhillas@vistaprint.com,Male,United States
390,Kathleen,Rogers,krogersat@mayoclinic.com,Female,United States
391,Adam,Rogers,arogersau@huffingtonpost.com,Male,Mexico
392,Debra,Banks,dbanksav@uol.com.br,Female,Canada
393,Johnny,Bryant,jbryantaw@archive.org,Male,United States
394,Sarah,George,sgeorgeax@studiopress.com,Female,Canada
395,Jeffrey,Hanson,jhansonay@va.gov,Male,Canada
396,Stephen,Ellis,,Male,Mexico
397,Rachel,Gardner,rgardnerb0@blinklist.com,Female,Canada
398,Jonathan,Wright,jwrightb1@cocolog-nifty.com,Male,Canada
399,Mildred,Morales,mmoralesb2@goo.gl,Female,United States
400,Evelyn,Coleman,ecolemanb3@freewebs.com,Female,Mexico
401,Katherine,Hall,khallb4@addthis.com,Female,Mexico
402,Anna,Ruiz,aruizb5@paypal.com,Female,United States
403,Andrea,Sanders,asandersb6@bloomberg.com,Female,Mexico
404,Jerry,Diaz,jdiazb7@e-recht24.de,Male,United States
405,Thomas,Ryan,tryanb8@alibaba.com,Male,Mexico
406,Eric,Dixon,edixonb9@bloomberg.com,Male,United States
407,Roy,West,rwestba@bluehost.com,Male,Canada
408,Adam,Howell,ahowellbb@princeton.edu,Male,Mexico
409,Dennis,Lawson,dlawsonbc@studiopress.com,Male,Mexico
410,Brandon,Powell,bpowellbd@php.net,Male,United States
411,Paula,Mitchell,pmitchellbe@addthis.com,Female,United States
412,Carol,Alvarez,calvarezbf@woothemes.com,Female,Canada
413,James,Roberts,jrobertsbg@aboutads.info,Male,United States
414,Andrew,Medina,amedinabh@walmart.com,Male,United States
415,Raymond,Bishop,rbishopbi@nps.gov,Male,Canada
416,Laura,Coleman,lcolemanbj@telegraph.co.uk,Female,United States
417,Deborah,Armstrong,darmstrongbk@bigcartel.com,Female,Canada
418,Irene,Ward,iwardbl@microsoft.com,Female,United States
419,Andrea,Cunningham,acunninghambm@reverbnation.com,Female,Canada
420,Amanda,Gonzalez,agonzalezbn@bizjournals.com,Female,Mexico
421,William,Flores,wfloresbo@cpanel.net,Male,Canada
422,Terry,Ortiz,tortizbp@deliciousdays.com,Male,United States
423,Lisa,Davis,ldavisbq@plala.or.jp,Female,Mexico
424,Albert,Ryan,aryanbr@free.fr,Male,Mexico
425,Deborah,Reyes,dreyesbs@163.com,Female,United States
426,Barbara,Bryant,bbryantbt@bravesites.com,Female,United States
427,Steve,Jackson,sjacksonbu@oaic.gov.au,Male,Canada
428,Brian,Ortiz,bortizbv@ow.ly,Male,Mexico
429,Joshua,Young,jyoungbw@psu.edu,Male,Mexico
430,Fred,Arnold,farnoldbx@123-reg.co.uk,Male,Canada
431,Jesse,Greene,,Male,United States
432,Joseph,Black,jblackbz@ucoz.ru,Male,United States
433,Bonnie,Fowler,bfowlerc0@ed.gov,Female,Canada
434,Michelle,Grant,mgrantc1@google.ca,Female,Canada
435,Joe,Nguyen,jnguyenc2@linkedin.com,Male,Mexico
436,Debra,Lane,dlanec3@opera.com,Female,Mexico
437,Betty,Medina,bmedinac4@narod.ru,Female,Canada
438,Theresa,Bell,tbellc5@google.com.hk,Female,United States
439,Louis,Lynch,llynchc6@samsung.com,Male,United States
440,Harold,Carroll,hcarrollc7@cargocollective.com,Male,United States
441,Donald,Garcia,dgarciac8@state.gov,Male,United States
442,Jennifer,Morrison,jmorrisonc9@lulu.com,Female,Mexico
443,Ann,Nichols,anicholsca@ucla.edu,Female,Mexico
444,Debra,Turner,dturnercb@timesonline.co.uk,Female,Canada
445,Adam,King,akingcc@pinterest.com,Male,United States
446,Lisa,Griffin,lgriffincd@nsw.gov.au,Female,Mexico
447,Susan,Ferguson,sfergusonce@topsy.com,Female,Canada
448,Ashley,Wheeler,awheelercf@bigcartel.com,Female,United States
449,Gary,Weaver,gweavercg@last.fm,Male,Canada
450,Jesse,Miller,jmillerch@sourceforge.net,Male,Canada
451,Henry,Wheeler,hwheelerci@pbs.org,Male,Canada
452,Anthony,Mcdonald,amcdonaldcj@aol.com,Male,United States
453,Rebecca,Willis,rwillisck@indiegogo.com,Female,United States
454,Keith,Taylor,ktaylorcl@vistaprint.com,Male,United States
455,Roger,Franklin,rfranklincm@weebly.com,Male,United States
456,Joe,Davis,jdaviscn@delicious.com,Male,Canada
457,Justin,Stephens,jstephensco@4shared.com,Male,Canada
458,David,Mcdonald,dmcdonaldcp@theglobeandmail.com,Male,Mexico
459,Ryan,Jenkins,rjenkinscq@4shared.com,Male,United States
460,Peter,Robertson,probertsoncr@salon.com,Male,United States
461,Timothy,Price,tpricecs@taobao.com,Male,Canada
462,Andrew,Meyer,ameyerct@nyu.edu,Male,Mexico
463,Norma,Fields,nfieldscu@vistaprint.com,Female,Canada
464,Larry,Chavez,lchavezcv@aol.com,Male,United States
465,Jean,Andrews,jandrewscw@google.fr,Female,United States
466,Jeremy,Martinez,jmartinezcx@comsenz.com,Male,Canada
467,Christina,Ellis,celliscy@printfriendly.com,Female,Canada
468,Louis,Burke,lburkecz@flickr.com,Male,Mexico
469,Todd,Carroll,tcarrolld0@google.com,Male,Mexico
470,Terry,Johnson,,Male,United States
471,Janet,Mitchell,jmitchelld2@exblog.jp,Female,United States
472,Jessica,Brooks,,Female,United States
473,Rebecca,Gonzales,rgonzalesd4@wp.com,Female,United States
474,Eugene,Greene,egreened5@fema.gov,Male,United States
475,Theresa,Woods,twoodsd6@bbb.org,Female,United States
476,Anna,Cole,acoled7@hubpages.com,Female,Canada
477,Bobby,Hicks,bhicksd8@java.com,Male,United States
478,Kathleen,Rivera,kriverad9@booking.com,Female,United States
479,John,Romero,,Male,Mexico
480,Russell,Hernandez,rhernandezdb@ucoz.ru,Male,United States
481,Laura,Simmons,lsimmonsdc@arizona.edu,Female,Canada
482,Henry,Morales,hmoralesdd@dmoz.org,Male,Mexico
483,Jane,Ryan,jryande@soup.io,Female,United States
484,Roger,Rivera,rriveradf@ucla.edu,Male,Canada
485,Henry,Bryant,hbryantdg@creativecommons.org,Male,United States
486,Robert,Cook,rcookdh@bandcamp.com,Male,Mexico
487,Harry,Chapman,hchapmandi@cloudflare.com,Male,Mexico
488,Melissa,Rivera,mriveradj@wired.com,Female,Canada
489,Ashley,Hawkins,ahawkinsdk@arizona.edu,Female,United States
490,Gregory,Knight,gknightdl@nytimes.com,Male,Canada
491,Fred,Hall,fhalldm@newyorker.com,Male,United States
492,Douglas,Howell,dhowelldn@ibm.com,Male,United States
493,Shirley,Stevens,sstevensdo@so-net.ne.jp,Female,United States
494,Lisa,Green,lgreendp@senate.gov,Female,Canada
495,Teresa,Cruz,,Female,United States
496,Cheryl,Knight,cknightdr@time.com,Female,United States
497,Chris,Alvarez,,Male,Canada
498,Howard,Griffin,hgriffindt@yahoo.co.jp,Male,Canada
499,Roy,Price,rpricedu@npr.org,Male,Mexico
500,Harry,Taylor,htaylordv@opera.com,Male,Canada
501,Christine,Butler,cbutlerdw@multiply.com,Female,Mexico
502,Kelly,Stone,kstonedx@house.gov,Female,Canada
503,Jose,Hicks,jhicksdy@cmu.edu,Male,United States
504,Sean,James,sjamesdz@hao123.com,Male,Mexico
505,Todd,Morgan,tmorgane0@issuu.com,Male,United States
506,Annie,Hunter,ahuntere1@xrea.com,Female,United States
507,Sharon,Patterson,spattersone2@springer.com,Female,Canada
508,Judith,Perkins,jperkinse3@disqus.com,Female,United States
509,Larry,Burke,lburkee4@webs.com,Male,Mexico
510,Beverly,Lane,blanee5@people.com.cn,Female,Canada
511,Linda,Burton,lburtone6@yellowpages.com,Female,Mexico
512,Mildred,Foster,mfostere7@comcast.net,Female,United States
513,Louise,Bowman,lbowmane8@github.com,Female,Canada
514,Irene,Franklin,ifrankline9@furl.net,Female,United States
515,Deborah,Cunningham,dcunninghamea@ovh.net,Female,United States
516,Dennis,Brown,,Male,United States
517,Roy,Kim,rkimec@un.org,Male,Canada
518,Irene,Scott,,Female,Mexico
519,Karen,Baker,kbakeree@constantcontact.com,Female,Mexico
520,Alan,Welch,awelchef@springer.com,Male,United States
521,Aaron,Foster,afostereg@spotify.com,Male,United States
522,Lisa,Harris,,Female,United States
523,Martha,Mason,mmasonei@europa.eu,Female,Canada
524,Joe,Medina,jmedinaej@pinterest.com,Male,Canada
525,Joyce,Lee,jleeek@soundcloud.com,Female,Canada
526,Chris,Wallace,cwallaceel@mtv.com,Male,United States
527,Pamela,Johnston,pjohnstonem@discuz.net,Female,Mexico
528,Edward,Hicks,ehicksen@prweb.com,Male,Canada
529,Katherine,Walker,kwalkereo@loc.gov,Female,United States
530,Eric,Bishop,ebishopep@pen.io,Male,United States
531,Anne,Edwards,aedwardseq@cbsnews.com,Female,United States
532,Debra,Franklin,dfrankliner@msn.com,Female,United States
533,Irene,Ford,ifordes@state.tx.us,Female,United States
534,Frank,Larson,flarsonet@tripadvisor.com,Male,Canada
535,Sara,Henry,,Female,United States
536,Brenda,Carroll,bcarrollev@prweb.com,Female,Mexico
537,Aaron,Moreno,amorenoew@nydailynews.com,Male,United States
538,Mildred,Clark,mclarkex@blogspot.com,Female,United States
539,Cynthia,Young,cyoungey@unesco.org,Female,United States
540,Benjamin,Bowman,bbowmanez@vistaprint.com,Male,United States
541,Pamela,Howard,phowardf0@about.com,Female,United States
542,Harry,Rose,hrosef1@google.nl,Male,United States
543,Aaron,Diaz,adiazf2@newyorker.com,Male,Canada
544,Mark,Allen,mallenf3@nature.com,Male,United States
545,Ryan,Webb,rwebbf4@rakuten.co.jp,Male,United States
546,Jeffrey,Cruz,jcruzf5@infoseek.co.jp,Male,Mexico
547,Joyce,Jones,jjonesf6@jimdo.com,Female,United States
548,Lillian,Washington,lwashingtonf7@infoseek.co.jp,Female,Mexico
549,Alan,Brown,abrownf8@techcrunch.com,Male,Canada
550,John,Snyder,jsnyderf9@storify.com,Male,Mexico
551,Raymond,Cunningham,rcunninghamfa@google.fr,Male,Canada
552,William,Rose,wrosefb@surveymonkey.com,Male,United States
553,Shawn,Perez,sperezfc@theatlantic.com,Male,Canada
554,Julie,Burke,jburkefd@tinyurl.com,Female,Canada
555,Willie,Crawford,wcrawfordfe@theguardian.com,Male,Mexico
556,Jacqueline,Holmes,jholmesff@blogspot.com,Female,Canada
557,Laura,Richards,lrichardsfg@wunderground.com,Female,United States
558,Jennifer,Garcia,jgarciafh@networkadvertising.org,Female,Mexico
559,Peter,Rogers,progersfi@nifty.com,Male,United States
560,Ernest,Bradley,ebradleyfj@zdnet.com,Male,United States
561,Edward,Rivera,eriverafk@storify.com,Male,Mexico
562,Alice,Hall,,Female,United States
563,Brandon,Mcdonald,bmcdonaldfm@meetup.com,Male,United States
564,Jeremy,Cox,jcoxfn@businessinsider.com,Male,United States
565,Paul,Gonzales,pgonzalesfo@usatoday.com,Male,Canada
566,Albert,Garza,agarzafp@wikimedia.org,Male,United States
567,Walter,Lee,wleefq@ocn.ne.jp,Male,United States
568,Anne,Bradley,abradleyfr@google.ca,Female,United States
569,Amanda,Johnston,ajohnstonfs@addthis.com,Female,United States
570,Chris,Morris,cmorrisft@earthlink.net,Male,United States
571,Helen,Ramos,hramosfu@artisteer.com,Female,United States
572,Donna,Little,dlittlefv@house.gov,Female,Canada
573,Kevin,Hall,khallfw@technorati.com,Male,Mexico
574,Angela,Ortiz,aortizfx@ebay.com,Female,Mexico
575,Ralph,Murphy,rmurphyfy@pcworld.com,Male,United States
576,Gregory,Henry,ghenryfz@yale.edu,Male,United States
577,Diane,Garcia,,Female,United States
578,Richard,Wood,rwoodg1@hatena.ne.jp,Male,United States
579,Russell,Adams,radamsg2@yolasite.com,Male,United States
580,Brandon,Gilbert,bgilbertg3@house.gov,Male,United States
581,Samuel,Stone,sstoneg4@blogtalkradio.com,Male,United States
582,Jack,Stanley,jstanleyg5@japanpost.jp,Male,United States
583,Debra,Vasquez,dvasquezg6@nps.gov,Female,Mexico
584,Albert,Russell,arussellg7@sitemeter.com,Male,United States
585,Lois,Nichols,,Female,Mexico
586,Alan,Gardner,agardnerg9@hugedomains.com,Male,United States
587,Kathy,Gilbert,kgilbertga@home.pl,Female,United States
588,Donna,Mccoy,dmccoygb@time.com,Female,Canada
589,Patrick,Larson,plarsongc@rambler.ru,Male,Canada
590,Carolyn,Morris,cmorrisgd@nydailynews.com,Female,Mexico
591,Alice,Myers,amyersge@skype.com,Female,United States
592,Paul,Wood,pwoodgf@dmoz.org,Male,Mexico
593,Rachel,Castillo,rcastillogg@umn.edu,Female,Canada
594,Dennis,Harvey,dharveygh@xrea.com,Male,Mexico
595,Kenneth,Pierce,kpiercegi@hugedomains.com,Male,Mexico
596,David,Simmons,dsimmonsgj@elegantthemes.com,Male,Mexico
597,Bonnie,Black,bblackgk@cpanel.net,Female,Mexico
598,Carl,Berry,cberrygl@cpanel.net,Male,United States
599,Jose,Hunter,jhuntergm@washingtonpost.com,Male,United States
600,Jason,Sanders,jsandersgn@icq.com,Male,United States
601,Sean,Dunn,sdunngo@altervista.org,Male,United States
602,Chris,Reed,creedgp@nhs.uk,Male,Mexico
603,Clarence,Jackson,cjacksongq@toplist.cz,Male,Mexico
604,Robert,Hamilton,rhamiltongr@unicef.org,Male,United States
605,Maria,Morris,mmorrisgs@istockphoto.com,Female,United States
606,Eric,Porter,eportergt@zimbio.com,Male,United States
607,Nicole,Pierce,npiercegu@chicagotribune.com,Female,United States
608,Anna,Carter,acartergv@arizona.edu,Female,United States
609,Adam,Gonzales,agonzalesgw@ow.ly,Male,Mexico
610,Teresa,Carroll,tcarrollgx@wikipedia.org,Female,United States
611,John,Cooper,jcoopergy@icq.com,Male,Mexico
612,Charles,Shaw,cshawgz@java.com,Male,Canada
613,Jacqueline,Henderson,jhendersonh0@myspace.com,Female,Mexico
614,Ralph,Parker,rparkerh1@purevolume.com,Male,Mexico
615,Russell,Patterson,rpattersonh2@pagesperso-orange.fr,Male,Mexico
616,Annie,Ford,afordh3@last.fm,Female,Mexico
617,Laura,Peters,lpetersh4@whitehouse.gov,Female,United States
618,Betty,Porter,bporterh5@booking.com,Female,United States
619,Lawrence,Carr,lcarrh6@answers.com,Male,Mexico
620,Christina,Spencer,cspencerh7@fema.gov,Female,Mexico
621,Angela,Reed,areedh8@photobucket.com,Female,Mexico
622,Judith,Reyes,jreyesh9@jiathis.com,Female,Canada
623,Randy,Banks,rbanksha@wikimedia.org,Male,United States
624,Jimmy,Brooks,jbrookshb@google.de,Male,United States
625,Joshua,Thompson,jthompsonhc@imdb.com,Male,United States
626,Norma,Andrews,nandrewshd@bandcamp.com,Female,United States
627,John,Webb,jwebbhe@nps.gov,Male,United States
628,Jesse,Warren,jwarrenhf@wikispaces.com,Male,United States
629,Kenneth,Wallace,kwallacehg@patch.com,Male,Canada
630,Daniel,Austin,daustinhh@163.com,Male,Canada
631,Cheryl,Reed,creedhi@washington.edu,Female,United States
632,Carol,Reed,creedhj@hp.com,Female,United States
633,Jesse,Fowler,jfowlerhk@craigslist.org,Male,United States
634,Alice,Young,ayounghl@uiuc.edu,Female,United States
635,Christina,Cooper,ccooperhm@scientificamerican.com,Female,United States
636,Edward,Cunningham,ecunninghamhn@bloomberg.com,Male,United States
637,Joyce,Hanson,jhansonho@flickr.com,Female,United States
638,Jonathan,Freeman,jfreemanhp@wsj.com,Male,United States
639,Annie,Kennedy,akennedyhq@acquirethisname.com,Female,United States
640,Harold,Duncan,hduncanhr@omniture.com,Male,United States
641,Brenda,Reyes,breyeshs@naver.com,Female,United States
642,Sarah,Gardner,sgardnerht@samsung.com,Female,United States
643,Sandra,Oliver,soliverhu@ifeng.com,Female,Canada
644,Sharon,Kennedy,skennedyhv@cnn.com,Female,United States
645,Dorothy,Greene,dgreenehw@naver.com,Female,United States
646,Annie,Jenkins,ajenkinshx@usa.gov,Female,United States
647,Benjamin,Rodriguez,brodriguezhy@twitter.com,Male,United States
648,Roger,Hernandez,rhernandezhz@pcworld.com,Male,United States
649,Karen,Moore,,Female,United States
650,Emily,Ferguson,efergusoni1@networksolutions.com,Female,Canada
651,Sandra,Castillo,scastilloi2@tiny.cc,Female,United States
652,Teresa,Hughes,,Female,United States
653,Patrick,Allen,palleni4@yahoo.com,Male,Mexico
654,Teresa,Watson,twatsoni5@cnn.com,Female,United States
655,Beverly,Phillips,bphillipsi6@adobe.com,Female,United States
656,Henry,Sanders,hsandersi7@acquirethisname.com,Male,United States
657,Elizabeth,Gonzales,egonzalesi8@va.gov,Female,United States
658,Gary,Ortiz,gortizi9@blog.com,Male,United States
659,Julia,Porter,,Female,Mexico
660,Patricia,Dunn,pdunnib@multiply.com,Female,United States
661,Matthew,Rivera,mriveraic@godaddy.com,Male,United States
662,Victor,Medina,vmedinaid@devhub.com,Male,Mexico
663,Dorothy,Ryan,dryanie@webeden.co.uk,Female,United States
664,Teresa,Matthews,tmatthewsif@spiegel.de,Female,United States
665,Bobby,Griffin,bgriffinig@merriam-webster.com,Male,Mexico
666,Diane,Morrison,dmorrisonih@livejournal.com,Female,United States
667,Kevin,Wilson,kwilsonii@addtoany.com,Male,United States
668,Dennis,Cruz,dcruzij@hp.com,Male,Canada
669,Peter,Peterson,,Male,Mexico
670,Steven,Larson,slarsonil@wikia.com,Male,Canada
671,William,Stephens,,Male,United States
672,Keith,Burke,kburkein@hostgator.com,Male,Canada
673,Andrew,Knight,aknightio@economist.com,Male,United States
674,Johnny,Morgan,jmorganip@bloglovin.com,Male,United States
675,Fred,Perry,fperryiq@reverbnation.com,Male,United States
676,Anthony,George,ageorgeir@google.ca,Male,United States
677,Thomas,Willis,twillisis@samsung.com,Male,Canada
678,Joseph,Grant,jgrantit@huffingtonpost.com,Male,Canada
679,Melissa,Berry,mberryiu@tiny.cc,Female,United States
680,Emily,Ortiz,eortiziv@berkeley.edu,Female,Mexico
681,Kathy,Morrison,kmorrisoniw@google.ca,Female,Canada
682,Tammy,Ellis,tellisix@tinypic.com,Female,United States
683,Lori,Hanson,lhansoniy@hostgator.com,Female,Canada
684,Michael,Dunn,mdunniz@mlb.com,Male,United States
685,Jessica,Campbell,jcampbellj0@springer.com,Female,Canada
686,Sarah,Ruiz,sruizj1@yahoo.com,Female,United States
687,Mary,Long,mlongj2@facebook.com,Female,Mexico
688,Christina,Carpenter,ccarpenterj3@blogs.com,Female,Mexico
689,Annie,Simpson,asimpsonj4@ustream.tv,Female,Mexico
690,Frances,Davis,fdavisj5@google.com.hk,Female,United States
691,Craig,Carter,ccarterj6@wisc.edu,Male,Canada
692,Rose,Stewart,rstewartj7@freewebs.com,Female,Mexico
693,Andrew,Long,alongj8@discuz.net,Male,United States
694,Peter,Reyes,preyesj9@live.com,Male,Canada
695,Anthony,Lewis,alewisja@upenn.edu,Male,United States
696,Harry,Cooper,hcooperjb@sitemeter.com,Male,United States
697,Nicole,Holmes,nholmesjc@acquirethisname.com,Female,United States
698,Diana,Myers,dmyersjd@constantcontact.com,Female,Mexico
699,Brandon,Schmidt,bschmidtje@soup.io,Male,Mexico
700,Edward,Carroll,ecarrolljf@businessweek.com,Male,United States
701,Kevin,Perez,kperezjg@elpais.com,Male,United States
702,Janice,Patterson,jpattersonjh@google.com.br,Female,Mexico
703,Diane,Burke,dburkeji@addtoany.com,Female,Mexico
704,Russell,Campbell,rcampbelljj@histats.com,Male,United States
705,Joshua,Williams,jwilliamsjk@nasa.gov,Male,Mexico
706,Stephen,Freeman,sfreemanjl@uiuc.edu,Male,United States
707,Judith,Boyd,jboydjm@hp.com,Female,United States
708,Jose,Crawford,jcrawfordjn@cbc.ca,Male,United States
709,Nicholas,Price,npricejo@imdb.com,Male,Canada
710,Paula,Scott,pscottjp@yahoo.com,Female,United States
711,Harry,Green,hgreenjq@icio.us,Male,United States
712,Charles,Banks,cbanksjr@quantcast.com,Male,United States
713,Carolyn,Turner,cturnerjs@amazon.co.uk,Female,United States
714,Keith,Powell,kpowelljt@imgur.com,Male,Mexico
715,Phillip,Chavez,pchavezju@nationalgeographic.com,Male,United States
716,Linda,Palmer,lpalmerjv@cloudflare.com,Female,United States
717,Debra,Nguyen,dnguyenjw@t.co,Female,United States
718,Ernest,Meyer,emeyerjx@chronoengine.com,Male,United States
719,Teresa,Freeman,,Female,United States
720,John,Gibson,jgibsonjz@tumblr.com,Male,Canada
721,Cynthia,Jones,cjonesk0@4shared.com,Female,United States
722,Paul,Smith,psmithk1@google.it,Male,Canada
723,Diana,Moore,dmoorek2@cisco.com,Female,United States
724,Kenneth,Welch,kwelchk3@google.it,Male,United States
725,Amanda,Collins,acollinsk4@constantcontact.com,Female,United States
726,Eugene,Willis,ewillisk5@myspace.com,Male,Mexico
727,Susan,Hicks,,Female,Canada
728,Sarah,Adams,sadamsk7@cocolog-nifty.com,Female,Canada
729,Jack,Ellis,jellisk8@wikimedia.org,Male,United States
730,Shawn,Adams,sadamsk9@parallels.com,Male,Canada
731,Scott,Spencer,sspencerka@usnews.com,Male,Mexico
732,Elizabeth,Thompson,ethompsonkb@wp.com,Female,Mexico
733,Ronald,Garcia,rgarciakc@pagesperso-orange.fr,Male,United States
734,Donna,Rose,drosekd@blogger.com,Female,Mexico
735,Andrea,Lopez,,Female,United States
736,Steven,Romero,sromerokf@unicef.org,Male,United States
737,Keith,Richards,krichardskg@google.ru,Male,United States
738,Antonio,Porter,aporterkh@eepurl.com,Male,United States
739,Dennis,Hayes,dhayeski@indiatimes.com,Male,Canada
740,Roger,Wright,rwrightkj@tripadvisor.com,Male,Canada
741,Phyllis,Knight,pknightkk@amazon.com,Female,United States
742,Emily,Ramirez,eramirezkl@oracle.com,Female,Canada
743,Julia,Miller,jmillerkm@nps.gov,Female,Mexico
744,Larry,Brooks,lbrookskn@ftc.gov,Male,United States
745,Maria,Nelson,mnelsonko@jugem.jp,Female,United States
746,Carl,Gonzalez,cgonzalezkp@adobe.com,Male,United States
747,Tammy,Sullivan,tsullivankq@psu.edu,Female,United States
748,Arthur,Burke,aburkekr@comsenz.com,Male,Mexico
749,Carlos,Lee,cleeks@ucoz.ru,Male,Canada
750,Kathryn,Bryant,kbryantkt@yellowbook.com,Female,Canada
751,Daniel,Lee,dleeku@desdev.cn,Male,United States
752,Teresa,Nichols,tnicholskv@msu.edu,Female,Mexico
753,Chris,Moore,cmoorekw@ow.ly,Male,United States
754,Daniel,Holmes,dholmeskx@wordpress.org,Male,United States
755,Jason,Hamilton,jhamiltonky@oaic.gov.au,Male,United States
756,Donald,Banks,dbankskz@nsw.gov.au,Male,Canada
757,Phyllis,Jordan,pjordanl0@bloglovin.com,Female,United States
758,Sarah,Edwards,sedwardsl1@epa.gov,Female,Mexico
759,Virginia,Bishop,vbishopl2@examiner.com,Female,United States
760,Carolyn,Alvarez,calvarezl3@wikipedia.org,Female,United States
761,David,Kelly,dkellyl4@wikispaces.com,Male,Canada
762,Judy,Hernandez,jhernandezl5@shinystat.com,Female,Canada
763,Andrea,Mcdonald,amcdonaldl6@timesonline.co.uk,Female,Mexico
764,Antonio,Hall,ahalll7@accuweather.com,Male,United States
765,Eugene,Stewart,estewartl8@google.co.jp,Male,Canada
766,Heather,Chapman,hchapmanl9@stanford.edu,Female,United States
767,Lawrence,James,ljamesla@ustream.tv,Male,United States
768,Ashley,Jacobs,ajacobslb@cdc.gov,Female,United States
769,Phillip,Stewart,pstewartlc@java.com,Male,Canada
770,Katherine,Gonzales,kgonzalesld@forbes.com,Female,Canada
771,Gary,Murphy,gmurphyle@stumbleupon.com,Male,Canada
772,Raymond,Walker,rwalkerlf@vk.com,Male,Canada
773,Brian,Miller,bmillerlg@wix.com,Male,United States
774,Carlos,Fernandez,cfernandezlh@nature.com,Male,Canada
775,Tina,Andrews,tandrewsli@usda.gov,Female,United States
776,Teresa,Cole,tcolelj@github.io,Female,United States
777,Paul,Gardner,pgardnerlk@dot.gov,Male,Mexico
778,Rebecca,Palmer,rpalmerll@t-online.de,Female,Canada
779,Richard,Bishop,rbishoplm@cbsnews.com,Male,Mexico
780,Andrew,Carter,acarterln@imgur.com,Male,Canada
781,Anne,Young,ayounglo@plala.or.jp,Female,Canada
782,Carl,Williams,cwilliamslp@free.fr,Male,United States
783,Kathleen,Morris,kmorrislq@lycos.com,Female,United States
784,Edward,Howard,ehowardlr@cornell.edu,Male,Mexico
785,Jose,Holmes,jholmesls@ed.gov,Male,Canada
786,Julie,Butler,jbutlerlt@joomla.org,Female,Canada
787,Louise,Campbell,lcampbelllu@narod.ru,Female,Mexico
788,Rose,Fields,rfieldslv@cloudflare.com,Female,United States
789,Dorothy,Rogers,drogerslw@upenn.edu,Female,Mexico
790,Jean,Fisher,jfisherlx@reddit.com,Female,United States
791,Victor,Jacobs,vjacobsly@canalblog.com,Male,Canada
792,Brenda,Evans,bevanslz@deliciousdays.com,Female,United States
793,Diane,Bryant,dbryantm0@goodreads.com,Female,Mexico
794,Victor,Kim,vkimm1@un.org,Male,United States
795,Clarence,Hall,challm2@bluehost.com,Male,Canada
796,Wayne,Stanley,wstanleym3@istockphoto.com,Male,United States
797,Wanda,Ward,wwardm4@cmu.edu,Female,Canada
798,Gregory,Berry,gberrym5@mlb.com,Male,United States
799,Michael,Allen,mallenm6@slate.com,Male,United States
800,Ralph,Miller,rmillerm7@mail.ru,Male,Canada
801,Janice,Ortiz,jortizm8@yale.edu,Female,United States
802,Elizabeth,Griffin,egriffinm9@goo.ne.jp,Female,Mexico
803,Irene,Vasquez,ivasquezma@google.com.hk,Female,United States
804,Jessica,Hicks,jhicksmb@sphinn.com,Female,Mexico
805,Marilyn,Daniels,mdanielsmc@sun.com,Female,United States
806,Jose,Hughes,jhughesmd@gravatar.com,Male,United States
807,Antonio,Austin,aaustinme@github.com,Male,Canada
808,Todd,Ruiz,truizmf@phpbb.com,Male,Canada
809,Virginia,Stewart,vstewartmg@dyndns.org,Female,United States
810,Tammy,Hall,thallmh@google.com.au,Female,Canada
811,Cheryl,Kennedy,ckennedymi@hexun.com,Female,Mexico
812,Stephen,Phillips,sphillipsmj@cloudflare.com,Male,Canada
813,Carol,Day,cdaymk@bigcartel.com,Female,United States
814,Earl,Owens,eowensml@dion.ne.jp,Male,Canada
815,Sandra,Wright,,Female,Mexico
816,Nicholas,Howard,nhowardmn@nytimes.com,Male,Canada
817,Tammy,Phillips,tphillipsmo@theguardian.com,Female,Mexico
818,Jean,Walker,jwalkermp@google.com.br,Female,United States
819,Frank,Young,fyoungmq@canalblog.com,Male,Mexico
820,Julie,Howell,,Female,Canada
821,William,Edwards,wedwardsms@naver.com,Male,United States
822,Terry,Ross,trossmt@foxnews.com,Male,Canada
823,Donna,Arnold,darnoldmu@gizmodo.com,Female,Canada
824,Jimmy,Taylor,jtaylormv@squarespace.com,Male,United States
825,Peter,Carpenter,pcarpentermw@msn.com,Male,United States
826,Lois,Myers,lmyersmx@tuttocitta.it,Female,Canada
827,Brenda,Greene,bgreenemy@indiatimes.com,Female,United States
828,Maria,Knight,mknightmz@sciencedirect.com,Female,Canada
829,Lisa,Hunter,lhuntern0@ebay.co.uk,Female,United States
830,Kimberly,Knight,kknightn1@jalbum.net,Female,United States
831,Dennis,Oliver,dolivern2@blogtalkradio.com,Male,United States
832,Frank,Hawkins,fhawkinsn3@mozilla.org,Male,Canada
833,Janet,Gomez,jgomezn4@ucoz.ru,Female,United States
834,Mary,Hayes,,Female,United States
835,Amy,Gomez,agomezn6@icq.com,Female,United States
836,Andrea,Price,apricen7@google.es,Female,Canada
837,Patrick,Arnold,parnoldn8@elegantthemes.com,Male,United States
838,Susan,Armstrong,sarmstrongn9@cocolog-nifty.com,Female,United States
839,Melissa,Sanders,msandersna@goo.gl,Female,United States
840,Richard,Boyd,rboydnb@hud.gov,Male,Mexico
841,Craig,Cook,ccooknc@privacy.gov.au,Male,United States
842,Joshua,Kelley,jkelleynd@nyu.edu,Male,Mexico
843,Louise,Powell,lpowellne@oakley.com,Female,United States
844,Jeremy,Medina,jmedinanf@blinklist.com,Male,United States
845,Kenneth,Welch,kwelchng@patch.com,Male,Canada
846,Michelle,Thomas,mthomasnh@scribd.com,Female,United States
847,Brenda,Wallace,bwallaceni@yellowpages.com,Female,Canada
848,Gary,Garrett,ggarrettnj@constantcontact.com,Male,Mexico
849,Jack,Bell,jbellnk@mapquest.com,Male,Canada
850,Daniel,Matthews,dmatthewsnl@multiply.com,Male,United States
851,Deborah,Ray,draynm@hc360.com,Female,United States
852,Donald,Fields,dfieldsnn@bravesites.com,Male,United States
853,Christopher,Day,cdayno@histats.com,Male,United States
854,Ruby,Meyer,rmeyernp@technorati.com,Female,United States
855,Anthony,Hanson,ahansonnq@com.com,Male,United States
856,Rebecca,Ellis,rellisnr@google.de,Female,United States
857,Lori,Mills,,Female,United States
858,Gregory,Dunn,gdunnnt@geocities.com,Male,Mexico
859,Helen,Stone,hstonenu@webnode.com,Female,United States
860,Doris,Olson,,Female,United States
861,Norma,Collins,,Female,Mexico
862,Stephanie,Banks,sbanksnx@cnbc.com,Female,United States
863,Sandra,Smith,ssmithny@nytimes.com,Female,United States
864,Walter,Collins,wcollinsnz@unblog.fr,Male,United States
865,Ann,Fox,afoxo0@netscape.com,Female,Mexico
866,Tina,West,twesto1@csmonitor.com,Female,Mexico
867,Irene,Burton,iburtono2@topsy.com,Female,Canada
868,Ann,Holmes,aholmeso3@sina.com.cn,Female,United States
869,Emily,Ellis,eelliso4@samsung.com,Female,Canada
870,Ashley,Hall,ahallo5@chronoengine.com,Female,Mexico
871,Jimmy,Miller,jmillero6@typepad.com,Male,United States
872,Jennifer,Harper,jharpero7@pcworld.com,Female,United States
873,Aaron,Castillo,acastilloo8@wikipedia.org,Male,Canada
874,Harold,Sanchez,hsanchezo9@people.com.cn,Male,United States
875,Eugene,Howell,ehowelloa@technorati.com,Male,Canada
876,Maria,Reyes,mreyesob@topsy.com,Female,Canada
877,Annie,Boyd,aboydoc@behance.net,Female,United States
878,Raymond,Marshall,rmarshallod@live.com,Male,Canada
879,Jeremy,Gomez,jgomezoe@deliciousdays.com,Male,United States
880,Jennifer,Palmer,jpalmerof@psu.edu,Female,Mexico
881,Eugene,Mendoza,emendozaog@tuttocitta.it,Male,United States
882,Barbara,Burton,bburtonoh@msn.com,Female,Canada
883,Victor,Perry,vperryoi@google.com.au,Male,United States
884,Jerry,Bryant,jbryantoj@rambler.ru,Male,United States
885,Justin,Stephens,jstephensok@slideshare.net,Male,United States
886,Carolyn,Austin,caustinol@nationalgeographic.com,Female,United States
887,Jacqueline,Little,jlittleom@weather.com,Female,United States
888,Katherine,Holmes,kholmeson@sohu.com,Female,United States
889,Phyllis,Cooper,pcooperoo@amazon.co.uk,Female,Mexico
890,Kenneth,Moore,kmooreop@adobe.com,Male,United States
891,Christopher,Gomez,cgomezoq@squarespace.com,Male,United States
892,Howard,Ross,hrossor@devhub.com,Male,United States
893,Ruby,James,rjamesos@printfriendly.com,Female,United States
894,Aaron,Williamson,awilliamsonot@addtoany.com,Male,Mexico
895,Harold,Kelly,hkellyou@alibaba.com,Male,United States
896,Margaret,Price,mpriceov@engadget.com,Female,United States
897,Sharon,Mendoza,smendozaow@cocolog-nifty.com,Female,Canada
898,Steven,Chavez,schavezox@nba.com,Male,Canada
899,Arthur,James,ajamesoy@fotki.com,Male,Mexico
900,Doris,Grant,dgrantoz@utexas.edu,Female,Canada
901,Susan,Burke,sburkep0@sfgate.com,Female,Canada
902,Martin,Johnson,mjohnsonp1@linkedin.com,Male,United States
903,Kathleen,Fowler,kfowlerp2@icq.com,Female,Canada
904,Paula,Roberts,probertsp3@ucoz.ru,Female,Mexico
905,David,Alvarez,dalvarezp4@sohu.com,Male,United States
906,Jennifer,Gomez,jgomezp5@house.gov,Female,Canada
907,Theresa,Holmes,tholmesp6@twitter.com,Female,Canada
908,Jose,Wood,jwoodp7@wiley.com,Male,United States
909,Thomas,Jones,tjonesp8@weather.com,Male,Mexico
910,Harry,Wells,hwellsp9@who.int,Male,United States
911,Andrew,Stewart,astewartpa@bandcamp.com,Male,Mexico
912,Shawn,Fuller,sfullerpb@g.co,Male,Mexico
913,Ann,Cruz,acruzpc@umn.edu,Female,Canada
914,Brandon,Porter,bporterpd@vkontakte.ru,Male,United States
915,Wayne,Perkins,wperkinspe@state.tx.us,Male,United States
916,Julia,Moreno,jmorenopf@feedburner.com,Female,United States
917,Anna,Black,ablackpg@ted.com,Female,United States
918,Aaron,Myers,amyersph@blogtalkradio.com,Male,Mexico
919,Carlos,Porter,cporterpi@google.com,Male,United States
920,Ashley,Matthews,amatthewspj@rakuten.co.jp,Female,Canada
921,Russell,Reynolds,rreynoldspk@edublogs.org,Male,Mexico
922,Judy,Morgan,jmorganpl@weibo.com,Female,United States
923,Roger,Ramos,rramospm@ft.com,Male,Canada
924,Jeremy,Mitchell,jmitchellpn@free.fr,Male,United States
925,Shawn,Mason,smasonpo@ucoz.ru,Male,Mexico
926,Scott,Owens,sowenspp@freewebs.com,Male,United States
927,Nancy,Grant,ngrantpq@a8.net,Female,United States
928,Jean,Burns,jburnspr@gov.uk,Female,Canada
929,David,Dixon,ddixonps@mysql.com,Male,Canada
930,Ryan,Washington,rwashingtonpt@nature.com,Male,United States
931,Daniel,Garza,dgarzapu@gravatar.com,Male,United States
932,David,Gray,dgraypv@i2i.jp,Male,United States
933,Jonathan,Phillips,jphillipspw@wunderground.com,Male,Canada
934,Julia,Perkins,jperkinspx@feedburner.com,Female,Canada
935,Rose,Moore,rmoorepy@shop-pro.jp,Female,United States
936,Stephanie,Hamilton,,Female,Canada
937,Christine,Hansen,chansenq0@nasa.gov,Female,United States
938,Wanda,Gilbert,wgilbertq1@wsj.com,Female,United States
939,Matthew,Jordan,mjordanq2@skyrock.com,Male,Canada
940,Edward,Fowler,efowlerq3@miitbeian.gov.cn,Male,Canada
941,Teresa,Taylor,ttaylorq4@gizmodo.com,Female,United States
942,Johnny,Austin,jaustinq5@virginia.edu,Male,United States
943,Jesse,Walker,jwalkerq6@taobao.com,Male,Canada
944,Keith,Torres,ktorresq7@thetimes.co.uk,Male,Mexico
945,Annie,Cruz,acruzq8@mlb.com,Female,Mexico
946,James,Fields,jfieldsq9@statcounter.com,Male,United States
947,Bonnie,Martinez,bmartinezqa@sohu.com,Female,United States
948,Donna,Nichols,dnicholsqb@constantcontact.com,Female,United States
949,Lillian,Flores,lfloresqc@walmart.com,Female,Mexico
950,Matthew,Moreno,mmorenoqd@t-online.de,Male,Mexico
951,Brandon,Powell,bpowellqe@squarespace.com,Male,Canada
952,Sharon,Sanders,ssandersqf@archive.org,Female,Mexico
953,Henry,Patterson,hpattersonqg@plala.or.jp,Male,United States
954,Susan,Bishop,sbishopqh@tinyurl.com,Female,Mexico
955,Samuel,Grant,sgrantqi@virginia.edu,Male,Mexico
956,Charles,Graham,cgrahamqj@blogtalkradio.com,Male,Mexico
957,Clarence,Diaz,cdiazqk@t-online.de,Male,United States
958,Jose,Bowman,jbowmanql@businesswire.com,Male,Canada
959,Nicole,Watson,nwatsonqm@cisco.com,Female,United States
960,Elizabeth,Payne,epayneqn@t-online.de,Female,United States
961,Shirley,Nelson,snelsonqo@fc2.com,Female,United States
962,Teresa,Martin,tmartinqp@pbs.org,Female,Mexico
963,Jane,Reid,jreidqq@vinaora.com,Female,Canada
964,Evelyn,Kennedy,ekennedyqr@slashdot.org,Female,Canada
965,Gerald,Cole,gcoleqs@lycos.com,Male,Mexico
966,Eugene,Mendoza,emendozaqt@newsvine.com,Male,Mexico
967,Albert,Perry,aperryqu@lycos.com,Male,Mexico
968,Jacqueline,Parker,jparkerqv@newyorker.com,Female,United States
969,Anna,Kim,akimqw@pagesperso-orange.fr,Female,United States
970,Jesse,Gordon,jgordonqx@weibo.com,Male,United States
971,Norma,Collins,ncollinsqy@a8.net,Female,United States
972,Craig,Welch,cwelchqz@paginegialle.it,Male,United States
973,Diane,Little,dlittler0@ifeng.com,Female,Mexico
974,Albert,Thomas,athomasr1@webnode.com,Male,Mexico
975,Brandon,Rodriguez,brodriguezr2@cargocollective.com,Male,Canada
976,Emily,Gonzalez,egonzalezr3@google.co.uk,Female,United States
977,Todd,Spencer,tspencerr4@opensource.org,Male,Mexico
978,Alan,Ramirez,aramirezr5@disqus.com,Male,Canada
979,Joan,Torres,,Female,Canada
980,Sara,Burns,sburnsr7@biglobe.ne.jp,Female,United States
981,John,Alexander,jalexanderr8@cnn.com,Male,United States
982,Tammy,Richardson,trichardsonr9@skype.com,Female,Mexico
983,Annie,Gardner,agardnerra@europa.eu,Female,Mexico
984,Mildred,Duncan,mduncanrb@archive.org,Female,Canada
985,Laura,Williams,lwilliamsrc@odnoklassniki.ru,Female,Mexico
986,Jacqueline,Meyer,jmeyerrd@deviantart.com,Female,Mexico
987,James,Wagner,jwagnerre@parallels.com,Male,Mexico
988,Timothy,Scott,tscottrf@eventbrite.com,Male,United States
989,Virginia,Reynolds,vreynoldsrg@bbc.co.uk,Female,United States
990,Diane,James,djamesrh@addthis.com,Female,Mexico
991,Joan,Freeman,jfreemanri@free.fr,Female,Canada
992,Steven,Reyes,sreyesrj@etsy.com,Male,United States
993,Brandon,Austin,baustinrk@booking.com,Male,Mexico
994,Rose,Stevens,rstevensrl@google.cn,Female,Canada
995,Anne,Thompson,athompsonrm@ucoz.com,Female,United States
996,Rebecca,Sullivan,rsullivanrn@scribd.com,Female,Mexico
997,Marilyn,Stanley,mstanleyro@phpbb.com,Female,United States
998,Earl,Romero,eromerorp@51.la,Male,Mexico
999,Patrick,Roberts,probertsrq@fastcompany.com,Male,Canada
1000,Earl,Fernandez,,Male,Mexico
