id,first_name,last_name,email,gender,country
1,Ronald,Roberts,rroberts0@1und1.de,Male,United States
2,Martin,Gibson,mgibson1@usa.gov,Male,United States
3,Kenneth,Medina,kmedina2@answers.com,Male,Canada
4,Beverly,Willis,,Female,Mexico
5,Martin,Bishop,mbishop4@yale.edu,Male,Mexico
6,Angela,Mason,amason5@mozilla.com,Female,Canada
7,Lawrence,Lynch,llynch6@netscape.com,Male,Canada
8,Susan,Simpson,ssimpson7@nifty.com,Female,Mexico
9,Kathy,Sims,ksims8@com.com,Female,Canada
10,Martha,Johnson,mjohnson9@miitbeian.gov.cn,Female,Canada
11,Ann,West,,Female,United States
12,Linda,Dean,ldeanb@oakley.com,Female,United States
13,Rebecca,Pierce,rpiercec@ehow.com,Female,United States
14,Patricia,Palmer,ppalmerd@apache.org,Female,Mexico
15,Carlos,Weaver,cweavere@scientificamerican.com,Male,United States
16,Kimberly,Perry,kperryf@feedburner.com,Female,United States
17,Edward,Welch,ewelchg@blogs.com,Male,United States
18,Kenneth,Rice,kriceh@altervista.org,Male,United States
19,Louis,Fowler,lfowleri@taobao.com,Male,United States
20,Bruce,Watson,bwatsonj@wsj.com,Male,Canada
21,Christopher,Boyd,cboydk@japanpost.jp,Male,United States
22,Margaret,Hicks,mhicksl@hubpages.com,Female,Mexico
23,Brandon,Freeman,bfreemanm@ehow.com,Male,Mexico
24,Theresa,Reynolds,treynoldsn@icq.com,Female,Mexico
25,Amy,Fisher,afishero@wufoo.com,Female,Mexico
26,Victor,Long,vlongp@delicious.com,Male,United States
27,Roy,Allen,rallenq@1und1.de,Male,United States
28,Deborah,Alexander,dalexanderr@ucoz.ru,Female,United States
29,Beverly,Smith,bsmiths@marriott.com,Female,United States
30,Kimberly,Vasquez,,Female,United States
31,Patricia,Hart,phartu@bandcamp.com,Female,Mexico
32,Jonathan,Ruiz,jruizv@symantec.com,Male,United States
33,Louise,Gilbert,,Female,Canada
34,Harry,Romero,hromerox@storify.com,Male,United States
35,Benjamin,Butler,bbutlery@disqus.com,Male,Canada
36,Martin,Little,mlittlez@github.com,Male,Canada
37,Carlos,Evans,cevans10@oracle.com,Male,United States
38,Diana,Turner,dturner11@chronoengine.com,Female,Canada
39,Kathy,Banks,kbanks12@princeton.edu,Female,Canada
40,Charles,Montgomery,cmontgomery13@pen.io,Male,Canada
41,Irene,Powell,ipowell14@cisco.com,Female,United States
42,Sharon,Alvarez,salvarez15@parallels.com,Female,United States
43,Gerald,Jackson,gjackson16@disqus.com,Male,Mexico
44,Helen,Martinez,hmartinez17@soup.io,Female,United States
45,Earl,Hart,ehart18@netscape.com,Male,Canada
46,Raymond,Hughes,rhughes19@imdb.com,Male,Mexico
47,Joyce,Thomas,jthomas1a@t-online.de,Female,Mexico
48,Kenneth,Bishop,kbishop1b@squidoo.com,Male,United States
49,Sharon,Diaz,sdiaz1c@house.gov,Female,Mexico
50,Gerald,Fuller,gfuller1d@nba.com,Male,Mexico
51,David,Ferguson,dferguson1e@moonfruit.com,Male,United States
52,Scott,Rogers,srogers1f@storify.com,Male,Mexico
53,Kelly,Cunningham,kcunningham1g@printfriendly.com,Female,United States
54,Martin,Parker,mparker1h@comcast.net,Male,United States
55,Ann,Mitchell,amitchell1i@wired.com,Female,Mexico
56,Helen,Brooks,hbrooks1j@gmpg.org,Female,Mexico
57,Bonnie,Gonzalez,bgonzalez1k@opensource.org,Female,United States
58,Angela,Reed,areed1l@sogou.com,Female,United States
59,Craig,Howard,choward1m@sbwire.com,Male,United States
60,Martin,Wright,mwright1n@techcrunch.com,Male,United States
61,Samuel,Coleman,,Male,United States
62,Andrew,Hunt,ahunt1p@infoseek.co.jp,Male,United States
63,Eric,Foster,efoster1q@hao123.com,Male,United States
64,Clarence,Ruiz,cruiz1r@wunderground.com,Male,Mexico
65,Harold,Mason,hmason1s@facebook.com,Male,Mexico
66,Keith,Ramos,kramos1t@youtu.be,Male,Mexico
67,Kathryn,Fowler,,Female,United States
68,Martha,Ferguson,mferguson1v@godaddy.com,Female,United States
69,Samuel,Ruiz,sruiz1w@github.com,Male,Canada
70,Doris,Fields,dfields1x@upenn.edu,Female,United States
71,Emily,Tucker,etucker1y@boston.com,Female,United States
72,Heather,Ryan,hryan1z@nbcnews.com,Female,United States
73,Steven,Howard,showard20@aol.com,Male,Canada
74,Andrea,Arnold,aarnold21@illinois.edu,Female,Canada
75,Justin,Murray,jmurray22@springer.com,Male,Mexico
76,Shirley,Peters,speters23@comcast.net,Female,Mexico
77,Ann,Jones,ajones24@tinypic.com,Female,United States
78,Bonnie,Hughes,bhughes25@weebly.com,Female,United States
79,Jack,Nguyen,jnguyen26@washington.edu,Male,Canada
80,Shawn,Jordan,,Male,Mexico
81,Cynthia,Henderson,,Female,United States
82,Jessica,Fuller,jfuller29@canalblog.com,Female,United States
83,Jose,Shaw,jshaw2a@slashdot.org,Male,United States
84,Lawrence,Sanders,lsanders2b@phoca.cz,Male,United States
85,Jonathan,Washington,jwashington2c@moonfruit.com,Male,Canada
86,Helen,Torres,htorres2d@scientificamerican.com,Female,United States
87,Anna,Jacobs,ajacobs2e@pbs.org,Female,Canada
88,Patrick,Wheeler,pwheeler2f@posterous.com,Male,Canada
89,Louise,Freeman,lfreeman2g@pbs.org,Female,Mexico
90,Theresa,Bailey,tbailey2h@comcast.net,Female,United States
91,Billy,Reynolds,breynolds2i@ask.com,Male,United States
92,Juan,Patterson,jpatterson2j@webnode.com,Male,United States
93,Ashley,Hamilton,ahamilton2k@themeforest.net,Female,United States
94,Gary,Hudson,ghudson2l@i2i.jp,Male,United States
95,Victor,Crawford,vcrawford2m@uol.com.br,Male,United States
96,Pamela,Matthews,pmatthews2n@cornell.edu,Female,Mexico
97,Gloria,Cook,gcook2o@hugedomains.com,Female,Mexico
98,Ruby,King,rking2p@kickstarter.com,Female,United States
99,Jason,Daniels,,Male,United States
100,Christopher,Willis,cwillis2r@state.gov,Male,Canada
101,Jesse,Rice,jrice2s@hibu.com,Male,Canada
102,Steven,Baker,sbaker2t@lulu.com,Male,Canada
103,Martha,Webb,mwebb2u@free.fr,Female,Canada
104,Chris,Palmer,cpalmer2v@cornell.edu,Male,United States
105,Amanda,Hawkins,ahawkins2w@shop-pro.jp,Female,Mexico
106,Dorothy,Diaz,ddiaz2x@cam.ac.uk,Female,United States
107,Margaret,Lawson,mlawson2y@addthis.com,Female,United States
108,Doris,Davis,ddavis2z@dailymotion.com,Female,Canada
109,Jerry,Ross,jross30@auda.org.au,Male,United States
110,Jennifer,Barnes,jbarnes31@timesonline.co.uk,Female,Mexico
111,Patricia,Shaw,pshaw32@weather.com,Female,Canada
112,Jeffrey,Mitchell,,Male,Mexico
113,Philip,Graham,pgraham34@princeton.edu,Male,United States
114,Carol,Olson,colson35@time.com,Female,Mexico
115,Joyce,Mills,jmills36@cdbaby.com,Female,United States
116,Paula,Cox,pcox37@ucsd.edu,Female,United States
117,Katherine,Rogers,krogers38@weebly.com,Female,Canada
118,Ruby,Cruz,rcruz39@fastcompany.com,Female,Mexico
119,Pamela,Collins,pcollins3a@oracle.com,Female,United States
120,Jimmy,Banks,jbanks3b@hhs.gov,Male,United States
121,Christine,Ford,cford3c@ed.gov,Female,Mexico
122,Melissa,Gardner,mgardner3d@friendfeed.com,Female,Mexico
123,Eugene,Andrews,eandrews3e@jimdo.com,Male,Canada
124,Doris,Meyer,dmeyer3f@flavors.me,Female,Canada
125,Jean,Carroll,,Female,United States
126,Julie,Kennedy,,Female,Mexico
127,Joshua,Hill,jhill3i@ezinearticles.com,Male,Mexico
128,Emily,Burke,eburke3j@washington.edu,Female,United States
129,Jason,Ward,jward3k@virginia.edu,Male,United States
130,Timothy,Hughes,thughes3l@timesonline.co.uk,Male,Canada
131,Larry,Pierce,lpierce3m@gmpg.org,Male,Mexico
132,Patricia,Sanders,psanders3n@salon.com,Female,United States
133,Gregory,Carr,gcarr3o@sourceforge.net,Male,United States
134,Joyce,Little,jlittle3p@plala.or.jp,Female,United States
135,Kimberly,Cunningham,kcunningham3q@buzzfeed.com,Female,United States
136,Brian,Hansen,bhansen3r@berkeley.edu,Male,Canada
137,Antonio,Medina,amedina3s@wisc.edu,Male,Mexico
138,Harry,Reyes,hreyes3t@adobe.com,Male,Canada
139,Amanda,Allen,aallen3u@usda.gov,Female,United States
140,Aaron,Hamilton,ahamilton3v@wikia.com,Male,Canada
141,Kathleen,Johnston,kjohnston3w@wix.com,Female,United States
142,Frances,Crawford,,Female,United States
143,Nancy,Bailey,nbailey3y@example.com,Female,United States
144,Charles,Cunningham,ccunningham3z@bandcamp.com,Male,Mexico
145,Jacqueline,Berry,jberry40@reference.com,Female,Canada
146,Jeffrey,Butler,jbutler41@businesswire.com,Male,United States
147,Aaron,Lane,alane42@privacy.gov.au,Male,United States
148,Anthony,Diaz,adiaz43@i2i.jp,Male,United States
149,Daniel,Harrison,dharrison44@opera.com,Male,United States
150,Beverly,Rodriguez,brodriguez45@upenn.edu,Female,United States
151,Deborah,Ryan,,Female,Mexico
152,Carol,Simmons,csimmons47@barnesandnoble.com,Female,Canada
153,Jesse,Garza,jgarza48@newyorker.com,Male,United States
154,Betty,Rose,brose49@foxnews.com,Female,United States
155,David,Burns,,Male,Mexico
156,Nicole,Stephens,nstephens4b@gov.uk,Female,Mexico
157,Alan,Patterson,apatterson4c@berkeley.edu,Male,United States
158,Howard,West,hwest4d@unesco.org,Male,United States
159,Carolyn,Howard,choward4e@walmart.com,Female,Mexico
160,Emily,Reyes,ereyes4f@imageshack.us,Female,Canada
161,Patricia,Bishop,pbishop4g@prnewswire.com,Female,United States
162,George,Mendoza,gmendoza4h@illinois.edu,Male,United States
163,Douglas,Robinson,drobinson4i@flavors.me,Male,Canada
164,Andrea,Lawrence,alawrence4j@furl.net,Female,Canada
165,Beverly,Roberts,broberts4k@weibo.com,Female,Canada
166,John,Torres,jtorres4l@businesswire.com,Male,Mexico
167,Russell,Rose,,Male,United States
168,Diane,Harvey,dharvey4n@youtube.com,Female,United States
169,Marilyn,Reyes,mreyes4o@alibaba.com,Female,Mexico
170,Annie,Daniels,adaniels4p@slideshare.net,Female,Canada
171,Carol,Dunn,cdunn4q@newsvine.com,Female,Mexico
172,Linda,Howard,lhoward4r@netlog.com,Female,United States
173,Angela,Sims,asims4s@amazon.de,Female,United States
174,Michelle,Schmidt,mschmidt4t@yellowbook.com,Female,United States
175,Gregory,Spencer,gspencer4u@nymag.com,Male,Canada
176,Kathryn,Coleman,kcoleman4v@symantec.com,Female,United States
177,Judy,Evans,jevans4w@webnode.com,Female,Mexico
178,Terry,Dixon,tdixon4x@geocities.jp,Male,United States
179,Eric,Ferguson,eferguson4y@narod.ru,Male,Mexico
180,Ann,Mcdonald,amcdonald4z@reference.com,Female,United States
181,Margaret,West,mwest50@sogou.com,Female,United States
182,Charles,Henry,chenry51@constantcontact.com,Male,United States
183,Anna,Lewis,alewis52@umn.edu,Female,Mexico
184,Joseph,Young,jyoung53@ucsd.edu,Male,Mexico
185,Wayne,Simpson,wsimpson54@mtv.com,Male,United States
186,Tammy,Lane,tlane55@wired.com,Female,Mexico
187,Howard,Stewart,hstewart56@economist.com,Male,Mexico
188,Roy,Jackson,rjackson57@quantcast.com,Male,United States
189,Marie,Dixon,mdixon58@cnbc.com,Female,United States
190,Adam,Murray,amurray59@rediff.com,Male,Mexico
191,Jack,Anderson,janderson5a@cam.ac.uk,Male,Canada
192,Heather,Ross,hross5b@youtube.com,Female,United States
193,Susan,Flores,sflores5c@ucla.edu,Female,Canada
194,Ralph,Ray,,Male,Canada
195,Amanda,Foster,afoster5e@mediafire.com,Female,Canada
196,Donald,Parker,dparker5f@timesonline.co.uk,Male,Canada
197,Kenneth,Henry,,Male,United States
198,Kenneth,Ward,kward5h@xing.com,Male,Mexico
199,Victor,Martinez,vmartinez5i@forbes.com,Male,Mexico
200,Rachel,Garcia,rgarcia5j@drupal.org,Female,United States
201,Irene,Mccoy,imccoy5k@geocities.com,Female,United States
202,Jessica,Evans,jevans5l@imgur.com,Female,Canada
203,Evelyn,Matthews,ematthews5m@tripadvisor.com,Female,United States
204,Lois,Walker,lwalker5n@senate.gov,Female,Mexico
205,Jennifer,Rivera,jrivera5o@sogou.com,Female,Canada
206,Patricia,Hunt,phunt5p@hhs.gov,Female,Canada
207,Shirley,Hayes,shayes5q@tuttocitta.it,Female,United States
208,Timothy,Mccoy,tmccoy5r@icq.com,Male,Canada
209,Kathy,Murray,kmurray5s@ycombinator.com,Female,Canada
210,Tammy,Dixon,tdixon5t@yandex.ru,Female,Canada
211,Heather,Bryant,hbryant5u@unblog.fr,Female,Canada
212,Gloria,Morales,gmorales5v@alexa.com,Female,Mexico
213,Pamela,Wagner,pwagner5w@de.vu,Female,Canada
214,William,Gutierrez,wgutierrez5x@baidu.com,Male,United States
215,Kelly,Wood,kwood5y@washingtonpost.com,Female,Canada
216,Terry,Carpenter,tcarpenter5z@npr.org,Male,United States
217,Raymond,Flores,rflores60@statcounter.com,Male,United States
218,Emily,Boyd,eboyd61@youku.com,Female,Mexico
219,Anthony,Anderson,aanderson62@globo.com,Male,Mexico
220,Christina,Rodriguez,crodriguez63@clickbank.net,Female,United States
221,Lois,Reyes,lreyes64@simplemachines.org,Female,Canada
222,Patricia,Ramos,pramos65@nsw.gov.au,Female,Canada
223,Aaron,Castillo,acastillo66@whitehouse.gov,Male,United States
224,Louise,Murray,lmurray67@independent.co.uk,Female,United States
225,Albert,Payne,apayne68@java.com,Male,United States
226,Lois,Taylor,ltaylor69@shinystat.com,Female,Mexico
227,Clarence,Knight,cknight6a@ucla.edu,Male,United States
228,Ruby,Bell,rbell6b@multiply.com,Female,United States
229,Douglas,Ward,dward6c@edublogs.org,Male,Mexico
230,Sean,Henry,shenry6d@imageshack.us,Male,Canada
231,Mildred,Fox,mfox6e@theatlantic.com,Female,Mexico
232,Henry,Stevens,hstevens6f@si.edu,Male,United States
233,Michael,Evans,mevans6g@google.fr,Male,United States
234,Teresa,Ruiz,truiz6h@reuters.com,Female,Mexico
235,Diana,Watson,dwatson6i@tumblr.com,Female,United States
236,Bonnie,Meyer,bmeyer6j@vimeo.com,Female,United States
237,Eric,Bradley,ebradley6k@alibaba.com,Male,United States
238,Julia,Castillo,jcastillo6l@weibo.com,Female,United States
239,Alice,Thompson,athompson6m@godaddy.com,Female,United States
240,Kelly,Garrett,kgarrett6n@phpbb.com,Female,Mexico
241,Eugene,Moore,emoore6o@printfriendly.com,Male,Canada
242,Stephanie,Mccoy,smccoy6p@indiegogo.com,Female,Canada
243,Donna,Barnes,dbarnes6q@kickstarter.com,Female,United States
244,Clarence,King,cking6r@bbc.co.uk,Male,Canada
245,Brenda,Bowman,bbowman6s@skype.com,Female,Mexico
246,Jose,Ramos,jramos6t@w3.org,Male,United States
247,Keith,Simmons,ksimmons6u@cargocollective.com,Male,Canada
248,Maria,Allen,mallen6v@canalblog.com,Female,Canada
249,Carlos,Evans,cevans6w@networkadvertising.org,Male,Canada
250,Alice,Kelley,akelley6x@gizmodo.com,Female,United States
251,Richard,Arnold,rarnold6y@prweb.com,Male,Canada
252,Carol,Russell,crussell6z@ucoz.ru,Female,United States
253,Brenda,Moreno,bmoreno70@elpais.com,Female,Mexico
254,Cynthia,Olson,colson71@yellowbook.com,Female,United States
255,Betty,Gardner,bgardner72@constantcontact.com,Female,United States
256,Antonio,Sims,asims73@ebay.co.uk,Male,Canada
257,Irene,Bryant,,Female,United States
258,Henry,Thompson,hthompson75@shutterfly.com,Male,United States
259,Jonathan,Jones,jjones76@jigsy.com,Male,Canada
260,Earl,Reyes,ereyes77@topsy.com,Male,United States
261,Gerald,Ward,gward78@goo.gl,Male,United States
262,Janice,Castillo,jcastillo79@surveymonkey.com,Female,United States
263,Victor,Jordan,vjordan7a@ow.ly,Male,Canada
264,Julia,Johnson,,Female,United States
265,Justin,Cole,jcole7c@spotify.com,Male,Canada
266,Christine,Price,cprice7d@examiner.com,Female,United States
267,Ronald,Simmons,rsimmons7e@blog.com,Male,United States
268,Keith,Hicks,khicks7f@cornell.edu,Male,United States
269,Keith,Sims,ksims7g@reference.com,Male,Canada
270,Keith,Williams,kwilliams7h@umn.edu,Male,United States
271,Rachel,Hart,rhart7i@shareasale.com,Female,Mexico
272,Joseph,Howard,jhoward7j@unicef.org,Male,Canada
273,Mildred,Payne,mpayne7k@mayoclinic.com,Female,United States
274,Charles,Murray,cmurray7l@bandcamp.com,Male,United States
275,Gregory,Carter,,Male,United States
276,Lori,Payne,lpayne7n@purevolume.com,Female,United States
277,Justin,Miller,jmiller7o@studiopress.com,Male,United States
278,Patrick,Peters,ppeters7p@usda.gov,Male,Canada
279,Philip,Smith,psmith7q@tmall.com,Male,United States
280,Jose,Hanson,jhanson7r@theguardian.com,Male,Canada
281,Craig,Cooper,ccooper7s@ihg.com,Male,United States
282,Angela,Bennett,abennett7t@redcross.org,Female,United States
283,Aaron,Walker,awalker7u@cmu.edu,Male,United States
284,Steve,Harper,sharper7v@yellowbook.com,Male,Mexico
285,Melissa,Morris,mmorris7w@de.vu,Female,United States
286,Lillian,Washington,lwashington7x@intel.com,Female,Canada
287,Alice,Simpson,asimpson7y@github.com,Female,United States
288,Michelle,Graham,mgraham7z@telegraph.co.uk,Female,United States
289,Jose,Tucker,jtucker80@shop-pro.jp,Male,Mexico
290,Robin,Alvarez,ralvarez81@hexun.com,Female,United States
291,Brandon,Foster,bfoster82@dedecms.com,Male,Canada
292,Sarah,Vasquez,svasquez83@squarespace.com,Female,United States
293,Aaron,Harvey,aharvey84@china.com.cn,Male,United States
294,Arthur,Peters,,Male,Mexico
295,Amanda,Watson,awatson86@washingtonpost.com,Female,Mexico
296,Kelly,Wallace,kwallace87@jugem.jp,Female,Mexico
297,Jeremy,Smith,jsmith88@youtu.be,Male,United States
298,Eric,Howell,ehowell89@booking.com,Male,Mexico
299,John,Taylor,jtaylor8a@jimdo.com,Male,Canada
300,Matthew,Hansen,mhansen8b@google.de,Male,United States
301,Timothy,Anderson,tanderson8c@multiply.com,Male,United States
302,Annie,Gordon,agordon8d@freewebs.com,Female,Mexico
303,Andrew,Franklin,afranklin8e@devhub.com,Male,Mexico
304,Ruby,Garcia,rgarcia8f@bloglovin.com,Female,Mexico
305,Emily,Jenkins,ejenkins8g@miibeian.gov.cn,Female,United States
306,John,Ortiz,jortiz8h@cnbc.com,Male,Mexico
307,Charles,Walker,cwalker8i@answers.com,Male,Mexico
308,Dorothy,Woods,dwoods8j@technorati.com,Female,United States
309,Gerald,Woods,gwoods8k@cisco.com,Male,Mexico
310,Joshua,Lee,jlee8l@qq.com,Male,Mexico
311,Alice,Lane,alane8m@so-net.ne.jp,Female,Canada
312,Deborah,Dean,ddean8n@de.vu,Female,Mexico
313,Tammy,Coleman,tcoleman8o@cisco.com,Female,United States
314,Jeremy,Diaz,jdiaz8p@tinyurl.com,Male,United States
315,Amanda,Rivera,arivera8q@redcross.org,Female,Mexico
316,Kathy,Sims,ksims8r@columbia.edu,Female,Mexico
317,Willie,Nguyen,wnguyen8s@skyrock.com,Male,United States
318,William,Mendoza,wmendoza8t@nationalgeographic.com,Male,Mexico
319,Sara,Richards,srichards8u@goo.ne.jp,Female,United States
320,Carl,Banks,cbanks8v@google.co.jp,Male,Canada
321,Debra,Murray,dmurray8w@timesonline.co.uk,Female,United States
322,Mark,Lewis,mlewis8x@t.co,Male,Canada
323,Billy,Harris,bharris8y@craigslist.org,Male,United States
324,Doris,Vasquez,dvasquez8z@eventbrite.com,Female,United States
325,Tina,Harrison,tharrison90@businesswire.com,Female,United States
326,Susan,Willis,swillis91@diigo.com,Female,Canada
327,Martha,Richards,mrichards92@indiatimes.com,Female,Canada
328,Diana,Adams,dadams93@privacy.gov.au,Female,Mexico
329,Brenda,Day,bday94@webnode.com,Female,Canada
330,Jesse,Robertson,jrobertson95@msu.edu,Male,Canada
331,Lori,Banks,,Female,Canada
332,Eric,Jones,,Male,United States
333,Bobby,Murray,bmurray98@amazon.co.uk,Male,United States
334,Raymond,Meyer,rmeyer99@webeden.co.uk,Male,Mexico
335,Irene,White,iwhite9a@europa.eu,Female,Canada
336,George,Anderson,ganderson9b@narod.ru,Male,Mexico
337,James,Mason,jmason9c@amazon.com,Male,United States
338,Clarence,Franklin,cfranklin9d@domainmarket.com,Male,Mexico
339,Robin,Lawrence,rlawrence9e@myspace.com,Female,United States
340,Sara,Gonzalez,sgonzalez9f@marriott.com,Female,Canada
341,Tina,Morgan,tmorgan9g@slideshare.net,Female,United States
342,Douglas,Webb,dwebb9h@vinaora.com,Male,United States
343,Evelyn,Jones,ejones9i@huffingtonpost.com,Female,United States
344,Michael,Fields,mfields9j@rediff.com,Male,United States
345,Joshua,Duncan,jduncan9k@quantcast.com,Male,United States
346,Larry,Perkins,lperkins9l@mit.edu,Male,United States
347,Michael,Sims,msims9m@wordpress.com,Male,United States
348,Alan,Bell,abell9n@storify.com,Male,United States
349,Martin,Sullivan,msullivan9o@deliciousdays.com,Male,United States
350,Doris,Duncan,dduncan9p@cloudflare.com,Female,United States
351,Raymond,Stone,rstone9q@people.com.cn,Male,United States
352,Judy,Foster,jfoster9r@whitehouse.gov,Female,Canada
353,Jeremy,Mills,jmills9s@msn.com,Male,Mexico
354,Jean,Wallace,jwallace9t@deliciousdays.com,Female,Canada
355,Daniel,Stephens,dstephens9u@nationalgeographic.com,Male,United States
356,Kathleen,Olson,kolson9v@blogger.com,Female,Mexico
357,Karen,Parker,kparker9w@sbwire.com,Female,Canada
358,Nancy,Tucker,ntucker9x@upenn.edu,Female,United States
359,Lori,Kelly,lkelly9y@cornell.edu,Female,United States
360,Kathleen,Knight,kknight9z@auda.org.au,Female,United States
361,Alan,Gardner,agardnera0@symantec.com,Male,United States
362,Steve,Wheeler,swheelera1@aboutads.info,Male,Mexico
363,Sharon,Ruiz,,Female,Canada
364,Kimberly,Banks,kbanksa3@behance.net,Female,Canada
365,Martin,Coleman,mcolemana4@howstuffworks.com,Male,United States
366,Roger,Long,rlonga5@accuweather.com,Male,United States
367,Raymond,Baker,,Male,United States
368,David,Murray,dmurraya7@redcross.org,Male,Mexico
369,Anthony,Armstrong,aarmstronga8@ning.com,Male,Canada
370,Walter,Jackson,wjacksona9@google.com.au,Male,United States
371,Bonnie,Bowman,bbowmanaa@yellowbook.com,Female,United States
372,Norma,Fowler,nfowlerab@comsenz.com,Female,Mexico
373,Irene,Ellis,iellisac@whitehouse.gov,Female,United States
374,Angela,Mitchell,amitchellad@aol.com,Female,Canada
375,Sara,James,sjamesae@tiny.cc,Female,Mexico
376,Billy,Sanders,bsandersaf@lulu.com,Male,Canada
377,Ryan,Mills,rmillsag@rediff.com,Male,United States
378,Gerald,Welch,gwelchah@soup.io,Male,Mexico
379,Gloria,Johnston,gjohnstonai@businesswire.com,Female,United States
380,Thomas,Campbell,tcampbellaj@jalbum.net,Male,United States
381,Bobby,Boyd,,Male,Mexico
382,Keith,Pierce,kpierceal@cdbaby.com,Male,United States
383,Philip,Richards,prichardsam@networksolutions.com,Male,Mexico
384,Sharon,Hayes,shayesan@google.ru,Female,United States
385,Jimmy,Little,jlittleao@utexas.edu,Male,United States
386,Sharon,Gray,sgrayap@gnu.org,Female,United States
387,Mildred,Miller,mmilleraq@ehow.com,Female,United States
388,Kathy,Stevens,kstevensar@plala.or.jp,Female,United States
389,Nicholas,Clark,nclarkas@cyberchimps.com,Male,Canada
390,Evelyn,Adams,eadamsat@ca.gov,Female,United States
391,Harold,Frazier,hfrazierau@mail.ru,Male,Mexico
392,Robert,Kelley,rkelleyav@cisco.com,Male,United States
393,Louise,Perry,lperryaw@cargocollective.com,Female,Mexico
394,Ann,Reid,,Female,Canada
395,Lori,Foster,lfosteray@earthlink.net,Female,Mexico
396,Janet,Brown,jbrownaz@elpais.com,Female,United States
397,Diana,Hudson,dhudsonb0@google.pl,Female,Mexico
398,Samuel,Hicks,shicksb1@bravesites.com,Male,United States
399,Donald,Ray,drayb2@t-online.de,Male,Mexico
400,Gregory,Rodriguez,grodriguezb3@census.gov,Male,Mexico
401,Pamela,Nichols,pnicholsb4@springer.com,Female,Canada
402,Sean,Meyer,smeyerb5@naver.com,Male,United States
403,Rachel,Morris,rmorrisb6@answers.com,Female,United States
404,Heather,Ford,hfordb7@tinyurl.com,Female,United States
405,Howard,Stone,hstoneb8@hibu.com,Male,Mexico
406,Charles,Murray,cmurrayb9@who.int,Male,United States
407,Annie,Frazier,afrazierba@merriam-webster.com,Female,Canada
408,Rebecca,Ruiz,rruizbb@ehow.com,Female,United States
409,David,Hill,,Male,United States
410,Carlos,Washington,cwashingtonbd@sourceforge.net,Male,Canada
411,Douglas,Carter,dcarterbe@nifty.com,Male,United States
412,Janet,Romero,jromerobf@ebay.co.uk,Female,Canada
413,Christopher,West,cwestbg@discovery.com,Male,Canada
414,Patrick,Roberts,probertsbh@dmoz.org,Male,United States
415,Justin,Fisher,jfisherbi@cbc.ca,Male,United States
416,Jimmy,Gordon,jgordonbj@nifty.com,Male,United States
417,Mark,Robinson,mrobinsonbk@telegraph.co.uk,Male,United States
418,Frances,Dean,fdeanbl@telegraph.co.uk,Female,United States
419,Adam,Lewis,alewisbm@4shared.com,Male,Canada
420,Deborah,Spencer,dspencerbn@gnu.org,Female,United States
421,Brenda,Hughes,bhughesbo@samsung.com,Female,Mexico
422,Jimmy,Armstrong,jarmstrongbp@dell.com,Male,United States
423,Richard,Diaz,rdiazbq@google.nl,Male,United States
424,Gary,Long,glongbr@webmd.com,Male,Canada
425,Jose,Mills,jmillsbs@columbia.edu,Male,United States
426,Patrick,Young,pyoungbt@amazon.co.jp,Male,Mexico
427,Jennifer,Gonzales,jgonzalesbu@about.com,Female,Canada
428,Julie,Gilbert,jgilbertbv@flickr.com,Female,Canada
429,David,Mccoy,dmccoybw@nationalgeographic.com,Male,Mexico
430,Ashley,Lopez,alopezbx@youku.com,Female,United States
431,Amanda,Hughes,ahughesby@forbes.com,Female,United States
432,Shawn,Frazier,sfrazierbz@earthlink.net,Male,United States
433,Christopher,Young,cyoungc0@sina.com.cn,Male,United States
434,Michelle,Ferguson,mfergusonc1@sourceforge.net,Female,Canada
435,Emily,Wells,ewellsc2@mlb.com,Female,Canada
436,Joan,Vasquez,jvasquezc3@prweb.com,Female,Mexico
437,Jonathan,Murphy,jmurphyc4@lycos.com,Male,United States
438,Lillian,Ferguson,lfergusonc5@harvard.edu,Female,Mexico
439,Martin,Fox,mfoxc6@friendfeed.com,Male,United States
440,Anne,Larson,alarsonc7@sakura.ne.jp,Female,United States
441,Melissa,Little,mlittlec8@com.com,Female,Canada
442,Judy,Long,jlongc9@jalbum.net,Female,Canada
443,Heather,Matthews,hmatthewsca@vkontakte.ru,Female,Canada
444,Jerry,Sanders,jsanderscb@boston.com,Male,United States
445,Sandra,Graham,sgrahamcc@liveinternet.ru,Female,United States
446,Diane,Matthews,dmatthewscd@berkeley.edu,Female,United States
447,Phyllis,Howell,phowellce@spotify.com,Female,Canada
448,Judith,Allen,jallencf@com.com,Female,United States
449,Diana,Harris,dharriscg@rakuten.co.jp,Female,United States
450,Keith,Wilson,kwilsonch@hugedomains.com,Male,United States
451,Tammy,Flores,tfloresci@artisteer.com,Female,Canada
452,Dennis,Robertson,drobertsoncj@twitpic.com,Male,United States
453,Russell,George,,Male,United States
454,Alice,Sullivan,asullivancl@businessinsider.com,Female,Mexico
455,Carol,Lopez,clopezcm@istockphoto.com,Female,Mexico
456,Jason,Turner,jturnercn@netvibes.com,Male,Mexico
457,Larry,Willis,lwillisco@bluehost.com,Male,United States
458,Christina,Gonzalez,cgonzalezcp@nydailynews.com,Female,United States
459,Michelle,Cook,mcookcq@nature.com,Female,United States
460,Elizabeth,Greene,,Female,Canada
461,Paula,Armstrong,parmstrongcs@mac.com,Female,Canada
462,Mildred,Gardner,mgardnerct@google.fr,Female,Canada
463,Juan,Dunn,jdunncu@mashable.com,Male,United States
464,Charles,Tucker,ctuckercv@ezinearticles.com,Male,Mexico
465,Jerry,Frazier,,Male,United States
466,Rose,Butler,rbutlercx@multiply.com,Female,Canada
467,Terry,Olson,tolsoncy@ucoz.ru,Male,United States
468,Bobby,Nichols,,Male,Canada
469,Joshua,Perry,,Male,United States
470,Douglas,Torres,dtorresd1@blogspot.com,Male,United States
471,Henry,Cunningham,hcunninghamd2@cnn.com,Male,United States
472,Walter,Nichols,,Male,United States
473,Steve,Greene,sgreened4@xing.com,Male,Canada
474,Stephanie,Johnston,sjohnstond5@yolasite.com,Female,Canada
475,Jimmy,Pierce,jpierced6@php.net,Male,United States
476,Martha,Sullivan,msullivand7@vimeo.com,Female,Mexico
477,Joyce,Richards,jrichardsd8@whitehouse.gov,Female,United States
478,Adam,Jenkins,ajenkinsd9@twitpic.com,Male,Canada
479,Gary,Watson,gwatsonda@yellowbook.com,Male,United States
480,Jeffrey,Oliver,joliverdb@xrea.com,Male,United States
481,Cheryl,Snyder,csnyderdc@ning.com,Female,Canada
482,Cheryl,Riley,crileydd@globo.com,Female,Canada
483,Rebecca,Baker,rbakerde@harvard.edu,Female,United States
484,Rebecca,Lane,rlanedf@wp.com,Female,United States
485,Juan,Payne,jpaynedg@bbc.co.uk,Male,Canada
486,Michael,Mccoy,mmccoydh@webnode.com,Male,Mexico
487,Adam,Gonzales,agonzalesdi@miibeian.gov.cn,Male,Canada
488,Jimmy,Johnson,jjohnsondj@nba.com,Male,Mexico
489,Janet,Day,jdaydk@webeden.co.uk,Female,United States
490,Willie,Williamson,wwilliamsondl@usnews.com,Male,United States
491,Jimmy,Collins,jcollinsdm@blogspot.com,Male,Canada
492,George,Bowman,gbowmandn@i2i.jp,Male,United States
493,Benjamin,Greene,bgreenedo@ox.ac.uk,Male,Canada
494,Sarah,Bishop,sbishopdp@ucla.edu,Female,Mexico
495,Jason,Burke,jburkedq@sitemeter.com,Male,United States
496,Mary,Garrett,,Female,Canada
497,Janet,Garza,jgarzads@google.pl,Female,Canada
498,Evelyn,Cole,ecoledt@opera.com,Female,Mexico
499,Susan,Ruiz,sruizdu@cnbc.com,Female,Mexico
500,Charles,Pierce,cpiercedv@usatoday.com,Male,Canada
501,Katherine,Clark,kclarkdw@epa.gov,Female,United States
502,Jimmy,Dixon,jdixondx@youtu.be,Male,United States
503,Bruce,Sims,,Male,Mexico
504,Frank,Hicks,fhicksdz@wiley.com,Male,United States
505,Rachel,Kennedy,rkennedye0@telegraph.co.uk,Female,Canada
506,Jack,Richards,jrichardse1@elegantthemes.com,Male,United States
507,Lois,Rogers,lrogerse2@artisteer.com,Female,United States
508,Andrew,Nelson,,Male,United States
509,Kathy,Brooks,kbrookse4@mac.com,Female,Canada
510,Irene,Stevens,istevense5@issuu.com,Female,Canada
511,Kenneth,Larson,klarsone6@uiuc.edu,Male,United States
512,Alan,Howell,ahowelle7@dell.com,Male,United States
513,Jose,Jones,jjonese8@sakura.ne.jp,Male,United States
514,Andrew,Ruiz,aruize9@etsy.com,Male,Canada
515,Henry,Rose,,Male,Canada
516,Sharon,Moreno,smorenoeb@livejournal.com,Female,Canada
517,Lisa,Campbell,lcampbellec@ucla.edu,Female,Canada
518,Martha,Palmer,mpalmered@skype.com,Female,United States
519,Bruce,Fernandez,bfernandezee@ted.com,Male,United States
520,Daniel,Hunt,dhuntef@ca.gov,Male,Mexico
521,Carlos,Rogers,crogerseg@twitter.com,Male,United States
522,Johnny,Stanley,jstanleyeh@instagram.com,Male,Canada
523,John,Rice,jriceei@posterous.com,Male,Mexico
524,Barbara,Taylor,btaylorej@privacy.gov.au,Female,United States
525,Debra,Day,ddayek@trellian.com,Female,Canada
526,Kathryn,Welch,kwelchel@rediff.com,Female,Canada
527,Judy,Sanders,jsandersem@google.co.jp,Female,Mexico
528,Heather,Johnston,hjohnstonen@icio.us,Female,United States
529,Christina,Cooper,ccoopereo@cbslocal.com,Female,Canada
530,Marilyn,Fowler,mfowlerep@about.com,Female,Canada
531,Steve,Davis,sdaviseq@arstechnica.com,Male,Mexico
532,Janet,Green,jgreener@home.pl,Female,United States
533,Russell,Harrison,rharrisones@prlog.org,Male,Canada
534,Wanda,White,wwhiteet@hostgator.com,Female,Canada
535,Rachel,Wallace,rwallaceeu@baidu.com,Female,United States
536,Carol,Graham,,Female,United States
537,Jacqueline,Elliott,jelliottew@technorati.com,Female,Mexico
538,Johnny,Ford,jfordex@auda.org.au,Male,United States
539,Timothy,Foster,tfosterey@arstechnica.com,Male,Canada
540,Julie,Russell,jrussellez@washington.edu,Female,Mexico
541,Anna,Hudson,ahudsonf0@unc.edu,Female,Canada
542,George,Kelley,gkelleyf1@1688.com,Male,United States
543,Diana,Anderson,dandersonf2@fda.gov,Female,United States
544,Jerry,Snyder,jsnyderf3@squarespace.com,Male,Mexico
545,Richard,Williams,rwilliamsf4@mozilla.org,Male,Mexico
546,Edward,Fernandez,efernandezf5@opera.com,Male,United States
547,Frank,Morris,fmorrisf6@elpais.com,Male,United States
548,Sandra,Stone,sstonef7@ezinearticles.com,Female,United States
549,Christopher,Long,clongf8@hc360.com,Male,United States
550,Lillian,Burton,lburtonf9@networksolutions.com,Female,Canada
551,Jennifer,Franklin,jfranklinfa@fc2.com,Female,United States
552,James,Simpson,jsimpsonfb@unblog.fr,Male,United States
553,Rose,Young,ryoungfc@fda.gov,Female,United States
554,Carlos,West,cwestfd@un.org,Male,Mexico
555,Harry,Cook,hcookfe@reference.com,Male,United States
556,Sara,Medina,smedinaff@usgs.gov,Female,Mexico
557,Louise,Hamilton,lhamiltonfg@indiatimes.com,Female,Mexico
558,Helen,Bailey,hbaileyfh@phpbb.com,Female,United States
559,Alice,Hansen,ahansenfi@geocities.com,Female,United States
560,Judith,Stewart,jstewartfj@scientificamerican.com,Female,Mexico
561,Christina,Gonzales,cgonzalesfk@cnbc.com,Female,United States
562,Larry,Watson,lwatsonfl@ed.gov,Male,Mexico
563,Teresa,Lewis,tlewisfm@ed.gov,Female,United States
564,Billy,Ellis,bellisfn@is.gd,Male,Mexico
565,Judy,Peters,jpetersfo@timesonline.co.uk,Female,Mexico
566,Walter,Jackson,wjacksonfp@disqus.com,Male,United States
567,Lawrence,Sims,lsimsfq@gizmodo.com,Male,Mexico
568,Craig,Mendoza,cmendozafr@odnoklassniki.ru,Male,United States
569,Louis,Lee,lleefs@odnoklassniki.ru,Male,Canada
570,Albert,Murphy,amurphyft@mapy.cz,Male,Canada
571,Jerry,Fields,jfieldsfu@who.int,Male,Canada
572,Steve,Arnold,sarnoldfv@loc.gov,Male,Canada
573,Carl,Chavez,cchavezfw@wp.com,Male,Canada
574,Ernest,Martin,emartinfx@usda.gov,Male,United States
575,Kenneth,Wilson,kwilsonfy@purevolume.com,Male,Mexico
576,Raymond,Johnston,rjohnstonfz@youtu.be,Male,Canada
577,Nicholas,Welch,nwelchg0@ebay.com,Male,United States
578,Robin,Hunter,rhunterg1@sphinn.com,Female,United States
579,Carolyn,Dean,cdeang2@usgs.gov,Female,Canada
580,Catherine,Washington,cwashingtong3@behance.net,Female,Mexico
581,Arthur,Gardner,agardnerg4@netvibes.com,Male,United States
582,Ralph,Hill,rhillg5@admin.ch,Male,United States
583,Doris,Ross,drossg6@reverbnation.com,Female,United States
584,Johnny,Mcdonald,jmcdonaldg7@themeforest.net,Male,Mexico
585,Aaron,Butler,abutlerg8@hud.gov,Male,Mexico
586,Kathy,Adams,kadamsg9@wsj.com,Female,Mexico
587,Alan,Kelley,akelleyga@cocolog-nifty.com,Male,United States
588,Thomas,Clark,tclarkgb@ucla.edu,Male,Canada
589,Jack,Scott,jscottgc@chron.com,Male,Canada
590,Christine,Cunningham,ccunninghamgd@ucla.edu,Female,United States
591,Norma,Howard,,Female,Canada
592,Deborah,Larson,dlarsongf@comsenz.com,Female,Canada
593,Catherine,Roberts,,Female,Canada
594,Maria,Ramirez,mramirezgh@ucsd.edu,Female,United States
595,Jonathan,Fisher,jfishergi@imageshack.us,Male,Canada
596,Theresa,Hansen,thansengj@delicious.com,Female,United States
597,Jesse,Hicks,jhicksgk@ebay.co.uk,Male,Mexico
598,Ralph,Henry,rhenrygl@jugem.jp,Male,Mexico
599,Nicholas,Hunter,nhuntergm@seesaa.net,Male,United States
600,William,Stanley,wstanleygn@slideshare.net,Male,Mexico
601,Mary,Scott,mscottgo@kickstarter.com,Female,United States
602,Nicole,Howard,nhowardgp@multiply.com,Female,Canada
603,Michelle,Diaz,mdiazgq@latimes.com,Female,Canada
604,Gregory,Rodriguez,grodriguezgr@delicious.com,Male,Canada
605,Brenda,Dean,bdeangs@sciencedirect.com,Female,United States
606,Gerald,Gordon,ggordongt@fc2.com,Male,United States
607,Ashley,Powell,apowellgu@webs.com,Female,United States
608,Ruby,Lopez,rlopezgv@phoca.cz,Female,Mexico
609,Jean,Sims,jsimsgw@ca.gov,Female,Mexico
610,Ruby,Taylor,rtaylorgx@imdb.com,Female,Mexico
611,Janet,Austin,jaustingy@amazon.com,Female,Mexico
612,Martha,Gonzalez,mgonzalezgz@hp.com,Female,United States
613,Alice,Ford,afordh0@lycos.com,Female,United States
614,Andrea,Lane,alaneh1@businessinsider.com,Female,Mexico
615,Joseph,Ruiz,jruizh2@indiatimes.com,Male,Mexico
616,Lori,Fowler,lfowlerh3@blogspot.com,Female,United States
617,Jean,Oliver,joliverh4@naver.com,Female,Mexico
618,Jean,Gilbert,jgilberth5@cocolog-nifty.com,Female,Mexico
619,Joshua,Wright,jwrighth6@scientificamerican.com,Male,United States
620,Edward,Owens,eowensh7@oaic.gov.au,Male,United States
621,Johnny,Burton,jburtonh8@statcounter.com,Male,United States
622,Diane,Cruz,dcruzh9@yahoo.com,Female,Mexico
623,Judith,Robinson,jrobinsonha@plala.or.jp,Female,United States
624,Larry,Little,llittlehb@gravatar.com,Male,Canada
625,Lois,Edwards,ledwardshc@uiuc.edu,Female,United States
626,Martha,Sanchez,msanchezhd@prnewswire.com,Female,United States
627,Michael,Mason,mmasonhe@prnewswire.com,Male,Canada
628,Melissa,Stewart,mstewarthf@imdb.com,Female,Mexico
629,Alan,Miller,amillerhg@is.gd,Male,United States
630,Steven,Campbell,scampbellhh@phoca.cz,Male,United States
631,Christopher,Harris,charrishi@cornell.edu,Male,Canada
632,Samuel,Dunn,sdunnhj@webnode.com,Male,United States
633,Beverly,Kelley,,Female,Mexico
634,Anna,Wallace,awallacehl@cnn.com,Female,Mexico
635,David,Brooks,dbrookshm@japanpost.jp,Male,Mexico
636,Benjamin,Gonzalez,bgonzalezhn@theglobeandmail.com,Male,Canada
637,Henry,Perry,hperryho@pbs.org,Male,Mexico
638,Carol,Moore,cmoorehp@rediff.com,Female,Mexico
639,Todd,Gilbert,tgilberthq@shop-pro.jp,Male,United States
640,Frank,Scott,fscotthr@mozilla.org,Male,Mexico
641,Alan,Kelly,akellyhs@msn.com,Male,Canada
642,Gregory,Mason,gmasonht@state.gov,Male,United States
643,Lisa,Hunter,lhunterhu@purevolume.com,Female,United States
644,Tammy,Reynolds,treynoldshv@cbsnews.com,Female,United States
645,Lisa,Green,lgreenhw@biglobe.ne.jp,Female,Canada
646,Rebecca,Johnston,rjohnstonhx@dell.com,Female,Canada
647,Mary,Meyer,mmeyerhy@washingtonpost.com,Female,Mexico
648,Steven,Jordan,sjordanhz@npr.org,Male,Mexico
649,Kenneth,Snyder,ksnyderi0@bloomberg.com,Male,Canada
650,Cynthia,Lopez,clopezi1@arizona.edu,Female,United States
651,Brian,Black,bblacki2@yellowpages.com,Male,United States
652,Russell,Ramirez,rramirezi3@yelp.com,Male,United States
653,Diana,Burns,dburnsi4@opera.com,Female,United States
654,Janice,Lopez,jlopezi5@unesco.org,Female,United States
655,Dennis,Smith,dsmithi6@ihg.com,Male,United States
656,Sharon,Hart,sharti7@senate.gov,Female,Canada
657,Jacqueline,Reed,jreedi8@microsoft.com,Female,Canada
658,Alice,Cole,acolei9@booking.com,Female,United States
659,Robin,Sanchez,rsanchezia@latimes.com,Female,Canada
660,Janet,Reyes,jreyesib@google.com.br,Female,Mexico
661,Clarence,Ward,cwardic@jimdo.com,Male,United States
662,Brenda,Boyd,bboydid@ehow.com,Female,United States
663,Louise,Russell,lrussellie@sphinn.com,Female,Canada
664,Steve,Welch,swelchif@admin.ch,Male,Mexico
665,Craig,Harper,charperig@usgs.gov,Male,Mexico
666,Louis,Wheeler,lwheelerih@privacy.gov.au,Male,Canada
667,Fred,Berry,fberryii@com.com,Male,United States
668,Jeffrey,Black,jblackij@disqus.com,Male,Mexico
669,Jacqueline,Dixon,jdixonik@dedecms.com,Female,United States
670,Jerry,Tucker,jtuckeril@foxnews.com,Male,United States
671,Catherine,Armstrong,carmstrongim@ucoz.com,Female,United States
672,Julie,Smith,jsmithin@bigcartel.com,Female,United States
673,Ashley,Holmes,aholmesio@sciencedaily.com,Female,United States
674,Walter,Morales,wmoralesip@xrea.com,Male,United States
675,Billy,Richards,brichardsiq@nifty.com,Male,Mexico
676,Ralph,White,rwhiteir@theatlantic.com,Male,Mexico
677,Robert,Fields,rfieldsis@oakley.com,Male,Mexico
678,Christine,Garrett,cgarrettit@unblog.fr,Female,Mexico
679,Robin,Stanley,rstanleyiu@sina.com.cn,Female,Mexico
680,Donna,Robertson,drobertsoniv@foxnews.com,Female,Mexico
681,Jennifer,Elliott,jelliottiw@twitter.com,Female,Canada
682,Harold,Bryant,hbryantix@tripadvisor.com,Male,United States
683,Walter,Smith,wsmithiy@sogou.com,Male,United States
684,Katherine,Ryan,kryaniz@si.edu,Female,Canada
685,Amanda,Johnston,ajohnstonj0@amazon.de,Female,Canada
686,Andrew,Clark,aclarkj1@clickbank.net,Male,Mexico
687,Ernest,Robertson,erobertsonj2@imgur.com,Male,Mexico
688,Terry,Willis,twillisj3@trellian.com,Male,United States
689,Carolyn,Holmes,cholmesj4@purevolume.com,Female,Mexico
690,Benjamin,Cooper,bcooperj5@google.de,Male,Canada
691,John,Ortiz,jortizj6@drupal.org,Male,Canada
692,Lois,Thomas,lthomasj7@craigslist.org,Female,Canada
693,Mary,Mccoy,mmccoyj8@last.fm,Female,United States
694,Phyllis,Peterson,ppetersonj9@nature.com,Female,United States
695,Catherine,Rice,criceja@ow.ly,Female,United States
696,Ernest,Burke,eburkejb@ovh.net,Male,United States
697,Walter,Mitchell,wmitchelljc@i2i.jp,Male,Mexico
698,James,Matthews,jmatthewsjd@themeforest.net,Male,Canada
699,Catherine,Jones,cjonesje@blinklist.com,Female,Canada
700,Kenneth,Stanley,kstanleyjf@businesswire.com,Male,Canada
701,Sara,Green,sgreenjg@nba.com,Female,Mexico
702,Eugene,Perez,eperezjh@cafepress.com,Male,United States
703,Dennis,Ramirez,dramirezji@google.es,Male,United States
704,Mary,Arnold,marnoldjj@usa.gov,Female,United States
705,Martha,Alexander,malexanderjk@people.com.cn,Female,Canada
706,Terry,Knight,tknightjl@un.org,Male,Canada
707,Katherine,White,kwhitejm@marketwatch.com,Female,United States
708,Robin,Kennedy,rkennedyjn@booking.com,Female,Canada
709,Christine,Dixon,cdixonjo@wordpress.org,Female,United States
710,Joyce,Cooper,jcooperjp@ustream.tv,Female,Mexico
711,Joseph,Wilson,jwilsonjq@hibu.com,Male,Mexico
712,Roy,Hanson,rhansonjr@bandcamp.com,Male,Mexico
713,Joshua,Gutierrez,jgutierrezjs@squarespace.com,Male,Canada
714,Stephen,Mendoza,smendozajt@princeton.edu,Male,United States
715,Amy,Ortiz,aortizju@instagram.com,Female,United States
716,Gregory,Wallace,gwallacejv@ocn.ne.jp,Male,Canada
717,Anne,Howell,ahowelljw@soup.io,Female,United States
718,Rose,Bailey,rbaileyjx@networkadvertising.org,Female,United States
719,Rose,Welch,rwelchjy@oakley.com,Female,United States
720,Carlos,Stevens,cstevensjz@cpanel.net,Male,United States
721,Roger,Anderson,randersonk0@devhub.com,Male,Canada
722,Terry,Evans,tevansk1@vk.com,Male,United States
723,Joe,Reynolds,jreynoldsk2@elpais.com,Male,United States
724,Daniel,Carpenter,dcarpenterk3@cmu.edu,Male,Canada
725,Earl,Reynolds,ereynoldsk4@miitbeian.gov.cn,Male,Canada
726,Daniel,Rogers,drogersk5@mlb.com,Male,United States
727,Edward,Ray,erayk6@arstechnica.com,Male,United States
728,Timothy,Cook,tcookk7@rediff.com,Male,United States
729,Roy,Warren,rwarrenk8@i2i.jp,Male,Canada
730,Joseph,Garza,jgarzak9@theglobeandmail.com,Male,Canada
731,Juan,Fisher,jfisherka@aol.com,Male,United States
732,Benjamin,Hawkins,bhawkinskb@wikispaces.com,Male,United States
733,Martin,Rodriguez,mrodriguezkc@a8.net,Male,United States
734,Amanda,Bryant,abryantkd@amazon.de,Female,Mexico
735,Kevin,Morales,kmoraleske@marketwatch.com,Male,United States
736,Jane,Henry,jhenrykf@cloudflare.com,Female,Mexico
737,James,Montgomery,jmontgomerykg@omniture.com,Male,United States
738,Anne,Cooper,acooperkh@geocities.jp,Female,Mexico
739,Cynthia,Alexander,calexanderki@amazon.de,Female,United States
740,Jennifer,Mccoy,jmccoykj@springer.com,Female,United States
741,Peter,Howard,,Male,United States
742,Tammy,Garrett,tgarrettkl@usa.gov,Female,Canada
743,James,Gibson,jgibsonkm@instagram.com,Male,Canada
744,Paula,Morales,pmoraleskn@earthlink.net,Female,United States
745,Betty,Frazier,bfrazierko@utexas.edu,Female,United States
746,Debra,Robinson,drobinsonkp@ehow.com,Female,Mexico
747,Jason,Porter,,Male,Canada
748,Roger,Vasquez,rvasquezkr@creativecommons.org,Male,Mexico
749,David,King,dkingks@bravesites.com,Male,Canada
750,Joshua,Murphy,,Male,Canada
751,Aaron,Johnson,ajohnsonku@lycos.com,Male,Canada
752,Jason,Gilbert,jgilbertkv@ow.ly,Male,United States
753,Aaron,Stewart,astewartkw@statcounter.com,Male,Mexico
754,Martha,Black,mblackkx@reference.com,Female,United States
755,Carl,Howard,chowardky@cnn.com,Male,Mexico
756,Carl,Bryant,cbryantkz@utexas.edu,Male,Canada
757,Gerald,Stone,gstonel0@house.gov,Male,United States
758,Laura,Alexander,lalexanderl1@theatlantic.com,Female,Mexico
759,Joan,Watson,jwatsonl2@tripadvisor.com,Female,United States
760,Anna,Hamilton,ahamiltonl3@google.co.jp,Female,United States
761,Susan,Nichols,snicholsl4@xing.com,Female,Canada
762,Linda,Simpson,lsimpsonl5@barnesandnoble.com,Female,Mexico
763,Ralph,Baker,,Male,United States
764,Beverly,Garza,bgarzal7@cbc.ca,Female,Canada
765,Peter,Berry,,Male,Mexico
766,Tina,Tucker,ttuckerl9@histats.com,Female,United States
767,Cynthia,Griffin,cgriffinla@samsung.com,Female,Canada
768,Lois,Castillo,lcastillolb@livejournal.com,Female,Canada
769,Lawrence,Murray,lmurraylc@foxnews.com,Male,Canada
770,Norma,Matthews,nmatthewsld@icq.com,Female,Mexico
771,Ralph,Hughes,rhughesle@hhs.gov,Male,Canada
772,Nancy,Perez,nperezlf@chicagotribune.com,Female,Canada
773,Kathryn,Kennedy,kkennedylg@unblog.fr,Female,United States
774,Patricia,Burton,pburtonlh@cargocollective.com,Female,Canada
775,Sandra,Webb,swebbli@constantcontact.com,Female,Canada
776,Amy,Mills,,Female,United States
777,Maria,Flores,mfloreslk@indiegogo.com,Female,Canada
778,Brandon,Carr,bcarrll@youtube.com,Male,United States
779,Larry,Lane,llanelm@themeforest.net,Male,United States
780,Diane,Myers,dmyersln@dion.ne.jp,Female,Mexico
781,Jesse,Harrison,jharrisonlo@fda.gov,Male,United States
782,Laura,Woods,lwoodslp@cbslocal.com,Female,United States
783,Clarence,Daniels,,Male,Canada
784,Emily,Richards,,Female,Mexico
785,Steven,Roberts,srobertsls@ft.com,Male,United States
786,Joseph,Ford,jfordlt@ycombinator.com,Male,United States
787,Roger,Gray,rgraylu@com.com,Male,Mexico
788,Jeffrey,Hudson,jhudsonlv@kickstarter.com,Male,United States
789,Richard,Marshall,,Male,United States
790,Richard,Hill,,Male,United States
791,Janet,Young,jyoungly@marriott.com,Female,Mexico
792,Joe,George,jgeorgelz@facebook.com,Male,Mexico
793,Philip,Johnson,pjohnsonm0@wikipedia.org,Male,Canada
794,Karen,West,kwestm1@dell.com,Female,United States
795,Russell,Hanson,rhansonm2@tripod.com,Male,Mexico
796,Donald,Rivera,driveram3@joomla.org,Male,Canada
797,Diane,Young,dyoungm4@zdnet.com,Female,Mexico
798,Adam,Hernandez,ahernandezm5@toplist.cz,Male,Mexico
799,Sharon,Rivera,sriveram6@cocolog-nifty.com,Female,United States
800,Michelle,Gordon,mgordonm7@cbslocal.com,Female,Canada
801,Gerald,Bryant,gbryantm8@typepad.com,Male,Mexico
802,Kathy,Mcdonald,kmcdonaldm9@biblegateway.com,Female,Canada
803,Julia,Warren,jwarrenma@ihg.com,Female,United States
804,Judith,Wallace,jwallacemb@multiply.com,Female,United States
805,Julie,Foster,jfostermc@jiathis.com,Female,United States
806,Annie,Lee,aleemd@hc360.com,Female,Canada
807,Maria,Carr,mcarrme@illinois.edu,Female,Canada
808,Frank,Lewis,flewismf@google.ru,Male,Canada
809,Katherine,Crawford,kcrawfordmg@linkedin.com,Female,Canada
810,Denise,Foster,dfostermh@paypal.com,Female,Canada
811,Mildred,Williamson,mwilliamsonmi@nytimes.com,Female,Canada
812,Janet,Perez,jperezmj@dion.ne.jp,Female,United States
813,Nancy,Howard,nhowardmk@typepad.com,Female,Canada
814,Jennifer,Schmidt,jschmidtml@time.com,Female,United States
815,Dorothy,Garrett,dgarrettmm@yahoo.co.jp,Female,Mexico
816,Stephen,Cole,scolemn@wired.com,Male,United States
817,Deborah,Morris,dmorrismo@europa.eu,Female,Mexico
818,Charles,Lawrence,clawrencemp@etsy.com,Male,United States
819,Rose,Reid,rreidmq@lulu.com,Female,United States
820,Jonathan,Jordan,jjordanmr@jugem.jp,Male,United States
821,Robert,Henderson,rhendersonms@squidoo.com,Male,United States
822,Phyllis,Hicks,phicksmt@sfgate.com,Female,United States
823,Walter,Burke,wburkemu@archive.org,Male,United States
824,Russell,Flores,rfloresmv@stanford.edu,Male,United States
825,Marie,Garrett,mgarrettmw@1688.com,Female,Mexico
826,Jason,Mcdonald,jmcdonaldmx@cnbc.com,Male,Mexico
827,Harold,Robinson,hrobinsonmy@a8.net,Male,United States
828,Linda,Mcdonald,lmcdonaldmz@msu.edu,Female,Mexico
829,Phillip,Torres,ptorresn0@squarespace.com,Male,Canada
830,Kimberly,Banks,kbanksn1@businesswire.com,Female,Mexico
831,Martha,Dunn,,Female,Canada
832,Willie,Simpson,wsimpsonn3@skype.com,Male,Canada
833,Daniel,Payne,dpaynen4@moonfruit.com,Male,Mexico
834,Roy,Foster,rfostern5@vinaora.com,Male,United States
835,Russell,Stevens,rstevensn6@histats.com,Male,United States
836,Linda,Nichols,lnicholsn7@uol.com.br,Female,Mexico
837,Ruth,Lane,rlanen8@gmpg.org,Female,United States
838,Mark,Murray,mmurrayn9@businesswire.com,Male,Mexico
839,Ruby,Franklin,rfranklinna@comsenz.com,Female,United States
840,Willie,Holmes,wholmesnb@webmd.com,Male,United States
841,Cynthia,Gutierrez,cgutierreznc@geocities.jp,Female,United States
842,Janet,Weaver,jweavernd@diigo.com,Female,Mexico
843,Jonathan,Welch,jwelchne@smugmug.com,Male,Canada
844,Ralph,Burke,rburkenf@wikispaces.com,Male,United States
845,Jesse,Welch,jwelchng@hao123.com,Male,United States
846,Robert,Ryan,rryannh@jimdo.com,Male,United States
847,Daniel,Green,dgreenni@ted.com,Male,United States
848,Ann,Kelley,akelleynj@sbwire.com,Female,Canada
849,Julia,Clark,jclarknk@behance.net,Female,Canada
850,David,Parker,dparkernl@deviantart.com,Male,Mexico
851,Kathleen,Parker,kparkernm@squarespace.com,Female,Canada
852,Katherine,Stephens,kstephensnn@shinystat.com,Female,United States
853,Roy,Clark,rclarkno@apple.com,Male,United States
854,Raymond,Oliver,rolivernp@linkedin.com,Male,United States
855,Sean,Lee,sleenq@mapquest.com,Male,United States
856,Julia,Moore,jmoorenr@cnet.com,Female,Canada
857,Virginia,Freeman,vfreemanns@livejournal.com,Female,United States
858,Lori,Sullivan,lsullivannt@shinystat.com,Female,Canada
859,Sandra,Mills,,Female,Canada
860,Louis,Allen,lallennv@hc360.com,Male,Canada
861,Randy,Alvarez,ralvareznw@narod.ru,Male,United States
862,Larry,Wood,,Male,Canada
863,Ruth,Jacobs,rjacobsny@pcworld.com,Female,United States
864,Ronald,Burns,rburnsnz@nsw.gov.au,Male,United States
865,Mary,Anderson,mandersono0@google.ca,Female,Mexico
866,Carlos,Peterson,cpetersono1@prnewswire.com,Male,United States
867,Gloria,Burns,gburnso2@trellian.com,Female,Canada
868,Ruby,Arnold,,Female,United States
869,Harold,Payne,hpayneo4@sakura.ne.jp,Male,Canada
870,Lawrence,Mitchell,lmitchello5@trellian.com,Male,Mexico
871,Scott,Fowler,sfowlero6@dion.ne.jp,Male,United States
872,Kathy,Rose,kroseo7@senate.gov,Female,Canada
873,Amy,Alvarez,aalvarezo8@meetup.com,Female,United States
874,Marie,Wheeler,,Female,Mexico
875,Tina,Hunter,thunteroa@multiply.com,Female,United States
876,Aaron,Cole,acoleob@nasa.gov,Male,United States
877,Joan,Murphy,jmurphyoc@sitemeter.com,Female,Canada
878,Harry,Olson,holsonod@bandcamp.com,Male,United States
879,Louise,Frazier,lfrazieroe@usa.gov,Female,Mexico
880,Johnny,Shaw,jshawof@a8.net,Male,United States
881,Anna,Ferguson,afergusonog@businessweek.com,Female,United States
882,Jimmy,Sanchez,jsanchezoh@istockphoto.com,Male,Canada
883,Johnny,Henderson,jhendersonoi@hexun.com,Male,United States
884,Louis,Murphy,lmurphyoj@artisteer.com,Male,United States
885,Anne,Dixon,adixonok@ft.com,Female,Canada
886,Christopher,Mcdonald,cmcdonaldol@hc360.com,Male,United States
887,Dennis,Greene,dgreeneom@tuttocitta.it,Male,United States
888,Antonio,Shaw,ashawon@diigo.com,Male,United States
889,Ralph,Thompson,rthompsonoo@nytimes.com,Male,United States
890,Marie,Wood,mwoodop@who.int,Female,Canada
891,Scott,Romero,sromerooq@friendfeed.com,Male,Canada
892,Frank,Roberts,frobertsor@sina.com.cn,Male,United States
893,Cynthia,Lawson,clawsonos@symantec.com,Female,United States
894,Julia,Carroll,jcarrollot@buzzfeed.com,Female,Canada
895,George,Flores,gfloresou@virginia.edu,Male,Canada
896,Willie,Frazier,wfrazierov@comcast.net,Male,Mexico
897,Clarence,Fuller,cfullerow@etsy.com,Male,United States
898,Phyllis,Reid,preidox@etsy.com,Female,United States
899,Andrea,Stanley,astanleyoy@vimeo.com,Female,United States
900,Eric,Jordan,ejordanoz@illinois.edu,Male,United States
901,Judith,Murphy,jmurphyp0@behance.net,Female,United States
902,William,Harper,wharperp1@sphinn.com,Male,United States
903,Tammy,Gonzalez,tgonzalezp2@sogou.com,Female,Canada
904,Cheryl,Castillo,ccastillop3@theglobeandmail.com,Female,Mexico
905,Tammy,Russell,trussellp4@tuttocitta.it,Female,Canada
906,Chris,Bishop,cbishopp5@flickr.com,Male,United States
907,Victor,Sanders,vsandersp6@dailymail.co.uk,Male,Mexico
908,Roger,Lawson,rlawsonp7@bluehost.com,Male,United States
909,Stephen,Hunt,shuntp8@vkontakte.ru,Male,Canada
910,Paula,Oliver,poliverp9@marriott.com,Female,Canada
911,Joyce,Ellis,jellispa@accuweather.com,Female,United States
912,Kimberly,Johnston,kjohnstonpb@ask.com,Female,Canada
913,Peter,Snyder,psnyderpc@edublogs.org,Male,United States
914,Gloria,Graham,ggrahampd@hatena.ne.jp,Female,United States
915,Charles,Adams,cadamspe@jigsy.com,Male,United States
916,Joseph,Fuller,jfullerpf@over-blog.com,Male,Mexico
917,Brandon,Torres,btorrespg@intel.com,Male,United States
918,Antonio,Larson,alarsonph@businessweek.com,Male,Mexico
919,Marilyn,Wagner,mwagnerpi@wiley.com,Female,United States
920,Beverly,Berry,bberrypj@amazon.de,Female,United States
921,Ruth,Knight,rknightpk@chicagotribune.com,Female,Canada
922,Alan,Gonzalez,agonzalezpl@smh.com.au,Male,Mexico
923,Martin,Fernandez,mfernandezpm@discovery.com,Male,United States
924,Kathleen,Fisher,kfisherpn@studiopress.com,Female,Canada
925,Louis,Moore,lmoorepo@skype.com,Male,Mexico
926,Douglas,Woods,dwoodspp@cmu.edu,Male,Mexico
927,Jonathan,Lynch,jlynchpq@clickbank.net,Male,Mexico
928,Alan,Boyd,aboydpr@123-reg.co.uk,Male,Canada
929,Emily,Tucker,,Female,Canada
930,Brandon,Hanson,bhansonpt@i2i.jp,Male,Canada
931,Nancy,Reid,nreidpu@ucoz.ru,Female,United States
932,Philip,Fowler,pfowlerpv@ow.ly,Male,Canada
933,Deborah,Garcia,dgarciapw@infoseek.co.jp,Female,Canada
934,Edward,Porter,eporterpx@live.com,Male,United States
935,Sara,Franklin,sfranklinpy@forbes.com,Female,Canada
936,Brandon,Bishop,bbishoppz@jigsy.com,Male,Mexico
937,Kevin,Ramirez,kramirezq0@chron.com,Male,United States
938,Paula,Adams,padamsq1@cbslocal.com,Female,United States
939,Sarah,Anderson,sandersonq2@fda.gov,Female,United States
940,Elizabeth,Adams,,Female,Canada
941,Pamela,Ross,prossq4@surveymonkey.com,Female,Mexico
942,Judy,Parker,jparkerq5@mapy.cz,Female,Mexico
943,Douglas,Perkins,dperkinsq6@answers.com,Male,United States
944,Melissa,Carroll,mcarrollq7@opensource.org,Female,United States
945,Kelly,Hunt,khuntq8@diigo.com,Female,United States
946,Alan,Allen,aallenq9@discovery.com,Male,Mexico
947,Bobby,Morales,bmoralesqa@histats.com,Male,United States
948,Rebecca,Perry,rperryqb@booking.com,Female,United States
949,Linda,Hamilton,,Female,United States
950,Joseph,Jones,jjonesqd@quantcast.com,Male,Canada
951,Beverly,Watkins,bwatkinsqe@tuttocitta.it,Female,Mexico
952,Jose,Bryant,,Male,United States
953,Melissa,Hayes,mhayesqg@google.ru,Female,United States
954,Christina,Pierce,cpierceqh@myspace.com,Female,United States
955,Denise,Brooks,dbrooksqi@economist.com,Female,Mexico
956,Lawrence,Burke,lburkeqj@cpanel.net,Male,Canada
957,Alice,Duncan,aduncanqk@last.fm,Female,United States
958,Jack,Watson,jwatsonql@bizjournals.com,Male,Mexico
959,Phyllis,Hart,phartqm@topsy.com,Female,United States
960,Jack,Chavez,jchavezqn@toplist.cz,Male,Mexico
961,Gerald,Cox,gcoxqo@prweb.com,Male,United States
962,Carol,Howell,chowellqp@nyu.edu,Female,United States
963,Phillip,Harris,pharrisqq@bloglines.com,Male,United States
964,Michelle,Nichols,mnicholsqr@51.la,Female,United States
965,Brenda,Webb,bwebbqs@addtoany.com,Female,United States
966,Clarence,Porter,cporterqt@hp.com,Male,Mexico
967,Tina,Rose,trosequ@bbc.co.uk,Female,Mexico
968,Bobby,Perez,bperezqv@hostgator.com,Male,Canada
969,Paul,White,pwhiteqw@admin.ch,Male,United States
970,Jennifer,Larson,jlarsonqx@nbcnews.com,Female,Canada
971,Sarah,Harper,sharperqy@freewebs.com,Female,United States
972,Harry,Wells,hwellsqz@marriott.com,Male,United States
973,Martha,Elliott,melliottr0@nytimes.com,Female,Canada
974,Tammy,Howard,thowardr1@nyu.edu,Female,United States
975,George,Welch,gwelchr2@home.pl,Male,United States
976,Samuel,Morgan,smorganr3@nifty.com,Male,United States
977,Jennifer,Long,jlongr4@edublogs.org,Female,United States
978,Phillip,Porter,pporterr5@skyrock.com,Male,Canada
979,Lawrence,Reynolds,lreynoldsr6@rambler.ru,Male,Canada
980,Shawn,Mcdonald,smcdonaldr7@fc2.com,Male,United States
981,Judith,Gonzalez,jgonzalezr8@soundcloud.com,Female,United States
982,Christine,Gibson,cgibsonr9@blinklist.com,Female,United States
983,Louis,Bryant,lbryantra@amazon.de,Male,United States
984,Theresa,Henderson,thendersonrb@sourceforge.net,Female,United States
985,Paul,Young,pyoungrc@icio.us,Male,Mexico
986,Stephen,Cunningham,scunninghamrd@google.fr,Male,United States
987,Jason,Mills,jmillsre@wordpress.com,Male,United States
988,Louis,Nguyen,,Male,Mexico
989,Betty,Mills,bmillsrg@w3.org,Female,Canada
990,Mark,Thomas,mthomasrh@paypal.com,Male,Mexico
991,Robert,Knight,rknightri@time.com,Male,United States
992,Louis,Ruiz,lruizrj@bigcartel.com,Male,Canada
993,Timothy,Bradley,tbradleyrk@bbb.org,Male,Mexico
994,Julia,Andrews,jandrewsrl@nationalgeographic.com,Female,Canada
995,Virginia,Tucker,vtuckerrm@mozilla.org,Female,United States
996,Christopher,Grant,cgrantrn@mysql.com,Male,United States
997,Jacqueline,Miller,jmillerro@wikipedia.org,Female,Canada
998,Louis,Perkins,lperkinsrp@wikispaces.com,Male,United States
999,Beverly,Cox,bcoxrq@toplist.cz,Female,Mexico
1000,Laura,Frazier,lfrazierrr@sitemeter.com,Female,United States
