id,first_name,last_name,email,gender,country
1,Carlos,Montgomery,cmontgomery0@state.gov,Male,United States
2,Carol,Nelson,cnelson1@webnode.com,Female,United States
3,Steve,Baker,sbaker2@umn.edu,Male,Canada
4,Janice,Weaver,jweaver3@artisteer.com,Female,Mexico
5,Benjamin,Mills,bmills4@army.mil,Male,Mexico
6,Margaret,Mitchell,mmitchell5@hatena.ne.jp,Female,Canada
7,Gerald,Hill,ghill6@admin.ch,Male,Canada
8,Ronald,Ray,rray7@wordpress.org,Male,Mexico
9,Scott,Pierce,spierce8@bloglovin.com,Male,Mexico
10,Judy,Sims,jsims9@oaic.gov.au,Female,Canada
11,Paul,Armstrong,parmstronga@is.gd,Male,Canada
12,Katherine,Carr,kcarrb@reverbnation.com,Female,United States
13,Virginia,Morrison,vmorrisonc@ucsd.edu,Female,Mexico
14,Susan,Porter,sporterd@drupal.org,Female,Canada
15,Gerald,Carr,gcarre@list-manage.com,Male,Canada
16,William,Hayes,whayesf@va.gov,Male,United States
17,Joshua,Wells,jwellsg@latimes.com,Male,United States
18,Shawn,Sullivan,ssullivanh@cnet.com,Male,Mexico
19,Adam,Weaver,aweaveri@yelp.com,Male,Mexico
20,Lois,Roberts,lrobertsj@ycombinator.com,Female,Mexico
21,Rachel,Gomez,rgomezk@ebay.co.uk,Female,United States
22,Edward,Ruiz,eruizl@gmpg.org,Male,United States
23,Ronald,Gomez,rgomezm@eepurl.com,Male,United States
24,Jonathan,Bowman,jbowmann@etsy.com,Male,United States
25,Martin,Hill,mhillo@free.fr,Male,Canada
26,Charles,Hunter,chunterp@dailymotion.com,Male,Canada
27,Kevin,Fox,kfoxq@behance.net,Male,United States
28,Benjamin,Myers,bmyersr@yellowpages.com,Male,United States
29,Donna,Mitchell,dmitchells@irs.gov,Female,Mexico
30,Norma,Hunter,nhuntert@is.gd,Female,United States
31,Jerry,Perry,jperryu@nationalgeographic.com,Male,Mexico
32,Martin,Duncan,mduncanv@pinterest.com,Male,Mexico
33,Jose,Flores,jfloresw@shop-pro.jp,Male,Canada
34,Dennis,Payne,dpaynex@angelfire.com,Male,United States
35,Steve,Snyder,ssnydery@moonfruit.com,Male,United States
36,Amanda,Hayes,ahayesz@exblog.jp,Female,Mexico
37,Sandra,Lynch,slynch10@blogger.com,Female,Canada
38,Wanda,Lawson,wlawson11@e-recht24.de,Female,Canada
39,Justin,Richardson,jrichardson12@princeton.edu,Male,Mexico
40,Shirley,Bell,sbell13@scribd.com,Female,United States
41,Ralph,Fox,rfox14@lulu.com,Male,United States
42,Joan,Carter,jcarter15@photobucket.com,Female,Mexico
43,Helen,Hansen,hhansen16@amazon.co.jp,Female,United States
44,Ronald,Shaw,rshaw17@drupal.org,Male,Mexico
45,Katherine,Garza,kgarza18@businesswire.com,Female,United States
46,Karen,Watkins,kwatkins19@weather.com,Female,Canada
47,George,Watson,gwatson1a@t.co,Male,United States
48,Juan,Walker,jwalker1b@illinois.edu,Male,Canada
49,Edward,Meyer,emeyer1c@facebook.com,Male,United States
50,Heather,Hayes,hhayes1d@whitehouse.gov,Female,Canada
51,Douglas,Carpenter,dcarpenter1e@nhs.uk,Male,Canada
52,Carol,Bowman,cbowman1f@state.tx.us,Female,United States
53,Cynthia,Morris,cmorris1g@networksolutions.com,Female,United States
54,Rachel,Weaver,rweaver1h@blinklist.com,Female,United States
55,Bobby,Peters,bpeters1i@omniture.com,Male,Canada
56,Diane,Ward,dward1j@addtoany.com,Female,United States
57,Annie,Watson,awatson1k@tripadvisor.com,Female,United States
58,Emily,Phillips,ephillips1l@imageshack.us,Female,Mexico
59,Janice,Fowler,jfowler1m@ucoz.com,Female,Canada
60,Stephen,Ford,sford1n@weebly.com,Male,Canada
61,Nancy,Hanson,nhanson1o@examiner.com,Female,Mexico
62,Billy,Robinson,brobinson1p@sogou.com,Male,United States
63,Margaret,Carroll,mcarroll1q@ow.ly,Female,United States
64,Bonnie,Wallace,,Female,Mexico
65,Russell,Rodriguez,rrodriguez1s@businessinsider.com,Male,Canada
66,Steve,Clark,sclark1t@marketwatch.com,Male,United States
67,Victor,Spencer,vspencer1u@dmoz.org,Male,United States
68,Chris,Young,cyoung1v@chronoengine.com,Male,Canada
69,Ann,Collins,acollins1w@pinterest.com,Female,Mexico
70,Dorothy,Stone,dstone1x@ask.com,Female,Mexico
71,Evelyn,Mccoy,emccoy1y@japanpost.jp,Female,Canada
72,Scott,Willis,swillis1z@discovery.com,Male,United States
73,Martha,Martinez,mmartinez20@constantcontact.com,Female,Canada
74,Johnny,Wallace,jwallace21@wisc.edu,Male,Mexico
75,Theresa,Gilbert,tgilbert22@eventbrite.com,Female,United States
76,Julie,Spencer,jspencer23@ifeng.com,Female,United States
77,Clarence,Reynolds,creynolds24@fema.gov,Male,United States
78,Timothy,Long,tlong25@furl.net,Male,Canada
79,Todd,Harrison,tharrison26@archive.org,Male,United States
80,Anna,Kim,akim27@tuttocitta.it,Female,Canada
81,Justin,Perez,jperez28@soup.io,Male,Mexico
82,Virginia,Lawrence,vlawrence29@vinaora.com,Female,Canada
83,Earl,Rogers,erogers2a@vinaora.com,Male,United States
84,Steve,Powell,spowell2b@alibaba.com,Male,United States
85,Kimberly,Ellis,kellis2c@reuters.com,Female,United States
86,Arthur,White,awhite2d@nba.com,Male,United States
87,Michael,Evans,mevans2e@ucoz.com,Male,Canada
88,Tina,Williamson,twilliamson2f@ifeng.com,Female,Canada
89,Shawn,Warren,swarren2g@house.gov,Male,United States
90,Diane,Campbell,dcampbell2h@themeforest.net,Female,United States
91,Douglas,Bryant,dbryant2i@abc.net.au,Male,Canada
92,Rose,Morris,rmorris2j@comsenz.com,Female,Canada
93,Bobby,Wright,bwright2k@jimdo.com,Male,United States
94,Joshua,Weaver,jweaver2l@house.gov,Male,Canada
95,Angela,Elliott,aelliott2m@businessinsider.com,Female,Canada
96,Jerry,Reyes,jreyes2n@yolasite.com,Male,Mexico
97,Sarah,Robinson,srobinson2o@unc.edu,Female,United States
98,Virginia,Cunningham,vcunningham2p@washingtonpost.com,Female,United States
99,Jerry,Robinson,jrobinson2q@mtv.com,Male,Canada
100,Judy,Austin,jaustin2r@ucoz.com,Female,United States
101,Richard,Payne,rpayne2s@ca.gov,Male,Mexico
102,Karen,Hunt,khunt2t@disqus.com,Female,United States
103,Heather,Barnes,hbarnes2u@biblegateway.com,Female,Canada
104,Brian,Green,bgreen2v@youtube.com,Male,Mexico
105,Louise,Meyer,lmeyer2w@livejournal.com,Female,Canada
106,Linda,Stephens,lstephens2x@wp.com,Female,Mexico
107,Tammy,Thompson,tthompson2y@census.gov,Female,Mexico
108,Terry,Gomez,tgomez2z@hud.gov,Male,Canada
109,Shirley,West,swest30@feedburner.com,Female,Canada
110,Susan,Elliott,selliott31@tuttocitta.it,Female,United States
111,Christopher,Howell,chowell32@berkeley.edu,Male,Mexico
112,Sharon,Taylor,staylor33@cargocollective.com,Female,Mexico
113,Julie,Brown,jbrown34@apple.com,Female,Canada
114,Julia,Fuller,jfuller35@w3.org,Female,Canada
115,Clarence,Bennett,cbennett36@surveymonkey.com,Male,United States
116,Roy,Lawson,rlawson37@mediafire.com,Male,Mexico
117,Janet,Ross,jross38@facebook.com,Female,Canada
118,Joshua,Fernandez,jfernandez39@yandex.ru,Male,United States
119,Helen,Carr,hcarr3a@unesco.org,Female,United States
120,Frances,Harrison,fharrison3b@deliciousdays.com,Female,Mexico
121,Wanda,Alvarez,walvarez3c@netlog.com,Female,United States
122,David,Shaw,dshaw3d@youtube.com,Male,Canada
123,Sharon,Romero,sromero3e@csmonitor.com,Female,United States
124,Willie,Ortiz,wortiz3f@huffingtonpost.com,Male,United States
125,Elizabeth,Ramos,eramos3g@dailymail.co.uk,Female,Mexico
126,Sharon,Black,sblack3h@narod.ru,Female,United States
127,Kelly,Cruz,kcruz3i@baidu.com,Female,Canada
128,Anna,Carr,acarr3j@livejournal.com,Female,Mexico
129,Todd,Brown,tbrown3k@ow.ly,Male,United States
130,Ralph,Nguyen,rnguyen3l@ovh.net,Male,United States
131,Mildred,Snyder,,Female,United States
132,Carol,Hamilton,chamilton3n@oaic.gov.au,Female,United States
133,Robin,Garza,rgarza3o@geocities.com,Female,Canada
134,Joseph,Sims,jsims3p@w3.org,Male,Mexico
135,Susan,Flores,sflores3q@apple.com,Female,Canada
136,Annie,Rice,arice3r@wired.com,Female,United States
137,Samuel,Richards,srichards3s@reverbnation.com,Male,Mexico
138,Sean,Schmidt,sschmidt3t@dion.ne.jp,Male,Canada
139,Roy,Collins,rcollins3u@loc.gov,Male,United States
140,Julia,Johnson,jjohnson3v@i2i.jp,Female,United States
141,Nicole,Nichols,nnichols3w@wordpress.com,Female,Mexico
142,Patricia,Bryant,pbryant3x@google.pl,Female,Canada
143,Diana,Phillips,dphillips3y@fc2.com,Female,Mexico
144,Christine,Foster,cfoster3z@posterous.com,Female,Canada
145,Henry,Cunningham,hcunningham40@fema.gov,Male,Canada
146,Philip,Cole,pcole41@reddit.com,Male,Mexico
147,Linda,Gray,lgray42@intel.com,Female,United States
148,Elizabeth,Greene,egreene43@ow.ly,Female,Canada
149,Deborah,Andrews,dandrews44@apache.org,Female,Canada
150,Ralph,Arnold,rarnold45@weather.com,Male,Mexico
151,Helen,Perez,hperez46@wp.com,Female,United States
152,Arthur,Hansen,ahansen47@seattletimes.com,Male,United States
153,Howard,Ray,hray48@domainmarket.com,Male,United States
154,Andrew,Gordon,agordon49@google.co.uk,Male,United States
155,Norma,Robertson,nrobertson4a@phoca.cz,Female,United States
156,Lori,Fisher,lfisher4b@blog.com,Female,Canada
157,Rachel,Romero,rromero4c@reddit.com,Female,United States
158,Charles,Mitchell,cmitchell4d@squarespace.com,Male,United States
159,Stephanie,Gray,sgray4e@biglobe.ne.jp,Female,United States
160,Joan,Richardson,jrichardson4f@economist.com,Female,Canada
161,Melissa,Ford,mford4g@ft.com,Female,Canada
162,Steve,Jackson,sjackson4h@tuttocitta.it,Male,Canada
163,Diane,Mcdonald,dmcdonald4i@tuttocitta.it,Female,United States
164,William,Mcdonald,wmcdonald4j@businesswire.com,Male,Mexico
165,Maria,Hansen,mhansen4k@google.nl,Female,United States
166,Maria,Knight,mknight4l@blogtalkradio.com,Female,United States
167,Richard,Meyer,rmeyer4m@ifeng.com,Male,Canada
168,Tina,Franklin,tfranklin4n@tripod.com,Female,United States
169,Sara,Price,sprice4o@infoseek.co.jp,Female,Canada
170,Christine,Hawkins,chawkins4p@goo.gl,Female,United States
171,Keith,Murray,kmurray4q@weibo.com,Male,United States
172,Tammy,Scott,tscott4r@geocities.jp,Female,Mexico
173,Eric,Bishop,ebishop4s@cyberchimps.com,Male,United States
174,Clarence,Rivera,crivera4t@altervista.org,Male,Canada
175,Aaron,Hall,ahall4u@ustream.tv,Male,Mexico
176,Katherine,Bryant,kbryant4v@boston.com,Female,Canada
177,Frances,Washington,fwashington4w@infoseek.co.jp,Female,Mexico
178,Diana,Carroll,dcarroll4x@sphinn.com,Female,United States
179,Andrea,Washington,awashington4y@msu.edu,Female,Canada
180,Kathy,Bowman,kbowman4z@scribd.com,Female,United States
181,Roger,White,rwhite50@goodreads.com,Male,United States
182,Sara,Riley,sriley51@answers.com,Female,Mexico
183,Joseph,Webb,jwebb52@livejournal.com,Male,United States
184,Daniel,Carroll,,Male,United States
185,Denise,Gonzalez,dgonzalez54@domainmarket.com,Female,Mexico
186,David,Austin,daustin55@nih.gov,Male,United States
187,Phyllis,Owens,powens56@usda.gov,Female,Mexico
188,Wayne,Jenkins,wjenkins57@cargocollective.com,Male,Canada
189,Jean,Fowler,jfowler58@theatlantic.com,Female,Canada
190,Jessica,Fox,jfox59@topsy.com,Female,Canada
191,Anthony,Willis,awillis5a@spiegel.de,Male,Mexico
192,Bobby,Burke,,Male,Mexico
193,Joyce,Thomas,jthomas5c@weibo.com,Female,Canada
194,Martha,Burke,mburke5d@bandcamp.com,Female,United States
195,Maria,Dunn,mdunn5e@ow.ly,Female,United States
196,Kevin,Ferguson,kferguson5f@newyorker.com,Male,United States
197,Phyllis,Rodriguez,prodriguez5g@ibm.com,Female,United States
198,Lori,Nelson,,Female,United States
199,Kevin,Gomez,kgomez5i@nasa.gov,Male,Mexico
200,Karen,Gilbert,kgilbert5j@marketwatch.com,Female,United States
201,Phillip,Austin,,Male,United States
202,Wayne,Robinson,wrobinson5l@foxnews.com,Male,United States
203,Patrick,Garrett,pgarrett5m@reddit.com,Male,Mexico
204,Andrew,Little,alittle5n@miibeian.gov.cn,Male,United States
205,Sean,Palmer,spalmer5o@seattletimes.com,Male,United States
206,Tammy,Griffin,tgriffin5p@reverbnation.com,Female,United States
207,Dennis,Fernandez,dfernandez5q@geocities.com,Male,United States
208,Lisa,Day,lday5r@hibu.com,Female,Mexico
209,Justin,Ortiz,jortiz5s@whitehouse.gov,Male,Canada
210,Justin,Ferguson,jferguson5t@i2i.jp,Male,United States
211,Susan,Armstrong,sarmstrong5u@bloomberg.com,Female,United States
212,William,Lane,,Male,United States
213,Joshua,Myers,jmyers5w@webmd.com,Male,Mexico
214,Nancy,James,njames5x@yellowpages.com,Female,United States
215,Richard,Moreno,rmoreno5y@google.de,Male,United States
216,James,Ellis,jellis5z@simplemachines.org,Male,Canada
217,Irene,Dunn,idunn60@hibu.com,Female,United States
218,Elizabeth,Henry,ehenry61@vimeo.com,Female,United States
219,Paul,Phillips,,Male,United States
220,Tina,Owens,towens63@google.fr,Female,United States
221,Henry,Nichols,hnichols64@opensource.org,Male,Canada
222,Lawrence,Gomez,lgomez65@topsy.com,Male,United States
223,Billy,Turner,bturner66@blogtalkradio.com,Male,United States
224,Steve,Moore,smoore67@cloudflare.com,Male,Canada
225,Douglas,Moore,dmoore68@blog.com,Male,United States
226,Harold,Ray,hray69@tinypic.com,Male,United States
227,Billy,Willis,bwillis6a@so-net.ne.jp,Male,United States
228,Antonio,Martin,amartin6b@patch.com,Male,Canada
229,Martha,Martinez,mmartinez6c@4shared.com,Female,United States
230,Linda,Hayes,,Female,Canada
231,Kathryn,Hamilton,khamilton6e@marketwatch.com,Female,Mexico
232,Sharon,Carroll,scarroll6f@devhub.com,Female,Mexico
233,Kevin,Dean,kdean6g@jigsy.com,Male,United States
234,Paul,Murphy,pmurphy6h@google.de,Male,United States
235,Nicole,Spencer,,Female,Mexico
236,Willie,Sullivan,wsullivan6j@youtube.com,Male,United States
237,Brenda,Foster,bfoster6k@auda.org.au,Female,Mexico
238,Wayne,Brown,wbrown6l@wisc.edu,Male,Mexico
239,Jimmy,Thomas,jthomas6m@cbc.ca,Male,United States
240,Daniel,Gonzales,,Male,Mexico
241,Daniel,Kennedy,dkennedy6o@timesonline.co.uk,Male,Mexico
242,Charles,Harvey,charvey6p@google.pl,Male,Mexico
243,Kelly,Hart,khart6q@theguardian.com,Female,United States
244,Fred,Garrett,fgarrett6r@cmu.edu,Male,Mexico
245,Angela,Tucker,atucker6s@kickstarter.com,Female,Canada
246,Joe,Brown,jbrown6t@mozilla.org,Male,United States
247,Albert,Roberts,aroberts6u@spiegel.de,Male,United States
248,Eric,Burns,eburns6v@apple.com,Male,Mexico
249,Timothy,Brooks,tbrooks6w@privacy.gov.au,Male,Mexico
250,Richard,Lopez,rlopez6x@thetimes.co.uk,Male,United States
251,Ann,Hanson,ahanson6y@google.de,Female,United States
252,Nicholas,Ray,nray6z@cafepress.com,Male,United States
253,Anna,Shaw,ashaw70@soundcloud.com,Female,United States
254,Nicole,Hicks,,Female,United States
255,Eric,Dean,edean72@discuz.net,Male,Mexico
256,Arthur,Gonzalez,agonzalez73@yahoo.co.jp,Male,Mexico
257,Carolyn,Gilbert,cgilbert74@un.org,Female,Canada
258,Brenda,Sims,bsims75@mayoclinic.com,Female,United States
259,Fred,Ray,fray76@google.de,Male,Canada
260,Sharon,Bryant,sbryant77@princeton.edu,Female,United States
261,James,Martin,jmartin78@merriam-webster.com,Male,Mexico
262,Kelly,Matthews,kmatthews79@ehow.com,Female,Canada
263,Joe,Hunter,jhunter7a@amazon.com,Male,Mexico
264,Carl,Johnston,cjohnston7b@e-recht24.de,Male,Mexico
265,Frances,Stone,fstone7c@discuz.net,Female,Canada
266,Stephen,Smith,ssmith7d@netvibes.com,Male,Mexico
267,Peter,Schmidt,pschmidt7e@pinterest.com,Male,Canada
268,Emily,Ryan,eryan7f@wunderground.com,Female,Canada
269,Billy,Diaz,bdiaz7g@instagram.com,Male,United States
270,Joe,Griffin,jgriffin7h@addtoany.com,Male,United States
271,Douglas,Palmer,dpalmer7i@ted.com,Male,United States
272,Edward,Murphy,emurphy7j@nbcnews.com,Male,United States
273,Kelly,Porter,kporter7k@squidoo.com,Female,Canada
274,Keith,Williamson,kwilliamson7l@chicagotribune.com,Male,United States
275,Phyllis,Bowman,pbowman7m@jigsy.com,Female,Mexico
276,Angela,Murphy,amurphy7n@pinterest.com,Female,United States
277,Richard,Perez,rperez7o@ucsd.edu,Male,United States
278,Joe,Hernandez,jhernandez7p@marriott.com,Male,Canada
279,Todd,Watson,twatson7q@tmall.com,Male,Mexico
280,Thomas,Daniels,tdaniels7r@wunderground.com,Male,Canada
281,Matthew,Wells,mwells7s@mapy.cz,Male,United States
282,Robert,Garrett,rgarrett7t@huffingtonpost.com,Male,Canada
283,Jimmy,Fernandez,jfernandez7u@digg.com,Male,Canada
284,Howard,Carroll,hcarroll7v@cbslocal.com,Male,Canada
285,Ann,Reynolds,areynolds7w@com.com,Female,United States
286,Carlos,Gonzales,cgonzales7x@nydailynews.com,Male,United States
287,Diane,Matthews,dmatthews7y@amazonaws.com,Female,Canada
288,Pamela,Dunn,pdunn7z@economist.com,Female,United States
289,Wayne,Franklin,wfranklin80@dmoz.org,Male,United States
290,Frances,Simmons,fsimmons81@symantec.com,Female,Canada
291,Anne,Smith,asmith82@meetup.com,Female,Canada
292,Anne,Chapman,,Female,United States
293,Kathryn,Rodriguez,krodriguez84@comcast.net,Female,United States
294,Paul,Morrison,pmorrison85@privacy.gov.au,Male,United States
295,Frances,Perry,fperry86@alibaba.com,Female,United States
296,Rachel,Brown,rbrown87@usa.gov,Female,Canada
297,Deborah,Scott,dscott88@uiuc.edu,Female,United States
298,Anna,Kim,akim89@ifeng.com,Female,United States
299,Virginia,Nguyen,,Female,United States
300,Timothy,Gonzales,tgonzales8b@csmonitor.com,Male,United States
301,Sara,Ruiz,sruiz8c@taobao.com,Female,United States
302,Barbara,Price,bprice8d@mysql.com,Female,United States
303,Alice,Tucker,atucker8e@sphinn.com,Female,United States
304,Alice,Rice,arice8f@geocities.com,Female,United States
305,Chris,Moore,cmoore8g@nymag.com,Male,United States
306,Paul,Duncan,pduncan8h@answers.com,Male,Mexico
307,Cynthia,Hill,chill8i@scribd.com,Female,United States
308,Scott,Jones,sjones8j@pcworld.com,Male,United States
309,James,Larson,jlarson8k@apple.com,Male,United States
310,Beverly,Stevens,bstevens8l@auda.org.au,Female,United States
311,Earl,Williams,ewilliams8m@cnn.com,Male,Canada
312,Kathleen,Jenkins,kjenkins8n@purevolume.com,Female,United States
313,Justin,Henry,jhenry8o@nature.com,Male,United States
314,Amanda,Hamilton,ahamilton8p@nps.gov,Female,United States
315,Fred,Dunn,fdunn8q@weather.com,Male,Mexico
316,Diane,Kennedy,dkennedy8r@opera.com,Female,Mexico
317,Terry,Ferguson,tferguson8s@trellian.com,Male,United States
318,Matthew,Hansen,mhansen8t@dyndns.org,Male,United States
319,Willie,Nguyen,wnguyen8u@ftc.gov,Male,Mexico
320,Joe,Robertson,jrobertson8v@ask.com,Male,United States
321,Evelyn,Grant,egrant8w@apache.org,Female,United States
322,Randy,Arnold,rarnold8x@uiuc.edu,Male,United States
323,Julie,Welch,jwelch8y@toplist.cz,Female,United States
324,Amy,Howell,ahowell8z@wsj.com,Female,Canada
325,Gregory,Green,ggreen90@woothemes.com,Male,Mexico
326,Sandra,White,swhite91@slashdot.org,Female,Mexico
327,Craig,Gutierrez,cgutierrez92@oaic.gov.au,Male,Mexico
328,Heather,Garza,hgarza93@bizjournals.com,Female,United States
329,Alice,Owens,aowens94@yahoo.com,Female,United States
330,Theresa,Henderson,thenderson95@indiatimes.com,Female,United States
331,Steven,Phillips,sphillips96@cocolog-nifty.com,Male,Canada
332,Anna,Bell,abell97@artisteer.com,Female,United States
333,Teresa,Meyer,tmeyer98@nba.com,Female,Canada
334,Anthony,Fowler,afowler99@mapquest.com,Male,Mexico
335,Cynthia,Berry,cberry9a@multiply.com,Female,United States
336,Louis,Bell,lbell9b@mozilla.org,Male,Canada
337,Jane,Wheeler,jwheeler9c@flavors.me,Female,United States
338,Eugene,Scott,escott9d@google.cn,Male,United States
339,James,Burke,jburke9e@netlog.com,Male,United States
340,Jonathan,Morgan,jmorgan9f@reddit.com,Male,Mexico
341,Linda,Bennett,lbennett9g@ameblo.jp,Female,Canada
342,Sean,Reyes,sreyes9h@weebly.com,Male,Mexico
343,Melissa,Long,mlong9i@facebook.com,Female,United States
344,Sandra,Hamilton,shamilton9j@house.gov,Female,United States
345,Tina,Lawson,tlawson9k@blog.com,Female,United States
346,Debra,Hawkins,dhawkins9l@nationalgeographic.com,Female,United States
347,Donna,Gray,dgray9m@tinyurl.com,Female,Mexico
348,Anne,Morris,amorris9n@unblog.fr,Female,Mexico
349,Shawn,George,sgeorge9o@craigslist.org,Male,Mexico
350,Bonnie,Watson,bwatson9p@kickstarter.com,Female,Canada
351,Harry,Russell,hrussell9q@geocities.jp,Male,Mexico
352,Emily,Berry,eberry9r@cdbaby.com,Female,Mexico
353,Matthew,Scott,mscott9s@about.me,Male,United States
354,Antonio,Little,alittle9t@nba.com,Male,Canada
355,Harry,Mills,hmills9u@abc.net.au,Male,United States
356,Irene,Cook,icook9v@stanford.edu,Female,United States
357,Angela,Webb,,Female,Mexico
358,Philip,Peterson,ppeterson9x@artisteer.com,Male,Canada
359,Kathleen,Carter,kcarter9y@4shared.com,Female,Canada
360,Timothy,Johnston,tjohnston9z@google.pl,Male,United States
361,Charles,Long,clonga0@mozilla.org,Male,Canada
362,Clarence,Clark,cclarka1@dropbox.com,Male,Canada
363,Gary,Mills,gmillsa2@webmd.com,Male,United States
364,Brandon,Jones,,Male,Mexico
365,Terry,Price,tpricea4@ucsd.edu,Male,Mexico
366,Howard,Torres,htorresa5@examiner.com,Male,Mexico
367,Gerald,Murphy,gmurphya6@scientificamerican.com,Male,Canada
368,Theresa,Ford,tforda7@google.co.jp,Female,United States
369,Deborah,Franklin,dfranklina8@vinaora.com,Female,Canada
370,Jerry,Hayes,jhayesa9@booking.com,Male,United States
371,Eric,Rice,ericeaa@oaic.gov.au,Male,United States
372,Elizabeth,Robinson,erobinsonab@ed.gov,Female,Canada
373,Amy,Rodriguez,arodriguezac@blog.com,Female,Canada
374,Frances,Reed,freedad@sina.com.cn,Female,United States
375,Lisa,Carter,,Female,United States
376,Matthew,Ward,mwardaf@artisteer.com,Male,Canada
377,Andrea,Jordan,ajordanag@ox.ac.uk,Female,Canada
378,Shawn,Harvey,sharveyah@mac.com,Male,United States
379,Mark,James,mjamesai@msn.com,Male,Mexico
380,Frank,Simpson,fsimpsonaj@zdnet.com,Male,Mexico
381,Angela,James,ajamesak@msu.edu,Female,United States
382,Kenneth,Long,klongal@bandcamp.com,Male,Mexico
383,Pamela,Roberts,probertsam@newsvine.com,Female,Canada
384,Jesse,Webb,jwebban@t.co,Male,Canada
385,Julia,Rose,jroseao@admin.ch,Female,Canada
386,Christine,Ellis,,Female,Canada
387,Carlos,Robinson,crobinsonaq@google.cn,Male,Canada
388,Kathleen,Martinez,kmartinezar@princeton.edu,Female,United States
389,Dorothy,Welch,dwelchas@comcast.net,Female,United States
390,David,Owens,dowensat@samsung.com,Male,United States
391,Matthew,Weaver,mweaverau@accuweather.com,Male,Mexico
392,Gregory,Perry,gperryav@gmpg.org,Male,Mexico
393,Jimmy,Moreno,jmorenoaw@discuz.net,Male,United States
394,Ruth,Peters,rpetersax@pbs.org,Female,Canada
395,Lawrence,Mills,lmillsay@google.com.br,Male,Mexico
396,Ruth,Lee,rleeaz@soundcloud.com,Female,Canada
397,Howard,Patterson,hpattersonb0@artisteer.com,Male,United States
398,Debra,Bennett,dbennettb1@shinystat.com,Female,United States
399,Jean,Wagner,jwagnerb2@spotify.com,Female,Mexico
400,Bruce,George,,Male,United States
401,Richard,Rogers,rrogersb4@sogou.com,Male,United States
402,Martin,Reyes,mreyesb5@squidoo.com,Male,United States
403,Carl,Daniels,cdanielsb6@behance.net,Male,United States
404,Justin,Jacobs,jjacobsb7@google.cn,Male,United States
405,Jose,Flores,jfloresb8@opera.com,Male,Canada
406,Jacqueline,Harvey,jharveyb9@engadget.com,Female,United States
407,Louise,Fields,lfieldsba@addtoany.com,Female,United States
408,Carol,Wheeler,cwheelerbb@wikimedia.org,Female,United States
409,Ashley,Porter,aporterbc@sphinn.com,Female,Canada
410,Roger,Fields,rfieldsbd@indiatimes.com,Male,United States
411,Norma,Carroll,ncarrollbe@clickbank.net,Female,United States
412,Shawn,Ford,sfordbf@cornell.edu,Male,United States
413,Carol,Fernandez,cfernandezbg@jugem.jp,Female,United States
414,Samuel,Hansen,shansenbh@china.com.cn,Male,United States
415,Arthur,Williamson,awilliamsonbi@vistaprint.com,Male,United States
416,Amanda,Nelson,anelsonbj@theatlantic.com,Female,Canada
417,Carl,Myers,cmyersbk@businesswire.com,Male,United States
418,Anthony,Jacobs,ajacobsbl@gravatar.com,Male,United States
419,Pamela,Chavez,pchavezbm@51.la,Female,Mexico
420,Elizabeth,Lopez,elopezbn@phpbb.com,Female,Mexico
421,Adam,Woods,awoodsbo@biblegateway.com,Male,United States
422,Tina,George,tgeorgebp@slideshare.net,Female,Canada
423,Debra,Perry,dperrybq@hatena.ne.jp,Female,Mexico
424,Russell,Hawkins,rhawkinsbr@mysql.com,Male,United States
425,Jean,Grant,jgrantbs@homestead.com,Female,United States
426,Karen,Payne,kpaynebt@usa.gov,Female,United States
427,Peter,Medina,pmedinabu@nih.gov,Male,United States
428,Matthew,Stephens,mstephensbv@typepad.com,Male,Mexico
429,Mildred,Harris,mharrisbw@mysql.com,Female,Mexico
430,Phillip,Garcia,pgarciabx@simplemachines.org,Male,Mexico
431,Brenda,Hill,bhillby@auda.org.au,Female,United States
432,Kimberly,Jacobs,kjacobsbz@telegraph.co.uk,Female,United States
433,Harry,Little,hlittlec0@slate.com,Male,Canada
434,Edward,Austin,eaustinc1@nifty.com,Male,Mexico
435,Alice,Cunningham,acunninghamc2@wiley.com,Female,United States
436,Virginia,Hansen,vhansenc3@360.cn,Female,United States
437,Jesse,West,jwestc4@jiathis.com,Male,United States
438,Paul,Cole,pcolec5@ocn.ne.jp,Male,United States
439,Edward,Wright,ewrightc6@printfriendly.com,Male,Mexico
440,Patricia,Perkins,pperkinsc7@guardian.co.uk,Female,United States
441,Paul,Morris,pmorrisc8@arstechnica.com,Male,United States
442,Gloria,Hudson,ghudsonc9@technorati.com,Female,Canada
443,Deborah,Gonzales,dgonzalesca@networkadvertising.org,Female,United States
444,Roger,Mills,rmillscb@uiuc.edu,Male,Canada
445,Jack,Price,jpricecc@dailymail.co.uk,Male,United States
446,Jeremy,Ward,jwardcd@tinyurl.com,Male,United States
447,Juan,James,jjamesce@domainmarket.com,Male,Mexico
448,Annie,Bell,abellcf@skype.com,Female,United States
449,Nicholas,Moreno,nmorenocg@webmd.com,Male,Canada
450,Pamela,Pierce,ppiercech@mail.ru,Female,Mexico
451,Clarence,Howard,chowardci@biglobe.ne.jp,Male,Canada
452,Raymond,Collins,rcollinscj@earthlink.net,Male,United States
453,Susan,Wood,swoodck@g.co,Female,Canada
454,Rebecca,Reed,rreedcl@apache.org,Female,United States
455,Edward,Black,eblackcm@amazon.co.uk,Male,Mexico
456,Harry,Watkins,hwatkinscn@china.com.cn,Male,Mexico
457,Antonio,Myers,amyersco@admin.ch,Male,United States
458,Theresa,Mills,tmillscp@elpais.com,Female,Canada
459,Ryan,Smith,rsmithcq@newsvine.com,Male,United States
460,Judy,White,jwhitecr@utexas.edu,Female,Mexico
461,Paula,Grant,pgrantcs@oakley.com,Female,Canada
462,George,Gilbert,ggilbertct@un.org,Male,United States
463,Theresa,Ryan,tryancu@bizjournals.com,Female,United States
464,Roy,Scott,rscottcv@acquirethisname.com,Male,United States
465,Terry,Welch,twelchcw@answers.com,Male,United States
466,Joyce,Black,jblackcx@cyberchimps.com,Female,United States
467,Frank,Gardner,fgardnercy@flickr.com,Male,Canada
468,Annie,Thompson,,Female,Canada
469,Jimmy,Rodriguez,jrodriguezd0@pbs.org,Male,Canada
470,Philip,Russell,prusselld1@youtu.be,Male,United States
471,Andrea,Allen,aallend2@techcrunch.com,Female,Mexico
472,Gloria,Jones,gjonesd3@yellowbook.com,Female,Mexico
473,Ronald,Peters,,Male,Canada
474,Gerald,Kelly,,Male,United States
475,Joan,Ross,jrossd6@springer.com,Female,United States
476,Katherine,Little,klittled7@fema.gov,Female,United States
477,Julie,Adams,jadamsd8@cbc.ca,Female,Mexico
478,Jeremy,Wells,jwellsd9@mayoclinic.com,Male,United States
479,Rebecca,Spencer,rspencerda@fc2.com,Female,United States
480,Ann,Walker,awalkerdb@fastcompany.com,Female,United States
481,Martha,Phillips,mphillipsdc@last.fm,Female,United States
482,Edward,Phillips,ephillipsdd@sohu.com,Male,Canada
483,Juan,Pierce,jpiercede@yahoo.co.jp,Male,Canada
484,Frank,Cruz,fcruzdf@wordpress.com,Male,Canada
485,Shirley,Vasquez,svasquezdg@1688.com,Female,Mexico
486,David,Stanley,dstanleydh@mtv.com,Male,United States
487,Frances,Dunn,,Female,United States
488,Robin,Gibson,rgibsondj@joomla.org,Female,United States
489,Philip,Turner,pturnerdk@mail.ru,Male,United States
490,Dennis,Little,dlittledl@ocn.ne.jp,Male,United States
491,Theresa,Lewis,tlewisdm@marketwatch.com,Female,United States
492,Charles,Chavez,cchavezdn@tiny.cc,Male,United States
493,Scott,Carpenter,scarpenterdo@tinyurl.com,Male,Mexico
494,Howard,Berry,hberrydp@wikia.com,Male,United States
495,Patrick,Oliver,poliverdq@usnews.com,Male,Mexico
496,Tammy,Jackson,tjacksondr@delicious.com,Female,Canada
497,Alan,Lawrence,alawrenceds@ucoz.com,Male,United States
498,Alan,Turner,aturnerdt@aboutads.info,Male,Canada
499,Anthony,Webb,awebbdu@microsoft.com,Male,United States
500,Phyllis,Garza,pgarzadv@google.es,Female,United States
501,Betty,Price,bpricedw@ask.com,Female,Mexico
502,Lois,Snyder,lsnyderdx@instagram.com,Female,United States
503,Carlos,Spencer,cspencerdy@simplemachines.org,Male,United States
504,Alan,Owens,aowensdz@liveinternet.ru,Male,Canada
505,Robin,Hudson,rhudsone0@istockphoto.com,Female,Canada
506,Ruth,Wells,rwellse1@usnews.com,Female,Mexico
507,James,Clark,jclarke2@xrea.com,Male,Canada
508,Adam,Richards,,Male,United States
509,Anna,Walker,awalkere4@zdnet.com,Female,United States
510,Donald,Carter,dcartere5@dyndns.org,Male,Mexico
511,Frances,Turner,fturnere6@ted.com,Female,Canada
512,Juan,Clark,jclarke7@creativecommons.org,Male,Mexico
513,Kenneth,Owens,kowense8@cam.ac.uk,Male,United States
514,Brenda,Watson,bwatsone9@google.co.uk,Female,Canada
515,Joseph,Little,,Male,United States
516,Stephen,Bishop,sbishopeb@discovery.com,Male,United States
517,Michael,Kennedy,,Male,United States
518,Nicholas,Morrison,nmorrisoned@chicagotribune.com,Male,United States
519,Mary,Stewart,mstewartee@arizona.edu,Female,Mexico
520,Jacqueline,Gray,jgrayef@yellowpages.com,Female,United States
521,Norma,Berry,nberryeg@cnet.com,Female,Mexico
522,Frances,Alexander,falexandereh@theatlantic.com,Female,United States
523,Alice,Reid,areidei@amazon.co.jp,Female,United States
524,George,Castillo,gcastilloej@usgs.gov,Male,United States
525,Joan,Green,jgreenek@sciencedirect.com,Female,Canada
526,Annie,Bradley,abradleyel@zdnet.com,Female,United States
527,Phyllis,Watson,pwatsonem@google.fr,Female,Mexico
528,Todd,Arnold,tarnolden@mashable.com,Male,Canada
529,Carol,Kennedy,ckennedyeo@livejournal.com,Female,United States
530,Earl,Fisher,efisherep@amazon.co.jp,Male,Mexico
531,Paula,Powell,ppowelleq@cargocollective.com,Female,United States
532,Arthur,Murray,amurrayer@chronoengine.com,Male,United States
533,George,Tucker,gtuckeres@ning.com,Male,Mexico
534,Andrea,Carr,acarret@usgs.gov,Female,United States
535,Michelle,Weaver,mweavereu@networksolutions.com,Female,United States
536,Willie,Ortiz,wortizev@123-reg.co.uk,Male,United States
537,Jessica,Shaw,jshawew@meetup.com,Female,Mexico
538,Ronald,Long,rlongex@theguardian.com,Male,United States
539,Peter,Price,ppriceey@icq.com,Male,Mexico
540,Cheryl,Brown,cbrownez@mapquest.com,Female,United States
541,Andrea,Torres,atorresf0@1und1.de,Female,Canada
542,Fred,Franklin,ffranklinf1@abc.net.au,Male,United States
543,Ruby,Campbell,rcampbellf2@blogspot.com,Female,United States
544,Sean,Fuller,,Male,Canada
545,Patrick,Fuller,pfullerf4@amazon.co.uk,Male,Canada
546,Albert,Ellis,aellisf5@hao123.com,Male,Mexico
547,Thomas,Sanders,tsandersf6@utexas.edu,Male,Canada
548,Juan,White,jwhitef7@ihg.com,Male,Canada
549,Jose,Kim,jkimf8@wp.com,Male,United States
550,Anna,Coleman,acolemanf9@reverbnation.com,Female,United States
551,Philip,Chavez,pchavezfa@noaa.gov,Male,Canada
552,Justin,Miller,jmillerfb@dedecms.com,Male,Mexico
553,Amanda,Armstrong,aarmstrongfc@freewebs.com,Female,United States
554,Jimmy,Hayes,jhayesfd@psu.edu,Male,Mexico
555,Janice,Gray,,Female,United States
556,Annie,Romero,aromeroff@phpbb.com,Female,Mexico
557,Joan,Hicks,jhicksfg@spotify.com,Female,United States
558,Jonathan,Reed,jreedfh@msu.edu,Male,United States
559,Andrew,Phillips,aphillipsfi@facebook.com,Male,United States
560,Kenneth,Watkins,,Male,United States
561,Frank,Carter,fcarterfk@hibu.com,Male,Canada
562,Gerald,Knight,gknightfl@epa.gov,Male,Mexico
563,Eric,Davis,edavisfm@china.com.cn,Male,United States
564,Samuel,Willis,swillisfn@seesaa.net,Male,United States
565,Joyce,Adams,jadamsfo@pbs.org,Female,Mexico
566,Kathy,Shaw,kshawfp@drupal.org,Female,United States
567,Alice,Thomas,athomasfq@sohu.com,Female,Canada
568,Joan,Wallace,jwallacefr@elegantthemes.com,Female,United States
569,Marie,Reid,mreidfs@feedburner.com,Female,Canada
570,Russell,Garcia,rgarciaft@nationalgeographic.com,Male,United States
571,Mildred,George,mgeorgefu@businessweek.com,Female,United States
572,Nancy,Brown,nbrownfv@privacy.gov.au,Female,United States
573,George,Sims,,Male,Mexico
574,Margaret,Payne,mpaynefx@thetimes.co.uk,Female,United States
575,Elizabeth,Lawson,elawsonfy@tumblr.com,Female,United States
576,Sharon,Rose,srosefz@disqus.com,Female,Canada
577,Anthony,Hart,ahartg0@booking.com,Male,United States
578,Steve,Hunt,shuntg1@ustream.tv,Male,United States
579,Joe,Wheeler,jwheelerg2@netvibes.com,Male,United States
580,Lisa,Reed,lreedg3@tumblr.com,Female,United States
581,Victor,Mills,vmillsg4@shop-pro.jp,Male,Canada
582,Pamela,Barnes,pbarnesg5@friendfeed.com,Female,United States
583,Jennifer,Elliott,jelliottg6@wsj.com,Female,United States
584,Kathryn,Patterson,kpattersong7@webnode.com,Female,Canada
585,Michael,Jackson,mjacksong8@cornell.edu,Male,Canada
586,Rebecca,Griffin,rgriffing9@prnewswire.com,Female,United States
587,James,Flores,jfloresga@artisteer.com,Male,United States
588,Rose,Matthews,rmatthewsgb@wikispaces.com,Female,United States
589,Adam,Bennett,abennettgc@sbwire.com,Male,United States
590,Jean,Roberts,jrobertsgd@angelfire.com,Female,Mexico
591,Willie,Carroll,wcarrollge@topsy.com,Male,Mexico
592,Michael,Armstrong,marmstronggf@sciencedaily.com,Male,Canada
593,Lawrence,Rogers,lrogersgg@ow.ly,Male,United States
594,Jack,Daniels,jdanielsgh@canalblog.com,Male,United States
595,Melissa,Shaw,,Female,United States
596,Tammy,Allen,tallengj@aol.com,Female,Mexico
597,Stephanie,Shaw,sshawgk@merriam-webster.com,Female,Mexico
598,Judith,Turner,jturnergl@opera.com,Female,Canada
599,Rose,Hunt,rhuntgm@cloudflare.com,Female,United States
600,Matthew,Thomas,mthomasgn@webeden.co.uk,Male,Canada
601,Nancy,Baker,nbakergo@noaa.gov,Female,Canada
602,Samuel,Gray,sgraygp@jimdo.com,Male,Mexico
603,Gloria,Jordan,gjordangq@parallels.com,Female,Mexico
604,James,Lewis,jlewisgr@alibaba.com,Male,Canada
605,Carolyn,Wells,cwellsgs@mlb.com,Female,United States
606,Andrea,Gibson,agibsongt@dot.gov,Female,Mexico
607,Lois,Hamilton,lhamiltongu@bravesites.com,Female,United States
608,Carl,Jordan,cjordangv@tripod.com,Male,United States
609,Cynthia,Palmer,cpalmergw@livejournal.com,Female,Mexico
610,Jose,Ortiz,jortizgx@facebook.com,Male,United States
611,Rachel,Jordan,rjordangy@youku.com,Female,Mexico
612,Carlos,Larson,clarsongz@eepurl.com,Male,Mexico
613,Gloria,Reynolds,greynoldsh0@amazon.co.jp,Female,United States
614,Craig,Burke,,Male,United States
615,Dennis,Marshall,dmarshallh2@typepad.com,Male,United States
616,Jane,Ray,jrayh3@unesco.org,Female,Mexico
617,Adam,Pierce,apierceh4@omniture.com,Male,United States
618,Mildred,Day,mdayh5@gmpg.org,Female,Canada
619,David,Warren,dwarrenh6@mac.com,Male,United States
620,Diana,Richardson,drichardsonh7@scientificamerican.com,Female,Mexico
621,Craig,Gibson,cgibsonh8@ucoz.com,Male,Mexico
622,Janet,Miller,jmillerh9@ca.gov,Female,Canada
623,Maria,Powell,mpowellha@mac.com,Female,Canada
624,Rachel,Bradley,rbradleyhb@intel.com,Female,United States
625,Johnny,Nguyen,jnguyenhc@cmu.edu,Male,Mexico
626,Sharon,Murphy,smurphyhd@simplemachines.org,Female,Canada
627,Janice,Reynolds,jreynoldshe@dailymotion.com,Female,United States
628,Lawrence,Perkins,lperkinshf@clickbank.net,Male,United States
629,Gary,Wood,gwoodhg@cam.ac.uk,Male,Canada
630,Marie,Hunter,mhunterhh@indiatimes.com,Female,United States
631,Christina,Porter,,Female,United States
632,Matthew,Larson,mlarsonhj@github.com,Male,United States
633,Lawrence,Clark,lclarkhk@hibu.com,Male,United States
634,Donald,Chavez,dchavezhl@statcounter.com,Male,United States
635,Annie,Palmer,,Female,Mexico
636,Virginia,King,vkinghn@people.com.cn,Female,United States
637,Keith,Ferguson,kfergusonho@fema.gov,Male,Canada
638,Theresa,Harrison,tharrisonhp@statcounter.com,Female,United States
639,Alice,Gutierrez,agutierrezhq@va.gov,Female,Mexico
640,Albert,Alexander,aalexanderhr@pinterest.com,Male,United States
641,Charles,Carroll,ccarrollhs@eepurl.com,Male,Canada
642,Richard,Little,rlittleht@shutterfly.com,Male,United States
643,Fred,Porter,fporterhu@stanford.edu,Male,Canada
644,Adam,Collins,,Male,United States
645,Deborah,Fernandez,dfernandezhw@tumblr.com,Female,Canada
646,Jeffrey,Medina,jmedinahx@alibaba.com,Male,Canada
647,Kenneth,Fowler,kfowlerhy@plala.or.jp,Male,Canada
648,Nicholas,Lane,nlanehz@taobao.com,Male,Mexico
649,Janet,Harvey,jharveyi0@illinois.edu,Female,United States
650,William,Ramirez,wramirezi1@meetup.com,Male,Mexico
651,Alice,Black,ablacki2@weather.com,Female,Canada
652,Pamela,Greene,,Female,United States
653,Michelle,Cruz,mcruzi4@foxnews.com,Female,United States
654,William,Bailey,wbaileyi5@ocn.ne.jp,Male,United States
655,Lois,Hawkins,lhawkinsi6@mapy.cz,Female,Mexico
656,Ryan,Cook,rcooki7@guardian.co.uk,Male,United States
657,Daniel,Bryant,dbryanti8@elpais.com,Male,Canada
658,Jesse,Ray,jrayi9@sciencedaily.com,Male,United States
659,Sandra,Cole,scoleia@opensource.org,Female,Canada
660,Jose,Peters,jpetersib@paypal.com,Male,United States
661,Larry,Burke,lburkeic@geocities.jp,Male,Canada
662,Sean,Medina,smedinaid@ifeng.com,Male,United States
663,Anthony,Chapman,achapmanie@deliciousdays.com,Male,Mexico
664,Louise,Campbell,lcampbellif@bing.com,Female,Mexico
665,Alice,Hughes,ahughesig@about.me,Female,Mexico
666,Benjamin,Lynch,blynchih@opera.com,Male,United States
667,Craig,Lawrence,clawrenceii@oaic.gov.au,Male,United States
668,Brenda,Crawford,bcrawfordij@ibm.com,Female,Canada
669,Janice,Ford,jfordik@toplist.cz,Female,United States
670,William,Warren,wwarrenil@cdc.gov,Male,United States
671,Sara,Taylor,staylorim@usa.gov,Female,United States
672,Raymond,Taylor,rtaylorin@virginia.edu,Male,Canada
673,Billy,Day,bdayio@hud.gov,Male,Canada
674,Kimberly,Torres,ktorresip@noaa.gov,Female,United States
675,Andrea,Gutierrez,agutierreziq@berkeley.edu,Female,United States
676,Anthony,Grant,,Male,Canada
677,Steve,Dean,sdeanis@ed.gov,Male,Canada
678,Wanda,Bryant,wbryantit@netscape.com,Female,United States
679,Maria,Henry,mhenryiu@fda.gov,Female,United States
680,Anthony,Riley,arileyiv@bloglines.com,Male,Canada
681,Juan,Ford,,Male,Canada
682,Harold,Hayes,hhayesix@comcast.net,Male,Canada
683,Walter,Jordan,wjordaniy@ycombinator.com,Male,United States
684,Judith,Weaver,jweaveriz@google.com.au,Female,United States
685,Deborah,Bryant,dbryantj0@chronoengine.com,Female,United States
686,Sara,Palmer,spalmerj1@mtv.com,Female,Canada
687,Mildred,Harrison,mharrisonj2@imdb.com,Female,United States
688,Bobby,Reyes,,Male,Canada
689,Joseph,Wright,jwrightj4@ucoz.ru,Male,United States
690,Ronald,Boyd,rboydj5@deviantart.com,Male,Mexico
691,Deborah,Russell,drussellj6@usnews.com,Female,United States
692,Billy,Myers,bmyersj7@tamu.edu,Male,Canada
693,Ruth,Turner,rturnerj8@storify.com,Female,United States
694,Jessica,Cruz,jcruzj9@last.fm,Female,United States
695,Alice,Banks,abanksja@eventbrite.com,Female,Mexico
696,Irene,Williamson,iwilliamsonjb@rambler.ru,Female,United States
697,George,Simmons,gsimmonsjc@webeden.co.uk,Male,United States
698,Michelle,Lee,mleejd@wiley.com,Female,United States
699,Bruce,Murphy,bmurphyje@nationalgeographic.com,Male,Canada
700,Christine,Ruiz,cruizjf@yellowpages.com,Female,Canada
701,Jason,Cunningham,jcunninghamjg@cornell.edu,Male,United States
702,Justin,Frazier,jfrazierjh@apache.org,Male,Mexico
703,Helen,Gardner,hgardnerji@feedburner.com,Female,United States
704,Steve,Turner,sturnerjj@redcross.org,Male,Mexico
705,James,Andrews,,Male,United States
706,Clarence,Smith,csmithjl@facebook.com,Male,United States
707,Janice,Webb,jwebbjm@cyberchimps.com,Female,Mexico
708,Mary,Gardner,mgardnerjn@toplist.cz,Female,Mexico
709,Stephanie,Murphy,smurphyjo@ocn.ne.jp,Female,United States
710,Johnny,Wright,jwrightjp@chronoengine.com,Male,United States
711,Alan,Jordan,ajordanjq@opera.com,Male,United States
712,Edward,Wilson,ewilsonjr@simplemachines.org,Male,Mexico
713,Anthony,Robinson,arobinsonjs@bloglovin.com,Male,Canada
714,Jimmy,Scott,jscottjt@globo.com,Male,United States
715,Robert,Gibson,rgibsonju@bluehost.com,Male,United States
716,Lisa,Tucker,ltuckerjv@state.tx.us,Female,Canada
717,Daniel,Jacobs,djacobsjw@europa.eu,Male,United States
718,Frances,Welch,fwelchjx@unblog.fr,Female,United States
719,Susan,Kim,skimjy@zdnet.com,Female,United States
720,Jean,Ellis,jellisjz@columbia.edu,Female,United States
721,Carolyn,Boyd,cboydk0@webeden.co.uk,Female,United States
722,Judith,Freeman,jfreemank1@digg.com,Female,Canada
723,Tammy,Scott,tscottk2@pbs.org,Female,Mexico
724,Louise,Scott,lscottk3@amazon.de,Female,Mexico
725,Adam,Garcia,agarciak4@cam.ac.uk,Male,United States
726,Eugene,Pierce,epiercek5@msn.com,Male,Mexico
727,Elizabeth,Hunter,ehunterk6@ca.gov,Female,Mexico
728,Stephanie,Arnold,sarnoldk7@t.co,Female,United States
729,Ralph,Hanson,rhansonk8@reverbnation.com,Male,Canada
730,Annie,Boyd,aboydk9@networkadvertising.org,Female,Canada
731,Lawrence,Barnes,lbarneska@1688.com,Male,Mexico
732,John,Kelly,jkellykb@accuweather.com,Male,Canada
733,Ralph,Jacobs,rjacobskc@digg.com,Male,Canada
734,Brenda,Baker,bbakerkd@usnews.com,Female,United States
735,Todd,Dunn,tdunnke@weibo.com,Male,United States
736,Juan,Cooper,jcooperkf@imdb.com,Male,Mexico
737,Amanda,Coleman,acolemankg@forbes.com,Female,United States
738,Jesse,Gordon,jgordonkh@usda.gov,Male,United States
739,Diana,Gardner,dgardnerki@shutterfly.com,Female,United States
740,Frances,Watkins,fwatkinskj@timesonline.co.uk,Female,United States
741,Jeffrey,Meyer,jmeyerkk@reference.com,Male,United States
742,Chris,Hansen,chansenkl@cnbc.com,Male,Canada
743,Robin,Gomez,rgomezkm@pagesperso-orange.fr,Female,United States
744,Betty,Harrison,bharrisonkn@unc.edu,Female,United States
745,Carlos,Lynch,clynchko@mashable.com,Male,Mexico
746,Ashley,Moreno,amorenokp@theglobeandmail.com,Female,Mexico
747,Carl,Nguyen,cnguyenkq@jalbum.net,Male,Mexico
748,Karen,Meyer,kmeyerkr@blogger.com,Female,Mexico
749,Sarah,Morgan,smorganks@hao123.com,Female,Canada
750,Jesse,Franklin,jfranklinkt@time.com,Male,Canada
751,Helen,Stanley,hstanleyku@webeden.co.uk,Female,Canada
752,Wanda,Patterson,wpattersonkv@wsj.com,Female,United States
753,Evelyn,Richards,erichardskw@newsvine.com,Female,Canada
754,Arthur,Alvarez,,Male,Mexico
755,Samuel,Arnold,sarnoldky@dropbox.com,Male,Mexico
756,Janet,Garcia,jgarciakz@spotify.com,Female,United States
757,Evelyn,Bryant,ebryantl0@tinyurl.com,Female,Canada
758,Margaret,Henry,mhenryl1@merriam-webster.com,Female,Canada
759,Teresa,Campbell,,Female,Canada
760,Jacqueline,Price,jpricel3@discovery.com,Female,United States
761,Kenneth,Rivera,kriveral4@pcworld.com,Male,United States
762,Katherine,Rogers,krogersl5@bandcamp.com,Female,Canada
763,Thomas,Reyes,treyesl6@last.fm,Male,Canada
764,Kathy,Porter,kporterl7@github.com,Female,United States
765,Jerry,Fields,jfieldsl8@skyrock.com,Male,Canada
766,Marilyn,Morales,mmoralesl9@ustream.tv,Female,United States
767,Sean,Harrison,sharrisonla@merriam-webster.com,Male,United States
768,William,Banks,wbankslb@ucoz.ru,Male,Canada
769,Billy,Jacobs,bjacobslc@ustream.tv,Male,Canada
770,Ann,Hudson,ahudsonld@google.co.uk,Female,United States
771,Amanda,Marshall,amarshallle@buzzfeed.com,Female,United States
772,Jeremy,Olson,jolsonlf@edublogs.org,Male,Mexico
773,James,Armstrong,jarmstronglg@bizjournals.com,Male,Canada
774,Shawn,Oliver,soliverlh@trellian.com,Male,United States
775,Marilyn,Thompson,mthompsonli@google.cn,Female,United States
776,Frank,Fox,ffoxlj@cbc.ca,Male,United States
777,Joe,Cunningham,jcunninghamlk@deliciousdays.com,Male,Canada
778,Elizabeth,Fuller,efullerll@trellian.com,Female,Mexico
779,Jennifer,Hunt,jhuntlm@wikimedia.org,Female,United States
780,Michael,Adams,madamsln@blinklist.com,Male,United States
781,Debra,Banks,dbankslo@ca.gov,Female,United States
782,Joseph,Ruiz,jruizlp@mtv.com,Male,Canada
783,Brian,Bishop,bbishoplq@army.mil,Male,Mexico
784,Donald,Stanley,dstanleylr@fema.gov,Male,Mexico
785,Tammy,Roberts,trobertsls@usda.gov,Female,Canada
786,Walter,Wright,wwrightlt@over-blog.com,Male,United States
787,Peter,Jackson,pjacksonlu@bloglines.com,Male,Canada
788,Eric,Patterson,epattersonlv@storify.com,Male,Mexico
789,Terry,Green,tgreenlw@1688.com,Male,United States
790,Stephen,Perez,sperezlx@npr.org,Male,United States
791,Ryan,Pierce,,Male,United States
792,Douglas,Reid,dreidlz@vinaora.com,Male,Mexico
793,Bobby,Martin,bmartinm0@cdbaby.com,Male,United States
794,Donna,Morris,dmorrism1@123-reg.co.uk,Female,Mexico
795,Annie,Tucker,atuckerm2@ucoz.ru,Female,United States
796,Amanda,Medina,amedinam3@facebook.com,Female,United States
797,Paula,Rogers,progersm4@dion.ne.jp,Female,United States
798,Andrew,Sims,asimsm5@hibu.com,Male,Canada
799,Shawn,Bowman,sbowmanm6@reference.com,Male,Canada
800,Joe,Stephens,,Male,Mexico
801,Nicholas,Davis,ndavism8@telegraph.co.uk,Male,United States
802,Jacqueline,Wallace,jwallacem9@friendfeed.com,Female,United States
803,Tammy,Jordan,tjordanma@php.net,Female,Canada
804,Louise,Sanchez,lsanchezmb@pcworld.com,Female,United States
805,Kathleen,Moreno,kmorenomc@theglobeandmail.com,Female,Mexico
806,Theresa,Crawford,tcrawfordmd@webs.com,Female,United States
807,Roy,Murphy,rmurphyme@gnu.org,Male,United States
808,Catherine,Dixon,cdixonmf@paypal.com,Female,United States
809,Theresa,Reid,treidmg@cocolog-nifty.com,Female,United States
810,Lois,Mills,,Female,Canada
811,Diane,Henry,dhenrymi@free.fr,Female,United States
812,Walter,Carpenter,wcarpentermj@state.gov,Male,United States
813,John,Butler,jbutlermk@hc360.com,Male,Mexico
814,Jerry,Henry,jhenryml@unblog.fr,Male,United States
815,Steven,Reed,sreedmm@spiegel.de,Male,United States
816,Wanda,Ferguson,wfergusonmn@delicious.com,Female,Mexico
817,Annie,Hill,ahillmo@liveinternet.ru,Female,United States
818,Rachel,Hart,rhartmp@china.com.cn,Female,United States
819,Johnny,Knight,jknightmq@cornell.edu,Male,United States
820,Sean,Castillo,scastillomr@amazon.de,Male,Canada
821,Maria,Webb,mwebbms@tumblr.com,Female,Mexico
822,Virginia,Washington,vwashingtonmt@geocities.com,Female,United States
823,Joe,Henderson,jhendersonmu@omniture.com,Male,United States
824,Robin,Burns,rburnsmv@pinterest.com,Female,Mexico
825,Carlos,Lee,cleemw@dot.gov,Male,United States
826,Steve,Gilbert,sgilbertmx@chronoengine.com,Male,United States
827,Julia,Griffin,jgriffinmy@dropbox.com,Female,United States
828,Dorothy,Rivera,driveramz@gnu.org,Female,United States
829,Sharon,Sullivan,ssullivann0@blogs.com,Female,United States
830,Julie,Butler,jbutlern1@sciencedirect.com,Female,United States
831,Bobby,Baker,bbakern2@naver.com,Male,United States
832,Norma,Bailey,nbaileyn3@tinypic.com,Female,Canada
833,Mildred,Allen,mallenn4@tumblr.com,Female,United States
834,Sara,Murray,smurrayn5@google.com.hk,Female,Mexico
835,Carlos,Gibson,cgibsonn6@blog.com,Male,Mexico
836,Alan,Bennett,abennettn7@cnn.com,Male,United States
837,Ruby,Ellis,rellisn8@histats.com,Female,Canada
838,Ernest,Hicks,ehicksn9@bizjournals.com,Male,Mexico
839,Joan,Murray,jmurrayna@mediafire.com,Female,United States
840,Donna,Taylor,dtaylornb@vinaora.com,Female,Canada
841,Alice,Hawkins,ahawkinsnc@dion.ne.jp,Female,United States
842,Paula,Stone,pstonend@tinyurl.com,Female,Canada
843,Margaret,Phillips,mphillipsne@issuu.com,Female,United States
844,Juan,Hansen,jhansennf@yahoo.com,Male,Mexico
845,Irene,Ramos,iramosng@usgs.gov,Female,Canada
846,Aaron,Patterson,apattersonnh@constantcontact.com,Male,Mexico
847,Sandra,Howard,showardni@flickr.com,Female,Mexico
848,Shirley,Burke,sburkenj@senate.gov,Female,United States
849,Steven,Stevens,sstevensnk@nhs.uk,Male,Canada
850,Charles,Pierce,cpiercenl@cargocollective.com,Male,Canada
851,Steven,Porter,sporternm@census.gov,Male,United States
852,Barbara,Nichols,,Female,Canada
853,Kimberly,Watkins,kwatkinsno@marketwatch.com,Female,Canada
854,Frances,Kelly,fkellynp@rambler.ru,Female,Mexico
855,Harry,Robinson,hrobinsonnq@csmonitor.com,Male,United States
856,Patricia,Hansen,phansennr@github.io,Female,United States
857,Joseph,Webb,jwebbns@macromedia.com,Male,Canada
858,Karen,Perkins,kperkinsnt@tripod.com,Female,United States
859,Jeffrey,Wallace,,Male,United States
860,Thomas,Bryant,tbryantnv@wiley.com,Male,Canada
861,Samuel,Knight,sknightnw@bbb.org,Male,Canada
862,Angela,Greene,agreenenx@dot.gov,Female,Mexico
863,Debra,Perry,dperryny@wikimedia.org,Female,United States
864,Linda,West,lwestnz@elegantthemes.com,Female,United States
865,Kevin,Mitchell,kmitchello0@youtube.com,Male,United States
866,Judith,Reed,jreedo1@mysql.com,Female,Mexico
867,Douglas,Owens,dowenso2@squidoo.com,Male,United States
868,Jimmy,West,jwesto3@nhs.uk,Male,Mexico
869,Robin,Evans,revanso4@mapquest.com,Female,United States
870,Chris,Mendoza,cmendozao5@unicef.org,Male,United States
871,Sarah,Kennedy,skennedyo6@ycombinator.com,Female,Canada
872,Lois,Green,lgreeno7@nydailynews.com,Female,United States
873,Cheryl,Boyd,cboydo8@naver.com,Female,United States
874,Roger,Graham,rgrahamo9@psu.edu,Male,Canada
875,Carl,Jackson,cjacksonoa@free.fr,Male,United States
876,Daniel,Williams,dwilliamsob@ycombinator.com,Male,Canada
877,Diane,Harvey,dharveyoc@jigsy.com,Female,United States
878,Randy,Romero,rromerood@quantcast.com,Male,Mexico
879,William,Dixon,wdixonoe@ebay.co.uk,Male,Mexico
880,Steven,Reid,sreidof@bluehost.com,Male,Mexico
881,Ralph,Crawford,rcrawfordog@webmd.com,Male,Mexico
882,Timothy,Clark,tclarkoh@squarespace.com,Male,United States
883,Cheryl,Patterson,cpattersonoi@mac.com,Female,United States
884,Cynthia,Wright,cwrightoj@wunderground.com,Female,Mexico
885,Aaron,Wells,awellsok@odnoklassniki.ru,Male,United States
886,Rose,Morales,rmoralesol@twitpic.com,Female,Canada
887,Karen,Collins,kcollinsom@mail.ru,Female,United States
888,Melissa,Bell,mbellon@scientificamerican.com,Female,Mexico
889,Roger,Robertson,rrobertsonoo@jugem.jp,Male,United States
890,Elizabeth,Murray,emurrayop@is.gd,Female,Mexico
891,Jimmy,Taylor,jtayloroq@epa.gov,Male,United States
892,Paula,Gutierrez,pgutierrezor@illinois.edu,Female,Canada
893,Anne,Butler,abutleros@pen.io,Female,United States
894,Julie,Lopez,jlopezot@msn.com,Female,United States
895,Michael,Garza,mgarzaou@ocn.ne.jp,Male,United States
896,Carol,Welch,cwelchov@tiny.cc,Female,United States
897,Kathy,Henry,khenryow@prweb.com,Female,United States
898,Shirley,Parker,sparkerox@taobao.com,Female,Canada
899,Tammy,Mendoza,tmendozaoy@archive.org,Female,Mexico
900,Carol,Gilbert,cgilbertoz@huffingtonpost.com,Female,Canada
901,Tina,Carroll,tcarrollp0@istockphoto.com,Female,Mexico
902,Douglas,Owens,dowensp1@liveinternet.ru,Male,United States
903,Ronald,Austin,raustinp2@fastcompany.com,Male,Canada
904,Jessica,Gardner,jgardnerp3@npr.org,Female,United States
905,Mildred,Miller,mmillerp4@dailymail.co.uk,Female,Canada
906,Ruby,Nichols,rnicholsp5@senate.gov,Female,Mexico
907,Sara,Nelson,snelsonp6@prlog.org,Female,United States
908,Kenneth,Freeman,kfreemanp7@weather.com,Male,United States
909,Larry,West,lwestp8@shop-pro.jp,Male,United States
910,Karen,Johnson,kjohnsonp9@surveymonkey.com,Female,Canada
911,Andrew,Dixon,adixonpa@fastcompany.com,Male,Canada
912,Harold,Parker,hparkerpb@dagondesign.com,Male,Canada
913,Beverly,Greene,,Female,United States
914,Phillip,Lynch,plynchpd@webeden.co.uk,Male,United States
915,Nancy,Cox,ncoxpe@quantcast.com,Female,Mexico
916,Walter,Carroll,wcarrollpf@nba.com,Male,United States
917,Victor,Ramos,vramospg@naver.com,Male,Canada
918,Andrew,Reid,areidph@bizjournals.com,Male,Canada
919,Theresa,Wilson,twilsonpi@feedburner.com,Female,United States
920,Ryan,Kim,rkimpj@biglobe.ne.jp,Male,Mexico
921,James,Larson,jlarsonpk@sbwire.com,Male,Mexico
922,Joan,Payne,jpaynepl@cornell.edu,Female,United States
923,Kathy,Snyder,ksnyderpm@mail.ru,Female,Mexico
924,Emily,Perry,eperrypn@utexas.edu,Female,Canada
925,Mark,Oliver,moliverpo@wikimedia.org,Male,United States
926,Rose,Berry,rberrypp@de.vu,Female,Mexico
927,Ernest,Martin,emartinpq@cyberchimps.com,Male,United States
928,Ann,Larson,alarsonpr@sitemeter.com,Female,United States
929,Ruby,Reyes,rreyesps@boston.com,Female,Canada
930,Cheryl,Ellis,cellispt@yandex.ru,Female,Canada
931,Walter,Palmer,wpalmerpu@businesswire.com,Male,Canada
932,Ralph,Williamson,rwilliamsonpv@surveymonkey.com,Male,Canada
933,Melissa,Rogers,mrogerspw@shareasale.com,Female,United States
934,Jean,Stone,jstonepx@epa.gov,Female,Canada
935,Marie,Fuller,,Female,Mexico
936,Diana,White,dwhitepz@hibu.com,Female,United States
937,Louise,Sanders,lsandersq0@va.gov,Female,United States
938,Deborah,Grant,dgrantq1@seattletimes.com,Female,Mexico
939,Mark,Watson,mwatsonq2@yellowpages.com,Male,Canada
940,Joshua,Taylor,jtaylorq3@canalblog.com,Male,Mexico
941,Kathy,Davis,kdavisq4@imgur.com,Female,Canada
942,Emily,Gomez,egomezq5@bing.com,Female,United States
943,Phyllis,Hamilton,phamiltonq6@elpais.com,Female,United States
944,Raymond,Diaz,rdiazq7@1und1.de,Male,Mexico
945,Eugene,Mccoy,emccoyq8@skype.com,Male,Canada
946,Helen,Gonzales,hgonzalesq9@soundcloud.com,Female,United States
947,Helen,Stephens,hstephensqa@blog.com,Female,United States
948,Thomas,Perry,tperryqb@yale.edu,Male,United States
949,Patricia,Gonzalez,pgonzalezqc@psu.edu,Female,Canada
950,Kathleen,Powell,kpowellqd@indiegogo.com,Female,Mexico
951,Russell,Oliver,roliverqe@mlb.com,Male,United States
952,Jose,Reyes,jreyesqf@cnbc.com,Male,United States
953,Linda,Hamilton,lhamiltonqg@reuters.com,Female,Mexico
954,Amy,Parker,aparkerqh@europa.eu,Female,Canada
955,Alan,Williams,awilliamsqi@google.es,Male,Mexico
956,Bonnie,Cole,bcoleqj@wisc.edu,Female,Canada
957,Carol,Lawrence,clawrenceqk@ycombinator.com,Female,United States
958,Larry,Richardson,lrichardsonql@tmall.com,Male,United States
959,Angela,Wilson,awilsonqm@home.pl,Female,United States
960,Brian,Kelly,bkellyqn@cargocollective.com,Male,Canada
961,Helen,West,hwestqo@ustream.tv,Female,United States
962,Jesse,Bailey,jbaileyqp@state.gov,Male,Canada
963,Keith,Ward,kwardqq@dedecms.com,Male,United States
964,Henry,Lawrence,hlawrenceqr@seesaa.net,Male,United States
965,Albert,Howard,ahowardqs@rediff.com,Male,United States
966,Todd,Davis,tdavisqt@dedecms.com,Male,Mexico
967,Andrew,Evans,aevansqu@meetup.com,Male,United States
968,Michelle,Palmer,mpalmerqv@marriott.com,Female,United States
969,Brandon,Knight,bknightqw@jiathis.com,Male,Mexico
970,Charles,Harrison,charrisonqx@usgs.gov,Male,United States
971,Charles,Hanson,chansonqy@loc.gov,Male,United States
972,Russell,Mcdonald,,Male,United States
973,Kathy,Garza,kgarzar0@prweb.com,Female,Canada
974,Craig,Rodriguez,crodriguezr1@tumblr.com,Male,United States
975,Ronald,Russell,rrussellr2@github.com,Male,Mexico
976,Henry,Scott,hscottr3@blogs.com,Male,Mexico
977,Nancy,Peters,npetersr4@amazon.com,Female,United States
978,Charles,Kelly,ckellyr5@wufoo.com,Male,United States
979,Gary,Day,gdayr6@ocn.ne.jp,Male,Mexico
980,Christine,Garrett,cgarrettr7@bloomberg.com,Female,Mexico
981,Matthew,Garrett,mgarrettr8@friendfeed.com,Male,Mexico
982,Beverly,Burns,bburnsr9@theglobeandmail.com,Female,Canada
983,Jimmy,Jackson,jjacksonra@mapy.cz,Male,Mexico
984,Mark,Snyder,msnyderrb@umich.edu,Male,Canada
985,Frank,Robertson,frobertsonrc@domainmarket.com,Male,Canada
986,Jeffrey,Bradley,jbradleyrd@senate.gov,Male,Mexico
987,Gloria,Howard,ghowardre@jalbum.net,Female,United States
988,Jason,Ramirez,jramirezrf@go.com,Male,Canada
989,Kelly,Watkins,kwatkinsrg@nih.gov,Female,Canada
990,Jerry,Moreno,jmorenorh@comcast.net,Male,Canada
991,Linda,Parker,lparkerri@360.cn,Female,Canada
992,Alice,Green,agreenrj@yellowpages.com,Female,Mexico
993,Roy,Shaw,rshawrk@dmoz.org,Male,Canada
994,Chris,Shaw,cshawrl@dmoz.org,Male,Canada
995,Samuel,Scott,sscottrm@comsenz.com,Male,Mexico
996,Keith,Clark,kclarkrn@google.it,Male,United States
997,Donald,Robinson,drobinsonro@ifeng.com,Male,United States
998,Angela,Cunningham,acunninghamrp@t-online.de,Female,Canada
999,Kelly,Grant,kgrantrq@yolasite.com,Female,Canada
1000,Gerald,Dixon,gdixonrr@behance.net,Male,United States
